ISO-10303-21;
HEADER;
/* Generated by software containing ST-Developer
 * from STEP Tools, Inc. (www.steptools.com) 
 */

FILE_DESCRIPTION(
/* description */ (''),
/* implementation_level */ '2;1');

FILE_NAME(
/* name */ 'WEM Enclosure Back v7.step',
/* time_stamp */ '2026-08-09T15:19:22+01:00',
/* author */ (''),
/* organization */ (''),
/* preprocessor_version */ 'ST-DEVELOPER v20.1',
/* originating_system */ 'Autodesk Translation Framework v15.8.0.0',
/* authorisation */ '');

FILE_SCHEMA (('AUTOMOTIVE_DESIGN { 1 0 10303 214 3 1 1 }'));
ENDSEC;

DATA;
#10=MECHANICAL_DESIGN_GEOMETRIC_PRESENTATION_REPRESENTATION('',(#13),#13965);
#11=SHAPE_REPRESENTATION_RELATIONSHIP('SRR','None',#13972,#12);
#12=ADVANCED_BREP_SHAPE_REPRESENTATION('',(#14),#13964);
#13=STYLED_ITEM('',(#13981),#14);
#14=MANIFOLD_SOLID_BREP('Body10',#9017);
#15=FACE_BOUND('',#1101,.T.);
#16=FACE_BOUND('',#1104,.T.);
#17=FACE_BOUND('',#1107,.T.);
#18=FACE_BOUND('',#1110,.T.);
#19=FACE_BOUND('',#1115,.T.);
#20=FACE_BOUND('',#1120,.T.);
#21=FACE_BOUND('',#1125,.T.);
#22=FACE_BOUND('',#1130,.T.);
#23=FACE_BOUND('',#1518,.T.);
#24=FACE_BOUND('',#1519,.T.);
#25=FACE_BOUND('',#1520,.T.);
#26=FACE_BOUND('',#1521,.T.);
#27=FACE_BOUND('',#1522,.T.);
#28=FACE_BOUND('',#1523,.T.);
#29=FACE_BOUND('',#1524,.T.);
#30=FACE_BOUND('',#1525,.T.);
#31=FACE_BOUND('',#1526,.T.);
#32=FACE_BOUND('',#1527,.T.);
#33=FACE_BOUND('',#1528,.T.);
#34=FACE_BOUND('',#1529,.T.);
#35=FACE_BOUND('',#1530,.T.);
#36=FACE_BOUND('',#1531,.T.);
#37=FACE_BOUND('',#1532,.T.);
#38=FACE_BOUND('',#1533,.T.);
#39=FACE_BOUND('',#1534,.T.);
#40=FACE_BOUND('',#1535,.T.);
#41=FACE_BOUND('',#1536,.T.);
#42=FACE_BOUND('',#1537,.T.);
#43=FACE_BOUND('',#1538,.T.);
#44=FACE_BOUND('',#1539,.T.);
#45=FACE_BOUND('',#1540,.T.);
#46=FACE_BOUND('',#1541,.T.);
#47=FACE_BOUND('',#1542,.T.);
#48=FACE_BOUND('',#1543,.T.);
#49=FACE_BOUND('',#1544,.T.);
#50=FACE_BOUND('',#1545,.T.);
#51=FACE_BOUND('',#1546,.T.);
#52=FACE_BOUND('',#1547,.T.);
#53=FACE_BOUND('',#1548,.T.);
#54=FACE_BOUND('',#1549,.T.);
#55=FACE_BOUND('',#1550,.T.);
#56=FACE_BOUND('',#1551,.T.);
#57=FACE_BOUND('',#1552,.T.);
#58=FACE_BOUND('',#1553,.T.);
#59=FACE_BOUND('',#1554,.T.);
#60=FACE_BOUND('',#1555,.T.);
#61=FACE_BOUND('',#1556,.T.);
#62=FACE_BOUND('',#1557,.T.);
#63=FACE_BOUND('',#1558,.T.);
#64=FACE_BOUND('',#1559,.T.);
#65=FACE_BOUND('',#1560,.T.);
#66=FACE_BOUND('',#1561,.T.);
#67=FACE_BOUND('',#1562,.T.);
#68=FACE_BOUND('',#1563,.T.);
#69=FACE_BOUND('',#1564,.T.);
#70=FACE_BOUND('',#1565,.T.);
#71=FACE_BOUND('',#1566,.T.);
#72=FACE_BOUND('',#1567,.T.);
#73=FACE_BOUND('',#1568,.T.);
#74=FACE_BOUND('',#1569,.T.);
#75=FACE_BOUND('',#1570,.T.);
#76=FACE_BOUND('',#1571,.T.);
#77=FACE_BOUND('',#1572,.T.);
#78=FACE_BOUND('',#1573,.T.);
#79=FACE_BOUND('',#1574,.T.);
#80=FACE_BOUND('',#1575,.T.);
#81=FACE_BOUND('',#1576,.T.);
#82=FACE_BOUND('',#1577,.T.);
#83=FACE_BOUND('',#1578,.T.);
#84=FACE_BOUND('',#1579,.T.);
#85=FACE_BOUND('',#1580,.T.);
#86=FACE_BOUND('',#1581,.T.);
#87=FACE_BOUND('',#1582,.T.);
#88=FACE_BOUND('',#1583,.T.);
#89=FACE_BOUND('',#1584,.T.);
#90=FACE_BOUND('',#1585,.T.);
#91=FACE_BOUND('',#1586,.T.);
#92=FACE_BOUND('',#1587,.T.);
#93=FACE_BOUND('',#1588,.T.);
#94=FACE_BOUND('',#1589,.T.);
#95=FACE_BOUND('',#1590,.T.);
#96=FACE_BOUND('',#1591,.T.);
#97=FACE_BOUND('',#1592,.T.);
#98=FACE_BOUND('',#1593,.T.);
#99=FACE_BOUND('',#1594,.T.);
#100=FACE_BOUND('',#1595,.T.);
#101=FACE_BOUND('',#1596,.T.);
#102=FACE_BOUND('',#1597,.T.);
#103=FACE_BOUND('',#1598,.T.);
#104=FACE_BOUND('',#1599,.T.);
#105=FACE_BOUND('',#1600,.T.);
#106=FACE_BOUND('',#1601,.T.);
#107=FACE_BOUND('',#1602,.T.);
#108=FACE_BOUND('',#1603,.T.);
#109=FACE_BOUND('',#1604,.T.);
#110=FACE_BOUND('',#1605,.T.);
#111=FACE_BOUND('',#1606,.T.);
#112=FACE_BOUND('',#1607,.T.);
#113=FACE_BOUND('',#1608,.T.);
#114=FACE_BOUND('',#1609,.T.);
#115=FACE_BOUND('',#1610,.T.);
#116=FACE_BOUND('',#1611,.T.);
#117=FACE_BOUND('',#1612,.T.);
#118=FACE_BOUND('',#1613,.T.);
#119=FACE_BOUND('',#1614,.T.);
#120=FACE_BOUND('',#1615,.T.);
#121=FACE_BOUND('',#1616,.T.);
#122=FACE_BOUND('',#1617,.T.);
#123=FACE_BOUND('',#1618,.T.);
#124=FACE_BOUND('',#1619,.T.);
#125=FACE_BOUND('',#1620,.T.);
#126=FACE_BOUND('',#1621,.T.);
#127=FACE_BOUND('',#1622,.T.);
#128=FACE_BOUND('',#1623,.T.);
#129=FACE_BOUND('',#1624,.T.);
#130=FACE_BOUND('',#1625,.T.);
#131=FACE_BOUND('',#1626,.T.);
#132=FACE_BOUND('',#1627,.T.);
#133=FACE_BOUND('',#1628,.T.);
#134=FACE_BOUND('',#1629,.T.);
#135=FACE_BOUND('',#1630,.T.);
#136=FACE_BOUND('',#1631,.T.);
#137=FACE_BOUND('',#1632,.T.);
#138=FACE_BOUND('',#1633,.T.);
#139=FACE_BOUND('',#1634,.T.);
#140=FACE_BOUND('',#1635,.T.);
#141=FACE_BOUND('',#1636,.T.);
#142=FACE_BOUND('',#1637,.T.);
#143=FACE_BOUND('',#1638,.T.);
#144=FACE_BOUND('',#1639,.T.);
#145=FACE_BOUND('',#1640,.T.);
#146=FACE_BOUND('',#1641,.T.);
#147=FACE_BOUND('',#1642,.T.);
#148=FACE_BOUND('',#1643,.T.);
#149=FACE_BOUND('',#1644,.T.);
#150=FACE_BOUND('',#1645,.T.);
#151=FACE_BOUND('',#1646,.T.);
#152=FACE_BOUND('',#1647,.T.);
#153=FACE_BOUND('',#1648,.T.);
#154=FACE_BOUND('',#1649,.T.);
#155=FACE_BOUND('',#1650,.T.);
#156=FACE_BOUND('',#1651,.T.);
#157=FACE_BOUND('',#1653,.T.);
#158=FACE_BOUND('',#1654,.T.);
#159=FACE_BOUND('',#1655,.T.);
#160=FACE_BOUND('',#1656,.T.);
#161=FACE_BOUND('',#1657,.T.);
#162=FACE_BOUND('',#1658,.T.);
#163=FACE_BOUND('',#1659,.T.);
#164=FACE_BOUND('',#1660,.T.);
#165=FACE_BOUND('',#1661,.T.);
#166=FACE_BOUND('',#1662,.T.);
#167=FACE_BOUND('',#1663,.T.);
#168=FACE_BOUND('',#1664,.T.);
#169=FACE_BOUND('',#1665,.T.);
#170=FACE_BOUND('',#1666,.T.);
#171=FACE_BOUND('',#1667,.T.);
#172=FACE_BOUND('',#1668,.T.);
#173=FACE_BOUND('',#1669,.T.);
#174=FACE_BOUND('',#1670,.T.);
#175=FACE_BOUND('',#1671,.T.);
#176=FACE_BOUND('',#1672,.T.);
#177=FACE_BOUND('',#1673,.T.);
#178=FACE_BOUND('',#1674,.T.);
#179=FACE_BOUND('',#1675,.T.);
#180=FACE_BOUND('',#1676,.T.);
#181=FACE_BOUND('',#1677,.T.);
#182=FACE_BOUND('',#1678,.T.);
#183=FACE_BOUND('',#1679,.T.);
#184=FACE_BOUND('',#1680,.T.);
#185=FACE_BOUND('',#1681,.T.);
#186=FACE_BOUND('',#1682,.T.);
#187=FACE_BOUND('',#1683,.T.);
#188=FACE_BOUND('',#1684,.T.);
#189=FACE_BOUND('',#1685,.T.);
#190=FACE_BOUND('',#1686,.T.);
#191=FACE_BOUND('',#1687,.T.);
#192=FACE_BOUND('',#1688,.T.);
#193=FACE_BOUND('',#1689,.T.);
#194=FACE_BOUND('',#1690,.T.);
#195=FACE_BOUND('',#1691,.T.);
#196=FACE_BOUND('',#1692,.T.);
#197=FACE_BOUND('',#1693,.T.);
#198=FACE_BOUND('',#1694,.T.);
#199=FACE_BOUND('',#1695,.T.);
#200=FACE_BOUND('',#1696,.T.);
#201=FACE_BOUND('',#1697,.T.);
#202=FACE_BOUND('',#1698,.T.);
#203=FACE_BOUND('',#1699,.T.);
#204=FACE_BOUND('',#1700,.T.);
#205=FACE_BOUND('',#1701,.T.);
#206=FACE_BOUND('',#1702,.T.);
#207=FACE_BOUND('',#1703,.T.);
#208=FACE_BOUND('',#1704,.T.);
#209=FACE_BOUND('',#1705,.T.);
#210=FACE_BOUND('',#1706,.T.);
#211=FACE_BOUND('',#1707,.T.);
#212=FACE_BOUND('',#1708,.T.);
#213=FACE_BOUND('',#1709,.T.);
#214=FACE_BOUND('',#1710,.T.);
#215=FACE_BOUND('',#1711,.T.);
#216=FACE_BOUND('',#1712,.T.);
#217=FACE_BOUND('',#1713,.T.);
#218=FACE_BOUND('',#1714,.T.);
#219=FACE_BOUND('',#1715,.T.);
#220=FACE_BOUND('',#1716,.T.);
#221=FACE_BOUND('',#1717,.T.);
#222=FACE_BOUND('',#1718,.T.);
#223=FACE_BOUND('',#1719,.T.);
#224=FACE_BOUND('',#1720,.T.);
#225=FACE_BOUND('',#1721,.T.);
#226=FACE_BOUND('',#1722,.T.);
#227=FACE_BOUND('',#1723,.T.);
#228=FACE_BOUND('',#1724,.T.);
#229=FACE_BOUND('',#1725,.T.);
#230=FACE_BOUND('',#1726,.T.);
#231=FACE_BOUND('',#1727,.T.);
#232=FACE_BOUND('',#1728,.T.);
#233=FACE_BOUND('',#1729,.T.);
#234=FACE_BOUND('',#1730,.T.);
#235=FACE_BOUND('',#1731,.T.);
#236=FACE_BOUND('',#1732,.T.);
#237=FACE_BOUND('',#1733,.T.);
#238=FACE_BOUND('',#1734,.T.);
#239=FACE_BOUND('',#1735,.T.);
#240=FACE_BOUND('',#1736,.T.);
#241=FACE_BOUND('',#1737,.T.);
#242=FACE_BOUND('',#1738,.T.);
#243=FACE_BOUND('',#1739,.T.);
#244=FACE_BOUND('',#1740,.T.);
#245=FACE_BOUND('',#1741,.T.);
#246=FACE_BOUND('',#1742,.T.);
#247=FACE_BOUND('',#1743,.T.);
#248=FACE_BOUND('',#1744,.T.);
#249=FACE_BOUND('',#1745,.T.);
#250=FACE_BOUND('',#1746,.T.);
#251=FACE_BOUND('',#1747,.T.);
#252=FACE_BOUND('',#1748,.T.);
#253=FACE_BOUND('',#1749,.T.);
#254=FACE_BOUND('',#1750,.T.);
#255=FACE_BOUND('',#1751,.T.);
#256=FACE_BOUND('',#1752,.T.);
#257=FACE_BOUND('',#1753,.T.);
#258=FACE_BOUND('',#1754,.T.);
#259=FACE_BOUND('',#1755,.T.);
#260=FACE_BOUND('',#1756,.T.);
#261=FACE_BOUND('',#1757,.T.);
#262=FACE_BOUND('',#1758,.T.);
#263=FACE_BOUND('',#1759,.T.);
#264=FACE_BOUND('',#1760,.T.);
#265=FACE_BOUND('',#1761,.T.);
#266=FACE_BOUND('',#1762,.T.);
#267=FACE_BOUND('',#1763,.T.);
#268=FACE_BOUND('',#1764,.T.);
#269=FACE_BOUND('',#1765,.T.);
#270=FACE_BOUND('',#1766,.T.);
#271=FACE_BOUND('',#1767,.T.);
#272=FACE_BOUND('',#1768,.T.);
#273=FACE_BOUND('',#1769,.T.);
#274=FACE_BOUND('',#1770,.T.);
#275=FACE_BOUND('',#1771,.T.);
#276=FACE_BOUND('',#1772,.T.);
#277=FACE_BOUND('',#1773,.T.);
#278=FACE_BOUND('',#1774,.T.);
#279=FACE_BOUND('',#1775,.T.);
#280=FACE_BOUND('',#1776,.T.);
#281=FACE_BOUND('',#1777,.T.);
#282=FACE_BOUND('',#1778,.T.);
#283=FACE_BOUND('',#1779,.T.);
#284=FACE_BOUND('',#1780,.T.);
#285=FACE_BOUND('',#1781,.T.);
#286=FACE_BOUND('',#1782,.T.);
#287=FACE_BOUND('',#1783,.T.);
#288=FACE_BOUND('',#1784,.T.);
#289=FACE_BOUND('',#1785,.T.);
#290=FACE_BOUND('',#1786,.T.);
#291=PLANE('',#9034);
#292=PLANE('',#9039);
#293=PLANE('',#9044);
#294=PLANE('',#9049);
#295=PLANE('',#9056);
#296=PLANE('',#9057);
#297=PLANE('',#9063);
#298=PLANE('',#9064);
#299=PLANE('',#9065);
#300=PLANE('',#9071);
#301=PLANE('',#9072);
#302=PLANE('',#9078);
#303=PLANE('',#9079);
#304=PLANE('',#9080);
#305=PLANE('',#9081);
#306=PLANE('',#9085);
#307=PLANE('',#9086);
#308=PLANE('',#9087);
#309=PLANE('',#9088);
#310=PLANE('',#9089);
#311=PLANE('',#9090);
#312=PLANE('',#9091);
#313=PLANE('',#9092);
#314=PLANE('',#9093);
#315=PLANE('',#9094);
#316=PLANE('',#9095);
#317=PLANE('',#9096);
#318=PLANE('',#9097);
#319=PLANE('',#9098);
#320=PLANE('',#9099);
#321=PLANE('',#9100);
#322=PLANE('',#9101);
#323=PLANE('',#9102);
#324=PLANE('',#9103);
#325=PLANE('',#9104);
#326=PLANE('',#9105);
#327=PLANE('',#9106);
#328=PLANE('',#9107);
#329=PLANE('',#9108);
#330=PLANE('',#9109);
#331=PLANE('',#9110);
#332=PLANE('',#9111);
#333=PLANE('',#9112);
#334=PLANE('',#9113);
#335=PLANE('',#9114);
#336=PLANE('',#9115);
#337=PLANE('',#9116);
#338=PLANE('',#9117);
#339=PLANE('',#9118);
#340=PLANE('',#9119);
#341=PLANE('',#9120);
#342=PLANE('',#9121);
#343=PLANE('',#9122);
#344=PLANE('',#9123);
#345=PLANE('',#9127);
#346=PLANE('',#9128);
#347=PLANE('',#9129);
#348=PLANE('',#9130);
#349=PLANE('',#9131);
#350=PLANE('',#9132);
#351=PLANE('',#9133);
#352=PLANE('',#9134);
#353=PLANE('',#9135);
#354=PLANE('',#9136);
#355=PLANE('',#9137);
#356=PLANE('',#9138);
#357=PLANE('',#9139);
#358=PLANE('',#9140);
#359=PLANE('',#9141);
#360=PLANE('',#9142);
#361=PLANE('',#9143);
#362=PLANE('',#9144);
#363=PLANE('',#9145);
#364=PLANE('',#9146);
#365=PLANE('',#9147);
#366=PLANE('',#9148);
#367=PLANE('',#9149);
#368=PLANE('',#9150);
#369=PLANE('',#9151);
#370=PLANE('',#9152);
#371=PLANE('',#9153);
#372=PLANE('',#9154);
#373=PLANE('',#9155);
#374=PLANE('',#9156);
#375=PLANE('',#9157);
#376=PLANE('',#9158);
#377=PLANE('',#9159);
#378=PLANE('',#9160);
#379=PLANE('',#9161);
#380=PLANE('',#9162);
#381=PLANE('',#9163);
#382=PLANE('',#9164);
#383=PLANE('',#9165);
#384=PLANE('',#9166);
#385=PLANE('',#9167);
#386=PLANE('',#9168);
#387=PLANE('',#9169);
#388=PLANE('',#9170);
#389=PLANE('',#9171);
#390=PLANE('',#9172);
#391=PLANE('',#9173);
#392=PLANE('',#9174);
#393=PLANE('',#9175);
#394=PLANE('',#9176);
#395=PLANE('',#9177);
#396=PLANE('',#9178);
#397=PLANE('',#9179);
#398=PLANE('',#9180);
#399=PLANE('',#9181);
#400=PLANE('',#9182);
#401=PLANE('',#9183);
#402=PLANE('',#9184);
#403=PLANE('',#9185);
#404=PLANE('',#9186);
#405=PLANE('',#9187);
#406=PLANE('',#9188);
#407=PLANE('',#9189);
#408=PLANE('',#9190);
#409=PLANE('',#9191);
#410=PLANE('',#9192);
#411=PLANE('',#9193);
#412=PLANE('',#9194);
#413=PLANE('',#9195);
#414=PLANE('',#9196);
#415=PLANE('',#9197);
#416=PLANE('',#9198);
#417=PLANE('',#9199);
#418=PLANE('',#9200);
#419=PLANE('',#9201);
#420=PLANE('',#9202);
#421=PLANE('',#9203);
#422=PLANE('',#9204);
#423=PLANE('',#9205);
#424=PLANE('',#9206);
#425=PLANE('',#9207);
#426=PLANE('',#9208);
#427=PLANE('',#9209);
#428=PLANE('',#9210);
#429=PLANE('',#9211);
#430=PLANE('',#9212);
#431=PLANE('',#9213);
#432=PLANE('',#9214);
#433=PLANE('',#9215);
#434=PLANE('',#9216);
#435=PLANE('',#9217);
#436=PLANE('',#9218);
#437=PLANE('',#9219);
#438=PLANE('',#9220);
#439=PLANE('',#9221);
#440=PLANE('',#9222);
#441=PLANE('',#9223);
#442=PLANE('',#9224);
#443=PLANE('',#9225);
#444=PLANE('',#9226);
#445=PLANE('',#9227);
#446=PLANE('',#9228);
#447=PLANE('',#9229);
#448=PLANE('',#9230);
#449=PLANE('',#9231);
#450=PLANE('',#9232);
#451=PLANE('',#9233);
#452=PLANE('',#9234);
#453=PLANE('',#9235);
#454=PLANE('',#9236);
#455=PLANE('',#9237);
#456=PLANE('',#9238);
#457=PLANE('',#9239);
#458=PLANE('',#9240);
#459=PLANE('',#9241);
#460=PLANE('',#9242);
#461=PLANE('',#9243);
#462=PLANE('',#9244);
#463=PLANE('',#9245);
#464=PLANE('',#9246);
#465=PLANE('',#9247);
#466=PLANE('',#9248);
#467=PLANE('',#9249);
#468=PLANE('',#9250);
#469=PLANE('',#9251);
#470=PLANE('',#9252);
#471=PLANE('',#9253);
#472=PLANE('',#9254);
#473=PLANE('',#9255);
#474=PLANE('',#9256);
#475=PLANE('',#9257);
#476=PLANE('',#9258);
#477=PLANE('',#9259);
#478=PLANE('',#9260);
#479=PLANE('',#9261);
#480=PLANE('',#9262);
#481=PLANE('',#9263);
#482=PLANE('',#9264);
#483=PLANE('',#9265);
#484=PLANE('',#9266);
#485=PLANE('',#9267);
#486=PLANE('',#9268);
#487=PLANE('',#9269);
#488=PLANE('',#9270);
#489=PLANE('',#9271);
#490=PLANE('',#9272);
#491=PLANE('',#9273);
#492=PLANE('',#9274);
#493=PLANE('',#9275);
#494=PLANE('',#9276);
#495=PLANE('',#9277);
#496=PLANE('',#9278);
#497=PLANE('',#9279);
#498=PLANE('',#9280);
#499=PLANE('',#9281);
#500=PLANE('',#9282);
#501=PLANE('',#9286);
#502=PLANE('',#9287);
#503=PLANE('',#9288);
#504=PLANE('',#9289);
#505=PLANE('',#9290);
#506=PLANE('',#9291);
#507=PLANE('',#9292);
#508=PLANE('',#9293);
#509=PLANE('',#9294);
#510=PLANE('',#9295);
#511=PLANE('',#9296);
#512=PLANE('',#9297);
#513=PLANE('',#9298);
#514=PLANE('',#9299);
#515=PLANE('',#9300);
#516=PLANE('',#9301);
#517=PLANE('',#9302);
#518=PLANE('',#9303);
#519=PLANE('',#9304);
#520=PLANE('',#9305);
#521=PLANE('',#9306);
#522=PLANE('',#9307);
#523=PLANE('',#9308);
#524=PLANE('',#9309);
#525=PLANE('',#9310);
#526=PLANE('',#9311);
#527=PLANE('',#9312);
#528=PLANE('',#9313);
#529=PLANE('',#9314);
#530=PLANE('',#9315);
#531=PLANE('',#9316);
#532=PLANE('',#9317);
#533=PLANE('',#9318);
#534=PLANE('',#9319);
#535=PLANE('',#9320);
#536=PLANE('',#9321);
#537=PLANE('',#9322);
#538=PLANE('',#9323);
#539=PLANE('',#9324);
#540=PLANE('',#9325);
#541=PLANE('',#9326);
#542=PLANE('',#9327);
#543=PLANE('',#9328);
#544=PLANE('',#9329);
#545=PLANE('',#9330);
#546=PLANE('',#9331);
#547=PLANE('',#9332);
#548=PLANE('',#9333);
#549=PLANE('',#9334);
#550=PLANE('',#9335);
#551=PLANE('',#9336);
#552=PLANE('',#9337);
#553=PLANE('',#9338);
#554=PLANE('',#9339);
#555=PLANE('',#9340);
#556=PLANE('',#9341);
#557=PLANE('',#9342);
#558=PLANE('',#9343);
#559=PLANE('',#9344);
#560=PLANE('',#9345);
#561=PLANE('',#9346);
#562=PLANE('',#9347);
#563=PLANE('',#9348);
#564=PLANE('',#9349);
#565=PLANE('',#9350);
#566=PLANE('',#9351);
#567=PLANE('',#9352);
#568=PLANE('',#9353);
#569=PLANE('',#9354);
#570=PLANE('',#9355);
#571=PLANE('',#9356);
#572=PLANE('',#9357);
#573=PLANE('',#9358);
#574=PLANE('',#9359);
#575=PLANE('',#9360);
#576=PLANE('',#9361);
#577=PLANE('',#9362);
#578=PLANE('',#9363);
#579=PLANE('',#9364);
#580=PLANE('',#9365);
#581=PLANE('',#9366);
#582=PLANE('',#9367);
#583=PLANE('',#9368);
#584=PLANE('',#9369);
#585=PLANE('',#9370);
#586=PLANE('',#9371);
#587=PLANE('',#9372);
#588=PLANE('',#9373);
#589=PLANE('',#9374);
#590=PLANE('',#9375);
#591=PLANE('',#9376);
#592=PLANE('',#9377);
#593=PLANE('',#9378);
#594=PLANE('',#9379);
#595=PLANE('',#9380);
#596=PLANE('',#9381);
#597=PLANE('',#9382);
#598=PLANE('',#9383);
#599=PLANE('',#9384);
#600=PLANE('',#9385);
#601=PLANE('',#9386);
#602=PLANE('',#9387);
#603=PLANE('',#9388);
#604=PLANE('',#9389);
#605=PLANE('',#9390);
#606=PLANE('',#9391);
#607=PLANE('',#9392);
#608=PLANE('',#9393);
#609=PLANE('',#9394);
#610=PLANE('',#9395);
#611=PLANE('',#9396);
#612=PLANE('',#9397);
#613=PLANE('',#9398);
#614=PLANE('',#9399);
#615=PLANE('',#9400);
#616=PLANE('',#9401);
#617=PLANE('',#9402);
#618=PLANE('',#9403);
#619=PLANE('',#9404);
#620=PLANE('',#9405);
#621=PLANE('',#9406);
#622=PLANE('',#9407);
#623=PLANE('',#9408);
#624=PLANE('',#9409);
#625=PLANE('',#9410);
#626=PLANE('',#9411);
#627=PLANE('',#9412);
#628=PLANE('',#9413);
#629=PLANE('',#9414);
#630=PLANE('',#9415);
#631=PLANE('',#9416);
#632=PLANE('',#9417);
#633=PLANE('',#9418);
#634=PLANE('',#9419);
#635=PLANE('',#9420);
#636=PLANE('',#9421);
#637=PLANE('',#9422);
#638=PLANE('',#9423);
#639=PLANE('',#9424);
#640=PLANE('',#9425);
#641=PLANE('',#9426);
#642=PLANE('',#9427);
#643=PLANE('',#9428);
#644=PLANE('',#9429);
#645=PLANE('',#9430);
#646=PLANE('',#9431);
#647=PLANE('',#9432);
#648=PLANE('',#9433);
#649=PLANE('',#9434);
#650=PLANE('',#9435);
#651=PLANE('',#9436);
#652=PLANE('',#9437);
#653=PLANE('',#9438);
#654=PLANE('',#9442);
#655=PLANE('',#9443);
#656=PLANE('',#9444);
#657=PLANE('',#9445);
#658=PLANE('',#9446);
#659=PLANE('',#9447);
#660=PLANE('',#9448);
#661=PLANE('',#9449);
#662=PLANE('',#9450);
#663=PLANE('',#9451);
#664=PLANE('',#9452);
#665=PLANE('',#9453);
#666=PLANE('',#9454);
#667=PLANE('',#9455);
#668=PLANE('',#9456);
#669=PLANE('',#9457);
#670=PLANE('',#9458);
#671=PLANE('',#9459);
#672=PLANE('',#9460);
#673=PLANE('',#9461);
#674=PLANE('',#9462);
#675=PLANE('',#9463);
#676=PLANE('',#9464);
#677=PLANE('',#9465);
#678=PLANE('',#9466);
#679=PLANE('',#9467);
#680=PLANE('',#9468);
#681=PLANE('',#9469);
#682=PLANE('',#9470);
#683=PLANE('',#9471);
#684=PLANE('',#9472);
#685=PLANE('',#9473);
#686=PLANE('',#9474);
#687=FACE_OUTER_BOUND('',#1099,.T.);
#688=FACE_OUTER_BOUND('',#1100,.T.);
#689=FACE_OUTER_BOUND('',#1102,.T.);
#690=FACE_OUTER_BOUND('',#1103,.T.);
#691=FACE_OUTER_BOUND('',#1105,.T.);
#692=FACE_OUTER_BOUND('',#1106,.T.);
#693=FACE_OUTER_BOUND('',#1108,.T.);
#694=FACE_OUTER_BOUND('',#1109,.T.);
#695=FACE_OUTER_BOUND('',#1111,.T.);
#696=FACE_OUTER_BOUND('',#1112,.T.);
#697=FACE_OUTER_BOUND('',#1113,.T.);
#698=FACE_OUTER_BOUND('',#1114,.T.);
#699=FACE_OUTER_BOUND('',#1116,.T.);
#700=FACE_OUTER_BOUND('',#1117,.T.);
#701=FACE_OUTER_BOUND('',#1118,.T.);
#702=FACE_OUTER_BOUND('',#1119,.T.);
#703=FACE_OUTER_BOUND('',#1121,.T.);
#704=FACE_OUTER_BOUND('',#1122,.T.);
#705=FACE_OUTER_BOUND('',#1123,.T.);
#706=FACE_OUTER_BOUND('',#1124,.T.);
#707=FACE_OUTER_BOUND('',#1126,.T.);
#708=FACE_OUTER_BOUND('',#1127,.T.);
#709=FACE_OUTER_BOUND('',#1128,.T.);
#710=FACE_OUTER_BOUND('',#1129,.T.);
#711=FACE_OUTER_BOUND('',#1131,.T.);
#712=FACE_OUTER_BOUND('',#1132,.T.);
#713=FACE_OUTER_BOUND('',#1133,.T.);
#714=FACE_OUTER_BOUND('',#1134,.T.);
#715=FACE_OUTER_BOUND('',#1135,.T.);
#716=FACE_OUTER_BOUND('',#1136,.T.);
#717=FACE_OUTER_BOUND('',#1137,.T.);
#718=FACE_OUTER_BOUND('',#1138,.T.);
#719=FACE_OUTER_BOUND('',#1139,.T.);
#720=FACE_OUTER_BOUND('',#1140,.T.);
#721=FACE_OUTER_BOUND('',#1141,.T.);
#722=FACE_OUTER_BOUND('',#1142,.T.);
#723=FACE_OUTER_BOUND('',#1143,.T.);
#724=FACE_OUTER_BOUND('',#1144,.T.);
#725=FACE_OUTER_BOUND('',#1145,.T.);
#726=FACE_OUTER_BOUND('',#1146,.T.);
#727=FACE_OUTER_BOUND('',#1147,.T.);
#728=FACE_OUTER_BOUND('',#1148,.T.);
#729=FACE_OUTER_BOUND('',#1149,.T.);
#730=FACE_OUTER_BOUND('',#1150,.T.);
#731=FACE_OUTER_BOUND('',#1151,.T.);
#732=FACE_OUTER_BOUND('',#1152,.T.);
#733=FACE_OUTER_BOUND('',#1153,.T.);
#734=FACE_OUTER_BOUND('',#1154,.T.);
#735=FACE_OUTER_BOUND('',#1155,.T.);
#736=FACE_OUTER_BOUND('',#1156,.T.);
#737=FACE_OUTER_BOUND('',#1157,.T.);
#738=FACE_OUTER_BOUND('',#1158,.T.);
#739=FACE_OUTER_BOUND('',#1159,.T.);
#740=FACE_OUTER_BOUND('',#1160,.T.);
#741=FACE_OUTER_BOUND('',#1161,.T.);
#742=FACE_OUTER_BOUND('',#1162,.T.);
#743=FACE_OUTER_BOUND('',#1163,.T.);
#744=FACE_OUTER_BOUND('',#1164,.T.);
#745=FACE_OUTER_BOUND('',#1165,.T.);
#746=FACE_OUTER_BOUND('',#1166,.T.);
#747=FACE_OUTER_BOUND('',#1167,.T.);
#748=FACE_OUTER_BOUND('',#1168,.T.);
#749=FACE_OUTER_BOUND('',#1169,.T.);
#750=FACE_OUTER_BOUND('',#1170,.T.);
#751=FACE_OUTER_BOUND('',#1171,.T.);
#752=FACE_OUTER_BOUND('',#1172,.T.);
#753=FACE_OUTER_BOUND('',#1173,.T.);
#754=FACE_OUTER_BOUND('',#1174,.T.);
#755=FACE_OUTER_BOUND('',#1175,.T.);
#756=FACE_OUTER_BOUND('',#1176,.T.);
#757=FACE_OUTER_BOUND('',#1177,.T.);
#758=FACE_OUTER_BOUND('',#1178,.T.);
#759=FACE_OUTER_BOUND('',#1179,.T.);
#760=FACE_OUTER_BOUND('',#1180,.T.);
#761=FACE_OUTER_BOUND('',#1181,.T.);
#762=FACE_OUTER_BOUND('',#1182,.T.);
#763=FACE_OUTER_BOUND('',#1183,.T.);
#764=FACE_OUTER_BOUND('',#1184,.T.);
#765=FACE_OUTER_BOUND('',#1185,.T.);
#766=FACE_OUTER_BOUND('',#1186,.T.);
#767=FACE_OUTER_BOUND('',#1187,.T.);
#768=FACE_OUTER_BOUND('',#1188,.T.);
#769=FACE_OUTER_BOUND('',#1189,.T.);
#770=FACE_OUTER_BOUND('',#1190,.T.);
#771=FACE_OUTER_BOUND('',#1191,.T.);
#772=FACE_OUTER_BOUND('',#1192,.T.);
#773=FACE_OUTER_BOUND('',#1193,.T.);
#774=FACE_OUTER_BOUND('',#1194,.T.);
#775=FACE_OUTER_BOUND('',#1195,.T.);
#776=FACE_OUTER_BOUND('',#1196,.T.);
#777=FACE_OUTER_BOUND('',#1197,.T.);
#778=FACE_OUTER_BOUND('',#1198,.T.);
#779=FACE_OUTER_BOUND('',#1199,.T.);
#780=FACE_OUTER_BOUND('',#1200,.T.);
#781=FACE_OUTER_BOUND('',#1201,.T.);
#782=FACE_OUTER_BOUND('',#1202,.T.);
#783=FACE_OUTER_BOUND('',#1203,.T.);
#784=FACE_OUTER_BOUND('',#1204,.T.);
#785=FACE_OUTER_BOUND('',#1205,.T.);
#786=FACE_OUTER_BOUND('',#1206,.T.);
#787=FACE_OUTER_BOUND('',#1207,.T.);
#788=FACE_OUTER_BOUND('',#1208,.T.);
#789=FACE_OUTER_BOUND('',#1209,.T.);
#790=FACE_OUTER_BOUND('',#1210,.T.);
#791=FACE_OUTER_BOUND('',#1211,.T.);
#792=FACE_OUTER_BOUND('',#1212,.T.);
#793=FACE_OUTER_BOUND('',#1213,.T.);
#794=FACE_OUTER_BOUND('',#1214,.T.);
#795=FACE_OUTER_BOUND('',#1215,.T.);
#796=FACE_OUTER_BOUND('',#1216,.T.);
#797=FACE_OUTER_BOUND('',#1217,.T.);
#798=FACE_OUTER_BOUND('',#1218,.T.);
#799=FACE_OUTER_BOUND('',#1219,.T.);
#800=FACE_OUTER_BOUND('',#1220,.T.);
#801=FACE_OUTER_BOUND('',#1221,.T.);
#802=FACE_OUTER_BOUND('',#1222,.T.);
#803=FACE_OUTER_BOUND('',#1223,.T.);
#804=FACE_OUTER_BOUND('',#1224,.T.);
#805=FACE_OUTER_BOUND('',#1225,.T.);
#806=FACE_OUTER_BOUND('',#1226,.T.);
#807=FACE_OUTER_BOUND('',#1227,.T.);
#808=FACE_OUTER_BOUND('',#1228,.T.);
#809=FACE_OUTER_BOUND('',#1229,.T.);
#810=FACE_OUTER_BOUND('',#1230,.T.);
#811=FACE_OUTER_BOUND('',#1231,.T.);
#812=FACE_OUTER_BOUND('',#1232,.T.);
#813=FACE_OUTER_BOUND('',#1233,.T.);
#814=FACE_OUTER_BOUND('',#1234,.T.);
#815=FACE_OUTER_BOUND('',#1235,.T.);
#816=FACE_OUTER_BOUND('',#1236,.T.);
#817=FACE_OUTER_BOUND('',#1237,.T.);
#818=FACE_OUTER_BOUND('',#1238,.T.);
#819=FACE_OUTER_BOUND('',#1239,.T.);
#820=FACE_OUTER_BOUND('',#1240,.T.);
#821=FACE_OUTER_BOUND('',#1241,.T.);
#822=FACE_OUTER_BOUND('',#1242,.T.);
#823=FACE_OUTER_BOUND('',#1243,.T.);
#824=FACE_OUTER_BOUND('',#1244,.T.);
#825=FACE_OUTER_BOUND('',#1245,.T.);
#826=FACE_OUTER_BOUND('',#1246,.T.);
#827=FACE_OUTER_BOUND('',#1247,.T.);
#828=FACE_OUTER_BOUND('',#1248,.T.);
#829=FACE_OUTER_BOUND('',#1249,.T.);
#830=FACE_OUTER_BOUND('',#1250,.T.);
#831=FACE_OUTER_BOUND('',#1251,.T.);
#832=FACE_OUTER_BOUND('',#1252,.T.);
#833=FACE_OUTER_BOUND('',#1253,.T.);
#834=FACE_OUTER_BOUND('',#1254,.T.);
#835=FACE_OUTER_BOUND('',#1255,.T.);
#836=FACE_OUTER_BOUND('',#1256,.T.);
#837=FACE_OUTER_BOUND('',#1257,.T.);
#838=FACE_OUTER_BOUND('',#1258,.T.);
#839=FACE_OUTER_BOUND('',#1259,.T.);
#840=FACE_OUTER_BOUND('',#1260,.T.);
#841=FACE_OUTER_BOUND('',#1261,.T.);
#842=FACE_OUTER_BOUND('',#1262,.T.);
#843=FACE_OUTER_BOUND('',#1263,.T.);
#844=FACE_OUTER_BOUND('',#1264,.T.);
#845=FACE_OUTER_BOUND('',#1265,.T.);
#846=FACE_OUTER_BOUND('',#1266,.T.);
#847=FACE_OUTER_BOUND('',#1267,.T.);
#848=FACE_OUTER_BOUND('',#1268,.T.);
#849=FACE_OUTER_BOUND('',#1269,.T.);
#850=FACE_OUTER_BOUND('',#1270,.T.);
#851=FACE_OUTER_BOUND('',#1271,.T.);
#852=FACE_OUTER_BOUND('',#1272,.T.);
#853=FACE_OUTER_BOUND('',#1273,.T.);
#854=FACE_OUTER_BOUND('',#1274,.T.);
#855=FACE_OUTER_BOUND('',#1275,.T.);
#856=FACE_OUTER_BOUND('',#1276,.T.);
#857=FACE_OUTER_BOUND('',#1277,.T.);
#858=FACE_OUTER_BOUND('',#1278,.T.);
#859=FACE_OUTER_BOUND('',#1279,.T.);
#860=FACE_OUTER_BOUND('',#1280,.T.);
#861=FACE_OUTER_BOUND('',#1281,.T.);
#862=FACE_OUTER_BOUND('',#1282,.T.);
#863=FACE_OUTER_BOUND('',#1283,.T.);
#864=FACE_OUTER_BOUND('',#1284,.T.);
#865=FACE_OUTER_BOUND('',#1285,.T.);
#866=FACE_OUTER_BOUND('',#1286,.T.);
#867=FACE_OUTER_BOUND('',#1287,.T.);
#868=FACE_OUTER_BOUND('',#1288,.T.);
#869=FACE_OUTER_BOUND('',#1289,.T.);
#870=FACE_OUTER_BOUND('',#1290,.T.);
#871=FACE_OUTER_BOUND('',#1291,.T.);
#872=FACE_OUTER_BOUND('',#1292,.T.);
#873=FACE_OUTER_BOUND('',#1293,.T.);
#874=FACE_OUTER_BOUND('',#1294,.T.);
#875=FACE_OUTER_BOUND('',#1295,.T.);
#876=FACE_OUTER_BOUND('',#1296,.T.);
#877=FACE_OUTER_BOUND('',#1297,.T.);
#878=FACE_OUTER_BOUND('',#1298,.T.);
#879=FACE_OUTER_BOUND('',#1299,.T.);
#880=FACE_OUTER_BOUND('',#1300,.T.);
#881=FACE_OUTER_BOUND('',#1301,.T.);
#882=FACE_OUTER_BOUND('',#1302,.T.);
#883=FACE_OUTER_BOUND('',#1303,.T.);
#884=FACE_OUTER_BOUND('',#1304,.T.);
#885=FACE_OUTER_BOUND('',#1305,.T.);
#886=FACE_OUTER_BOUND('',#1306,.T.);
#887=FACE_OUTER_BOUND('',#1307,.T.);
#888=FACE_OUTER_BOUND('',#1308,.T.);
#889=FACE_OUTER_BOUND('',#1309,.T.);
#890=FACE_OUTER_BOUND('',#1310,.T.);
#891=FACE_OUTER_BOUND('',#1311,.T.);
#892=FACE_OUTER_BOUND('',#1312,.T.);
#893=FACE_OUTER_BOUND('',#1313,.T.);
#894=FACE_OUTER_BOUND('',#1314,.T.);
#895=FACE_OUTER_BOUND('',#1315,.T.);
#896=FACE_OUTER_BOUND('',#1316,.T.);
#897=FACE_OUTER_BOUND('',#1317,.T.);
#898=FACE_OUTER_BOUND('',#1318,.T.);
#899=FACE_OUTER_BOUND('',#1319,.T.);
#900=FACE_OUTER_BOUND('',#1320,.T.);
#901=FACE_OUTER_BOUND('',#1321,.T.);
#902=FACE_OUTER_BOUND('',#1322,.T.);
#903=FACE_OUTER_BOUND('',#1323,.T.);
#904=FACE_OUTER_BOUND('',#1324,.T.);
#905=FACE_OUTER_BOUND('',#1325,.T.);
#906=FACE_OUTER_BOUND('',#1326,.T.);
#907=FACE_OUTER_BOUND('',#1327,.T.);
#908=FACE_OUTER_BOUND('',#1328,.T.);
#909=FACE_OUTER_BOUND('',#1329,.T.);
#910=FACE_OUTER_BOUND('',#1330,.T.);
#911=FACE_OUTER_BOUND('',#1331,.T.);
#912=FACE_OUTER_BOUND('',#1332,.T.);
#913=FACE_OUTER_BOUND('',#1333,.T.);
#914=FACE_OUTER_BOUND('',#1334,.T.);
#915=FACE_OUTER_BOUND('',#1335,.T.);
#916=FACE_OUTER_BOUND('',#1336,.T.);
#917=FACE_OUTER_BOUND('',#1337,.T.);
#918=FACE_OUTER_BOUND('',#1338,.T.);
#919=FACE_OUTER_BOUND('',#1339,.T.);
#920=FACE_OUTER_BOUND('',#1340,.T.);
#921=FACE_OUTER_BOUND('',#1341,.T.);
#922=FACE_OUTER_BOUND('',#1342,.T.);
#923=FACE_OUTER_BOUND('',#1343,.T.);
#924=FACE_OUTER_BOUND('',#1344,.T.);
#925=FACE_OUTER_BOUND('',#1345,.T.);
#926=FACE_OUTER_BOUND('',#1346,.T.);
#927=FACE_OUTER_BOUND('',#1347,.T.);
#928=FACE_OUTER_BOUND('',#1348,.T.);
#929=FACE_OUTER_BOUND('',#1349,.T.);
#930=FACE_OUTER_BOUND('',#1350,.T.);
#931=FACE_OUTER_BOUND('',#1351,.T.);
#932=FACE_OUTER_BOUND('',#1352,.T.);
#933=FACE_OUTER_BOUND('',#1353,.T.);
#934=FACE_OUTER_BOUND('',#1354,.T.);
#935=FACE_OUTER_BOUND('',#1355,.T.);
#936=FACE_OUTER_BOUND('',#1356,.T.);
#937=FACE_OUTER_BOUND('',#1357,.T.);
#938=FACE_OUTER_BOUND('',#1358,.T.);
#939=FACE_OUTER_BOUND('',#1359,.T.);
#940=FACE_OUTER_BOUND('',#1360,.T.);
#941=FACE_OUTER_BOUND('',#1361,.T.);
#942=FACE_OUTER_BOUND('',#1362,.T.);
#943=FACE_OUTER_BOUND('',#1363,.T.);
#944=FACE_OUTER_BOUND('',#1364,.T.);
#945=FACE_OUTER_BOUND('',#1365,.T.);
#946=FACE_OUTER_BOUND('',#1366,.T.);
#947=FACE_OUTER_BOUND('',#1367,.T.);
#948=FACE_OUTER_BOUND('',#1368,.T.);
#949=FACE_OUTER_BOUND('',#1369,.T.);
#950=FACE_OUTER_BOUND('',#1370,.T.);
#951=FACE_OUTER_BOUND('',#1371,.T.);
#952=FACE_OUTER_BOUND('',#1372,.T.);
#953=FACE_OUTER_BOUND('',#1373,.T.);
#954=FACE_OUTER_BOUND('',#1374,.T.);
#955=FACE_OUTER_BOUND('',#1375,.T.);
#956=FACE_OUTER_BOUND('',#1376,.T.);
#957=FACE_OUTER_BOUND('',#1377,.T.);
#958=FACE_OUTER_BOUND('',#1378,.T.);
#959=FACE_OUTER_BOUND('',#1379,.T.);
#960=FACE_OUTER_BOUND('',#1380,.T.);
#961=FACE_OUTER_BOUND('',#1381,.T.);
#962=FACE_OUTER_BOUND('',#1382,.T.);
#963=FACE_OUTER_BOUND('',#1383,.T.);
#964=FACE_OUTER_BOUND('',#1384,.T.);
#965=FACE_OUTER_BOUND('',#1385,.T.);
#966=FACE_OUTER_BOUND('',#1386,.T.);
#967=FACE_OUTER_BOUND('',#1387,.T.);
#968=FACE_OUTER_BOUND('',#1388,.T.);
#969=FACE_OUTER_BOUND('',#1389,.T.);
#970=FACE_OUTER_BOUND('',#1390,.T.);
#971=FACE_OUTER_BOUND('',#1391,.T.);
#972=FACE_OUTER_BOUND('',#1392,.T.);
#973=FACE_OUTER_BOUND('',#1393,.T.);
#974=FACE_OUTER_BOUND('',#1394,.T.);
#975=FACE_OUTER_BOUND('',#1395,.T.);
#976=FACE_OUTER_BOUND('',#1396,.T.);
#977=FACE_OUTER_BOUND('',#1397,.T.);
#978=FACE_OUTER_BOUND('',#1398,.T.);
#979=FACE_OUTER_BOUND('',#1399,.T.);
#980=FACE_OUTER_BOUND('',#1400,.T.);
#981=FACE_OUTER_BOUND('',#1401,.T.);
#982=FACE_OUTER_BOUND('',#1402,.T.);
#983=FACE_OUTER_BOUND('',#1403,.T.);
#984=FACE_OUTER_BOUND('',#1404,.T.);
#985=FACE_OUTER_BOUND('',#1405,.T.);
#986=FACE_OUTER_BOUND('',#1406,.T.);
#987=FACE_OUTER_BOUND('',#1407,.T.);
#988=FACE_OUTER_BOUND('',#1408,.T.);
#989=FACE_OUTER_BOUND('',#1409,.T.);
#990=FACE_OUTER_BOUND('',#1410,.T.);
#991=FACE_OUTER_BOUND('',#1411,.T.);
#992=FACE_OUTER_BOUND('',#1412,.T.);
#993=FACE_OUTER_BOUND('',#1413,.T.);
#994=FACE_OUTER_BOUND('',#1414,.T.);
#995=FACE_OUTER_BOUND('',#1415,.T.);
#996=FACE_OUTER_BOUND('',#1416,.T.);
#997=FACE_OUTER_BOUND('',#1417,.T.);
#998=FACE_OUTER_BOUND('',#1418,.T.);
#999=FACE_OUTER_BOUND('',#1419,.T.);
#1000=FACE_OUTER_BOUND('',#1420,.T.);
#1001=FACE_OUTER_BOUND('',#1421,.T.);
#1002=FACE_OUTER_BOUND('',#1422,.T.);
#1003=FACE_OUTER_BOUND('',#1423,.T.);
#1004=FACE_OUTER_BOUND('',#1424,.T.);
#1005=FACE_OUTER_BOUND('',#1425,.T.);
#1006=FACE_OUTER_BOUND('',#1426,.T.);
#1007=FACE_OUTER_BOUND('',#1427,.T.);
#1008=FACE_OUTER_BOUND('',#1428,.T.);
#1009=FACE_OUTER_BOUND('',#1429,.T.);
#1010=FACE_OUTER_BOUND('',#1430,.T.);
#1011=FACE_OUTER_BOUND('',#1431,.T.);
#1012=FACE_OUTER_BOUND('',#1432,.T.);
#1013=FACE_OUTER_BOUND('',#1433,.T.);
#1014=FACE_OUTER_BOUND('',#1434,.T.);
#1015=FACE_OUTER_BOUND('',#1435,.T.);
#1016=FACE_OUTER_BOUND('',#1436,.T.);
#1017=FACE_OUTER_BOUND('',#1437,.T.);
#1018=FACE_OUTER_BOUND('',#1438,.T.);
#1019=FACE_OUTER_BOUND('',#1439,.T.);
#1020=FACE_OUTER_BOUND('',#1440,.T.);
#1021=FACE_OUTER_BOUND('',#1441,.T.);
#1022=FACE_OUTER_BOUND('',#1442,.T.);
#1023=FACE_OUTER_BOUND('',#1443,.T.);
#1024=FACE_OUTER_BOUND('',#1444,.T.);
#1025=FACE_OUTER_BOUND('',#1445,.T.);
#1026=FACE_OUTER_BOUND('',#1446,.T.);
#1027=FACE_OUTER_BOUND('',#1447,.T.);
#1028=FACE_OUTER_BOUND('',#1448,.T.);
#1029=FACE_OUTER_BOUND('',#1449,.T.);
#1030=FACE_OUTER_BOUND('',#1450,.T.);
#1031=FACE_OUTER_BOUND('',#1451,.T.);
#1032=FACE_OUTER_BOUND('',#1452,.T.);
#1033=FACE_OUTER_BOUND('',#1453,.T.);
#1034=FACE_OUTER_BOUND('',#1454,.T.);
#1035=FACE_OUTER_BOUND('',#1455,.T.);
#1036=FACE_OUTER_BOUND('',#1456,.T.);
#1037=FACE_OUTER_BOUND('',#1457,.T.);
#1038=FACE_OUTER_BOUND('',#1458,.T.);
#1039=FACE_OUTER_BOUND('',#1459,.T.);
#1040=FACE_OUTER_BOUND('',#1460,.T.);
#1041=FACE_OUTER_BOUND('',#1461,.T.);
#1042=FACE_OUTER_BOUND('',#1462,.T.);
#1043=FACE_OUTER_BOUND('',#1463,.T.);
#1044=FACE_OUTER_BOUND('',#1464,.T.);
#1045=FACE_OUTER_BOUND('',#1465,.T.);
#1046=FACE_OUTER_BOUND('',#1466,.T.);
#1047=FACE_OUTER_BOUND('',#1467,.T.);
#1048=FACE_OUTER_BOUND('',#1468,.T.);
#1049=FACE_OUTER_BOUND('',#1469,.T.);
#1050=FACE_OUTER_BOUND('',#1470,.T.);
#1051=FACE_OUTER_BOUND('',#1471,.T.);
#1052=FACE_OUTER_BOUND('',#1472,.T.);
#1053=FACE_OUTER_BOUND('',#1473,.T.);
#1054=FACE_OUTER_BOUND('',#1474,.T.);
#1055=FACE_OUTER_BOUND('',#1475,.T.);
#1056=FACE_OUTER_BOUND('',#1476,.T.);
#1057=FACE_OUTER_BOUND('',#1477,.T.);
#1058=FACE_OUTER_BOUND('',#1478,.T.);
#1059=FACE_OUTER_BOUND('',#1479,.T.);
#1060=FACE_OUTER_BOUND('',#1480,.T.);
#1061=FACE_OUTER_BOUND('',#1481,.T.);
#1062=FACE_OUTER_BOUND('',#1482,.T.);
#1063=FACE_OUTER_BOUND('',#1483,.T.);
#1064=FACE_OUTER_BOUND('',#1484,.T.);
#1065=FACE_OUTER_BOUND('',#1485,.T.);
#1066=FACE_OUTER_BOUND('',#1486,.T.);
#1067=FACE_OUTER_BOUND('',#1487,.T.);
#1068=FACE_OUTER_BOUND('',#1488,.T.);
#1069=FACE_OUTER_BOUND('',#1489,.T.);
#1070=FACE_OUTER_BOUND('',#1490,.T.);
#1071=FACE_OUTER_BOUND('',#1491,.T.);
#1072=FACE_OUTER_BOUND('',#1492,.T.);
#1073=FACE_OUTER_BOUND('',#1493,.T.);
#1074=FACE_OUTER_BOUND('',#1494,.T.);
#1075=FACE_OUTER_BOUND('',#1495,.T.);
#1076=FACE_OUTER_BOUND('',#1496,.T.);
#1077=FACE_OUTER_BOUND('',#1497,.T.);
#1078=FACE_OUTER_BOUND('',#1498,.T.);
#1079=FACE_OUTER_BOUND('',#1499,.T.);
#1080=FACE_OUTER_BOUND('',#1500,.T.);
#1081=FACE_OUTER_BOUND('',#1501,.T.);
#1082=FACE_OUTER_BOUND('',#1502,.T.);
#1083=FACE_OUTER_BOUND('',#1503,.T.);
#1084=FACE_OUTER_BOUND('',#1504,.T.);
#1085=FACE_OUTER_BOUND('',#1505,.T.);
#1086=FACE_OUTER_BOUND('',#1506,.T.);
#1087=FACE_OUTER_BOUND('',#1507,.T.);
#1088=FACE_OUTER_BOUND('',#1508,.T.);
#1089=FACE_OUTER_BOUND('',#1509,.T.);
#1090=FACE_OUTER_BOUND('',#1510,.T.);
#1091=FACE_OUTER_BOUND('',#1511,.T.);
#1092=FACE_OUTER_BOUND('',#1512,.T.);
#1093=FACE_OUTER_BOUND('',#1513,.T.);
#1094=FACE_OUTER_BOUND('',#1514,.T.);
#1095=FACE_OUTER_BOUND('',#1515,.T.);
#1096=FACE_OUTER_BOUND('',#1516,.T.);
#1097=FACE_OUTER_BOUND('',#1517,.T.);
#1098=FACE_OUTER_BOUND('',#1652,.T.);
#1099=EDGE_LOOP('',(#6177,#6178,#6179,#6180));
#1100=EDGE_LOOP('',(#6181));
#1101=EDGE_LOOP('',(#6182));
#1102=EDGE_LOOP('',(#6183,#6184,#6185,#6186));
#1103=EDGE_LOOP('',(#6187));
#1104=EDGE_LOOP('',(#6188));
#1105=EDGE_LOOP('',(#6189,#6190,#6191,#6192));
#1106=EDGE_LOOP('',(#6193));
#1107=EDGE_LOOP('',(#6194));
#1108=EDGE_LOOP('',(#6195,#6196,#6197,#6198));
#1109=EDGE_LOOP('',(#6199));
#1110=EDGE_LOOP('',(#6200));
#1111=EDGE_LOOP('',(#6201,#6202,#6203,#6204));
#1112=EDGE_LOOP('',(#6205,#6206,#6207,#6208));
#1113=EDGE_LOOP('',(#6209,#6210,#6211,#6212));
#1114=EDGE_LOOP('',(#6213,#6214));
#1115=EDGE_LOOP('',(#6215));
#1116=EDGE_LOOP('',(#6216,#6217,#6218,#6219));
#1117=EDGE_LOOP('',(#6220,#6221,#6222,#6223));
#1118=EDGE_LOOP('',(#6224,#6225,#6226,#6227));
#1119=EDGE_LOOP('',(#6228,#6229));
#1120=EDGE_LOOP('',(#6230));
#1121=EDGE_LOOP('',(#6231,#6232,#6233,#6234));
#1122=EDGE_LOOP('',(#6235,#6236,#6237,#6238));
#1123=EDGE_LOOP('',(#6239,#6240,#6241,#6242));
#1124=EDGE_LOOP('',(#6243,#6244));
#1125=EDGE_LOOP('',(#6245));
#1126=EDGE_LOOP('',(#6246,#6247,#6248,#6249));
#1127=EDGE_LOOP('',(#6250,#6251,#6252,#6253));
#1128=EDGE_LOOP('',(#6254,#6255,#6256,#6257));
#1129=EDGE_LOOP('',(#6258,#6259));
#1130=EDGE_LOOP('',(#6260));
#1131=EDGE_LOOP('',(#6261,#6262,#6263,#6264));
#1132=EDGE_LOOP('',(#6265,#6266,#6267,#6268));
#1133=EDGE_LOOP('',(#6269,#6270,#6271,#6272));
#1134=EDGE_LOOP('',(#6273,#6274,#6275,#6276));
#1135=EDGE_LOOP('',(#6277,#6278,#6279,#6280));
#1136=EDGE_LOOP('',(#6281,#6282,#6283,#6284));
#1137=EDGE_LOOP('',(#6285,#6286,#6287,#6288));
#1138=EDGE_LOOP('',(#6289,#6290,#6291,#6292));
#1139=EDGE_LOOP('',(#6293,#6294,#6295,#6296));
#1140=EDGE_LOOP('',(#6297,#6298,#6299,#6300));
#1141=EDGE_LOOP('',(#6301,#6302,#6303,#6304));
#1142=EDGE_LOOP('',(#6305,#6306,#6307,#6308));
#1143=EDGE_LOOP('',(#6309,#6310,#6311,#6312));
#1144=EDGE_LOOP('',(#6313,#6314,#6315,#6316));
#1145=EDGE_LOOP('',(#6317,#6318,#6319,#6320));
#1146=EDGE_LOOP('',(#6321,#6322,#6323,#6324));
#1147=EDGE_LOOP('',(#6325,#6326,#6327,#6328));
#1148=EDGE_LOOP('',(#6329,#6330,#6331,#6332));
#1149=EDGE_LOOP('',(#6333,#6334,#6335,#6336));
#1150=EDGE_LOOP('',(#6337,#6338,#6339,#6340));
#1151=EDGE_LOOP('',(#6341,#6342,#6343,#6344));
#1152=EDGE_LOOP('',(#6345,#6346,#6347,#6348));
#1153=EDGE_LOOP('',(#6349,#6350,#6351,#6352));
#1154=EDGE_LOOP('',(#6353,#6354,#6355,#6356));
#1155=EDGE_LOOP('',(#6357,#6358,#6359,#6360));
#1156=EDGE_LOOP('',(#6361,#6362,#6363,#6364));
#1157=EDGE_LOOP('',(#6365,#6366,#6367,#6368));
#1158=EDGE_LOOP('',(#6369,#6370,#6371,#6372));
#1159=EDGE_LOOP('',(#6373,#6374,#6375,#6376));
#1160=EDGE_LOOP('',(#6377,#6378,#6379,#6380));
#1161=EDGE_LOOP('',(#6381,#6382,#6383,#6384));
#1162=EDGE_LOOP('',(#6385,#6386,#6387,#6388));
#1163=EDGE_LOOP('',(#6389,#6390,#6391,#6392));
#1164=EDGE_LOOP('',(#6393,#6394,#6395,#6396));
#1165=EDGE_LOOP('',(#6397,#6398,#6399,#6400));
#1166=EDGE_LOOP('',(#6401,#6402,#6403,#6404));
#1167=EDGE_LOOP('',(#6405,#6406,#6407,#6408));
#1168=EDGE_LOOP('',(#6409,#6410,#6411,#6412));
#1169=EDGE_LOOP('',(#6413,#6414,#6415,#6416));
#1170=EDGE_LOOP('',(#6417,#6418,#6419,#6420));
#1171=EDGE_LOOP('',(#6421,#6422,#6423,#6424));
#1172=EDGE_LOOP('',(#6425,#6426,#6427,#6428));
#1173=EDGE_LOOP('',(#6429,#6430,#6431,#6432));
#1174=EDGE_LOOP('',(#6433,#6434,#6435,#6436));
#1175=EDGE_LOOP('',(#6437,#6438,#6439,#6440));
#1176=EDGE_LOOP('',(#6441,#6442,#6443,#6444));
#1177=EDGE_LOOP('',(#6445,#6446,#6447,#6448));
#1178=EDGE_LOOP('',(#6449,#6450,#6451,#6452));
#1179=EDGE_LOOP('',(#6453,#6454,#6455,#6456));
#1180=EDGE_LOOP('',(#6457,#6458,#6459,#6460));
#1181=EDGE_LOOP('',(#6461,#6462,#6463,#6464));
#1182=EDGE_LOOP('',(#6465,#6466,#6467,#6468));
#1183=EDGE_LOOP('',(#6469,#6470,#6471,#6472));
#1184=EDGE_LOOP('',(#6473,#6474,#6475,#6476));
#1185=EDGE_LOOP('',(#6477,#6478,#6479,#6480));
#1186=EDGE_LOOP('',(#6481,#6482,#6483,#6484));
#1187=EDGE_LOOP('',(#6485,#6486,#6487,#6488));
#1188=EDGE_LOOP('',(#6489,#6490,#6491,#6492));
#1189=EDGE_LOOP('',(#6493,#6494,#6495,#6496));
#1190=EDGE_LOOP('',(#6497,#6498,#6499,#6500));
#1191=EDGE_LOOP('',(#6501,#6502,#6503,#6504));
#1192=EDGE_LOOP('',(#6505,#6506,#6507,#6508));
#1193=EDGE_LOOP('',(#6509,#6510,#6511,#6512));
#1194=EDGE_LOOP('',(#6513,#6514,#6515,#6516));
#1195=EDGE_LOOP('',(#6517,#6518,#6519,#6520));
#1196=EDGE_LOOP('',(#6521,#6522,#6523,#6524));
#1197=EDGE_LOOP('',(#6525,#6526,#6527,#6528));
#1198=EDGE_LOOP('',(#6529,#6530,#6531,#6532));
#1199=EDGE_LOOP('',(#6533,#6534,#6535,#6536));
#1200=EDGE_LOOP('',(#6537,#6538,#6539,#6540));
#1201=EDGE_LOOP('',(#6541,#6542,#6543,#6544));
#1202=EDGE_LOOP('',(#6545,#6546,#6547,#6548));
#1203=EDGE_LOOP('',(#6549,#6550,#6551,#6552));
#1204=EDGE_LOOP('',(#6553,#6554,#6555,#6556));
#1205=EDGE_LOOP('',(#6557,#6558,#6559,#6560));
#1206=EDGE_LOOP('',(#6561,#6562,#6563,#6564));
#1207=EDGE_LOOP('',(#6565,#6566,#6567,#6568));
#1208=EDGE_LOOP('',(#6569,#6570,#6571,#6572));
#1209=EDGE_LOOP('',(#6573,#6574,#6575,#6576));
#1210=EDGE_LOOP('',(#6577,#6578,#6579,#6580));
#1211=EDGE_LOOP('',(#6581,#6582,#6583,#6584));
#1212=EDGE_LOOP('',(#6585,#6586,#6587,#6588));
#1213=EDGE_LOOP('',(#6589,#6590,#6591,#6592));
#1214=EDGE_LOOP('',(#6593,#6594,#6595,#6596));
#1215=EDGE_LOOP('',(#6597,#6598,#6599,#6600));
#1216=EDGE_LOOP('',(#6601,#6602,#6603,#6604));
#1217=EDGE_LOOP('',(#6605,#6606,#6607,#6608));
#1218=EDGE_LOOP('',(#6609,#6610,#6611,#6612));
#1219=EDGE_LOOP('',(#6613,#6614,#6615,#6616));
#1220=EDGE_LOOP('',(#6617,#6618,#6619,#6620));
#1221=EDGE_LOOP('',(#6621,#6622,#6623,#6624));
#1222=EDGE_LOOP('',(#6625,#6626,#6627,#6628));
#1223=EDGE_LOOP('',(#6629,#6630,#6631,#6632));
#1224=EDGE_LOOP('',(#6633,#6634,#6635,#6636));
#1225=EDGE_LOOP('',(#6637,#6638,#6639,#6640));
#1226=EDGE_LOOP('',(#6641,#6642,#6643,#6644));
#1227=EDGE_LOOP('',(#6645,#6646,#6647,#6648));
#1228=EDGE_LOOP('',(#6649,#6650,#6651,#6652));
#1229=EDGE_LOOP('',(#6653,#6654,#6655,#6656));
#1230=EDGE_LOOP('',(#6657,#6658,#6659,#6660));
#1231=EDGE_LOOP('',(#6661,#6662,#6663,#6664));
#1232=EDGE_LOOP('',(#6665,#6666,#6667,#6668));
#1233=EDGE_LOOP('',(#6669,#6670,#6671,#6672));
#1234=EDGE_LOOP('',(#6673,#6674,#6675,#6676));
#1235=EDGE_LOOP('',(#6677,#6678,#6679,#6680));
#1236=EDGE_LOOP('',(#6681,#6682,#6683,#6684));
#1237=EDGE_LOOP('',(#6685,#6686,#6687,#6688));
#1238=EDGE_LOOP('',(#6689,#6690,#6691,#6692));
#1239=EDGE_LOOP('',(#6693,#6694,#6695,#6696));
#1240=EDGE_LOOP('',(#6697,#6698,#6699,#6700));
#1241=EDGE_LOOP('',(#6701,#6702,#6703,#6704));
#1242=EDGE_LOOP('',(#6705,#6706,#6707,#6708));
#1243=EDGE_LOOP('',(#6709,#6710,#6711,#6712));
#1244=EDGE_LOOP('',(#6713,#6714,#6715,#6716));
#1245=EDGE_LOOP('',(#6717,#6718,#6719,#6720));
#1246=EDGE_LOOP('',(#6721,#6722,#6723,#6724));
#1247=EDGE_LOOP('',(#6725,#6726,#6727,#6728));
#1248=EDGE_LOOP('',(#6729,#6730,#6731,#6732));
#1249=EDGE_LOOP('',(#6733,#6734,#6735,#6736));
#1250=EDGE_LOOP('',(#6737,#6738,#6739,#6740));
#1251=EDGE_LOOP('',(#6741,#6742,#6743,#6744));
#1252=EDGE_LOOP('',(#6745,#6746,#6747,#6748));
#1253=EDGE_LOOP('',(#6749,#6750,#6751,#6752));
#1254=EDGE_LOOP('',(#6753,#6754,#6755,#6756));
#1255=EDGE_LOOP('',(#6757,#6758,#6759,#6760));
#1256=EDGE_LOOP('',(#6761,#6762,#6763,#6764));
#1257=EDGE_LOOP('',(#6765,#6766,#6767,#6768));
#1258=EDGE_LOOP('',(#6769,#6770,#6771,#6772));
#1259=EDGE_LOOP('',(#6773,#6774,#6775,#6776));
#1260=EDGE_LOOP('',(#6777,#6778,#6779,#6780));
#1261=EDGE_LOOP('',(#6781,#6782,#6783,#6784));
#1262=EDGE_LOOP('',(#6785,#6786,#6787,#6788));
#1263=EDGE_LOOP('',(#6789,#6790,#6791,#6792));
#1264=EDGE_LOOP('',(#6793,#6794,#6795,#6796));
#1265=EDGE_LOOP('',(#6797,#6798,#6799,#6800));
#1266=EDGE_LOOP('',(#6801,#6802,#6803,#6804));
#1267=EDGE_LOOP('',(#6805,#6806,#6807,#6808));
#1268=EDGE_LOOP('',(#6809,#6810,#6811,#6812));
#1269=EDGE_LOOP('',(#6813,#6814,#6815,#6816));
#1270=EDGE_LOOP('',(#6817,#6818,#6819,#6820));
#1271=EDGE_LOOP('',(#6821,#6822,#6823,#6824));
#1272=EDGE_LOOP('',(#6825,#6826,#6827,#6828));
#1273=EDGE_LOOP('',(#6829,#6830,#6831,#6832));
#1274=EDGE_LOOP('',(#6833,#6834,#6835,#6836));
#1275=EDGE_LOOP('',(#6837,#6838,#6839,#6840));
#1276=EDGE_LOOP('',(#6841,#6842,#6843,#6844));
#1277=EDGE_LOOP('',(#6845,#6846,#6847,#6848));
#1278=EDGE_LOOP('',(#6849,#6850,#6851,#6852));
#1279=EDGE_LOOP('',(#6853,#6854,#6855,#6856));
#1280=EDGE_LOOP('',(#6857,#6858,#6859,#6860));
#1281=EDGE_LOOP('',(#6861,#6862,#6863,#6864));
#1282=EDGE_LOOP('',(#6865,#6866,#6867,#6868));
#1283=EDGE_LOOP('',(#6869,#6870,#6871,#6872));
#1284=EDGE_LOOP('',(#6873,#6874,#6875,#6876));
#1285=EDGE_LOOP('',(#6877,#6878,#6879,#6880));
#1286=EDGE_LOOP('',(#6881,#6882,#6883,#6884));
#1287=EDGE_LOOP('',(#6885,#6886,#6887,#6888));
#1288=EDGE_LOOP('',(#6889,#6890,#6891,#6892));
#1289=EDGE_LOOP('',(#6893,#6894,#6895,#6896));
#1290=EDGE_LOOP('',(#6897,#6898,#6899,#6900));
#1291=EDGE_LOOP('',(#6901,#6902,#6903,#6904));
#1292=EDGE_LOOP('',(#6905,#6906,#6907,#6908));
#1293=EDGE_LOOP('',(#6909,#6910,#6911,#6912));
#1294=EDGE_LOOP('',(#6913,#6914,#6915,#6916));
#1295=EDGE_LOOP('',(#6917,#6918,#6919,#6920));
#1296=EDGE_LOOP('',(#6921,#6922,#6923,#6924));
#1297=EDGE_LOOP('',(#6925,#6926,#6927,#6928));
#1298=EDGE_LOOP('',(#6929,#6930,#6931,#6932));
#1299=EDGE_LOOP('',(#6933,#6934,#6935,#6936));
#1300=EDGE_LOOP('',(#6937,#6938,#6939,#6940));
#1301=EDGE_LOOP('',(#6941,#6942,#6943,#6944));
#1302=EDGE_LOOP('',(#6945,#6946,#6947,#6948));
#1303=EDGE_LOOP('',(#6949,#6950,#6951,#6952));
#1304=EDGE_LOOP('',(#6953,#6954,#6955,#6956));
#1305=EDGE_LOOP('',(#6957,#6958,#6959,#6960));
#1306=EDGE_LOOP('',(#6961,#6962,#6963,#6964));
#1307=EDGE_LOOP('',(#6965,#6966,#6967,#6968));
#1308=EDGE_LOOP('',(#6969,#6970,#6971,#6972));
#1309=EDGE_LOOP('',(#6973,#6974,#6975,#6976));
#1310=EDGE_LOOP('',(#6977,#6978,#6979,#6980));
#1311=EDGE_LOOP('',(#6981,#6982,#6983,#6984));
#1312=EDGE_LOOP('',(#6985,#6986,#6987,#6988));
#1313=EDGE_LOOP('',(#6989,#6990,#6991,#6992));
#1314=EDGE_LOOP('',(#6993,#6994,#6995,#6996));
#1315=EDGE_LOOP('',(#6997,#6998,#6999,#7000));
#1316=EDGE_LOOP('',(#7001,#7002,#7003,#7004));
#1317=EDGE_LOOP('',(#7005,#7006,#7007,#7008));
#1318=EDGE_LOOP('',(#7009,#7010,#7011,#7012));
#1319=EDGE_LOOP('',(#7013,#7014,#7015,#7016));
#1320=EDGE_LOOP('',(#7017,#7018,#7019,#7020));
#1321=EDGE_LOOP('',(#7021,#7022,#7023,#7024));
#1322=EDGE_LOOP('',(#7025,#7026,#7027,#7028));
#1323=EDGE_LOOP('',(#7029,#7030,#7031,#7032));
#1324=EDGE_LOOP('',(#7033,#7034,#7035,#7036));
#1325=EDGE_LOOP('',(#7037,#7038,#7039,#7040));
#1326=EDGE_LOOP('',(#7041,#7042,#7043,#7044));
#1327=EDGE_LOOP('',(#7045,#7046,#7047,#7048));
#1328=EDGE_LOOP('',(#7049,#7050,#7051,#7052));
#1329=EDGE_LOOP('',(#7053,#7054,#7055,#7056));
#1330=EDGE_LOOP('',(#7057,#7058,#7059,#7060));
#1331=EDGE_LOOP('',(#7061,#7062,#7063,#7064));
#1332=EDGE_LOOP('',(#7065,#7066,#7067,#7068));
#1333=EDGE_LOOP('',(#7069,#7070,#7071,#7072));
#1334=EDGE_LOOP('',(#7073,#7074,#7075,#7076));
#1335=EDGE_LOOP('',(#7077,#7078,#7079,#7080));
#1336=EDGE_LOOP('',(#7081,#7082,#7083,#7084));
#1337=EDGE_LOOP('',(#7085,#7086,#7087,#7088));
#1338=EDGE_LOOP('',(#7089,#7090,#7091,#7092));
#1339=EDGE_LOOP('',(#7093,#7094,#7095,#7096));
#1340=EDGE_LOOP('',(#7097,#7098,#7099,#7100));
#1341=EDGE_LOOP('',(#7101,#7102,#7103,#7104));
#1342=EDGE_LOOP('',(#7105,#7106,#7107,#7108));
#1343=EDGE_LOOP('',(#7109,#7110,#7111,#7112));
#1344=EDGE_LOOP('',(#7113,#7114,#7115,#7116));
#1345=EDGE_LOOP('',(#7117,#7118,#7119,#7120));
#1346=EDGE_LOOP('',(#7121,#7122,#7123,#7124));
#1347=EDGE_LOOP('',(#7125,#7126,#7127,#7128));
#1348=EDGE_LOOP('',(#7129,#7130,#7131,#7132));
#1349=EDGE_LOOP('',(#7133,#7134,#7135,#7136));
#1350=EDGE_LOOP('',(#7137,#7138,#7139,#7140));
#1351=EDGE_LOOP('',(#7141,#7142,#7143,#7144));
#1352=EDGE_LOOP('',(#7145,#7146,#7147,#7148));
#1353=EDGE_LOOP('',(#7149,#7150,#7151,#7152));
#1354=EDGE_LOOP('',(#7153,#7154,#7155,#7156));
#1355=EDGE_LOOP('',(#7157,#7158,#7159,#7160));
#1356=EDGE_LOOP('',(#7161,#7162,#7163,#7164));
#1357=EDGE_LOOP('',(#7165,#7166,#7167,#7168));
#1358=EDGE_LOOP('',(#7169,#7170,#7171,#7172));
#1359=EDGE_LOOP('',(#7173,#7174,#7175,#7176));
#1360=EDGE_LOOP('',(#7177,#7178,#7179,#7180));
#1361=EDGE_LOOP('',(#7181,#7182,#7183,#7184));
#1362=EDGE_LOOP('',(#7185,#7186,#7187,#7188));
#1363=EDGE_LOOP('',(#7189,#7190,#7191,#7192));
#1364=EDGE_LOOP('',(#7193,#7194,#7195,#7196));
#1365=EDGE_LOOP('',(#7197,#7198,#7199,#7200));
#1366=EDGE_LOOP('',(#7201,#7202,#7203,#7204));
#1367=EDGE_LOOP('',(#7205,#7206,#7207,#7208));
#1368=EDGE_LOOP('',(#7209,#7210,#7211,#7212));
#1369=EDGE_LOOP('',(#7213,#7214,#7215,#7216));
#1370=EDGE_LOOP('',(#7217,#7218,#7219,#7220));
#1371=EDGE_LOOP('',(#7221,#7222,#7223,#7224));
#1372=EDGE_LOOP('',(#7225,#7226,#7227,#7228));
#1373=EDGE_LOOP('',(#7229,#7230,#7231,#7232));
#1374=EDGE_LOOP('',(#7233,#7234,#7235,#7236));
#1375=EDGE_LOOP('',(#7237,#7238,#7239,#7240));
#1376=EDGE_LOOP('',(#7241,#7242,#7243,#7244));
#1377=EDGE_LOOP('',(#7245,#7246,#7247,#7248));
#1378=EDGE_LOOP('',(#7249,#7250,#7251,#7252));
#1379=EDGE_LOOP('',(#7253,#7254,#7255,#7256));
#1380=EDGE_LOOP('',(#7257,#7258,#7259,#7260));
#1381=EDGE_LOOP('',(#7261,#7262,#7263,#7264));
#1382=EDGE_LOOP('',(#7265,#7266,#7267,#7268));
#1383=EDGE_LOOP('',(#7269,#7270,#7271,#7272));
#1384=EDGE_LOOP('',(#7273,#7274,#7275,#7276));
#1385=EDGE_LOOP('',(#7277,#7278,#7279,#7280));
#1386=EDGE_LOOP('',(#7281,#7282,#7283,#7284));
#1387=EDGE_LOOP('',(#7285,#7286,#7287,#7288));
#1388=EDGE_LOOP('',(#7289,#7290,#7291,#7292));
#1389=EDGE_LOOP('',(#7293,#7294,#7295,#7296));
#1390=EDGE_LOOP('',(#7297,#7298,#7299,#7300));
#1391=EDGE_LOOP('',(#7301,#7302,#7303,#7304));
#1392=EDGE_LOOP('',(#7305,#7306,#7307,#7308));
#1393=EDGE_LOOP('',(#7309,#7310,#7311,#7312));
#1394=EDGE_LOOP('',(#7313,#7314,#7315,#7316));
#1395=EDGE_LOOP('',(#7317,#7318,#7319,#7320));
#1396=EDGE_LOOP('',(#7321,#7322,#7323,#7324));
#1397=EDGE_LOOP('',(#7325,#7326,#7327,#7328));
#1398=EDGE_LOOP('',(#7329,#7330,#7331,#7332));
#1399=EDGE_LOOP('',(#7333,#7334,#7335,#7336));
#1400=EDGE_LOOP('',(#7337,#7338,#7339,#7340));
#1401=EDGE_LOOP('',(#7341,#7342,#7343,#7344));
#1402=EDGE_LOOP('',(#7345,#7346,#7347,#7348));
#1403=EDGE_LOOP('',(#7349,#7350,#7351,#7352));
#1404=EDGE_LOOP('',(#7353,#7354,#7355,#7356));
#1405=EDGE_LOOP('',(#7357,#7358,#7359,#7360));
#1406=EDGE_LOOP('',(#7361,#7362,#7363,#7364));
#1407=EDGE_LOOP('',(#7365,#7366,#7367,#7368));
#1408=EDGE_LOOP('',(#7369,#7370,#7371,#7372));
#1409=EDGE_LOOP('',(#7373,#7374,#7375,#7376));
#1410=EDGE_LOOP('',(#7377,#7378,#7379,#7380));
#1411=EDGE_LOOP('',(#7381,#7382,#7383,#7384));
#1412=EDGE_LOOP('',(#7385,#7386,#7387,#7388));
#1413=EDGE_LOOP('',(#7389,#7390,#7391,#7392));
#1414=EDGE_LOOP('',(#7393,#7394,#7395,#7396));
#1415=EDGE_LOOP('',(#7397,#7398,#7399,#7400));
#1416=EDGE_LOOP('',(#7401,#7402,#7403,#7404));
#1417=EDGE_LOOP('',(#7405,#7406,#7407,#7408));
#1418=EDGE_LOOP('',(#7409,#7410,#7411,#7412));
#1419=EDGE_LOOP('',(#7413,#7414,#7415,#7416));
#1420=EDGE_LOOP('',(#7417,#7418,#7419,#7420));
#1421=EDGE_LOOP('',(#7421,#7422,#7423,#7424));
#1422=EDGE_LOOP('',(#7425,#7426,#7427,#7428));
#1423=EDGE_LOOP('',(#7429,#7430,#7431,#7432));
#1424=EDGE_LOOP('',(#7433,#7434,#7435,#7436));
#1425=EDGE_LOOP('',(#7437,#7438,#7439,#7440));
#1426=EDGE_LOOP('',(#7441,#7442,#7443,#7444));
#1427=EDGE_LOOP('',(#7445,#7446,#7447,#7448));
#1428=EDGE_LOOP('',(#7449,#7450,#7451,#7452));
#1429=EDGE_LOOP('',(#7453,#7454,#7455,#7456));
#1430=EDGE_LOOP('',(#7457,#7458,#7459,#7460));
#1431=EDGE_LOOP('',(#7461,#7462,#7463,#7464));
#1432=EDGE_LOOP('',(#7465,#7466,#7467,#7468));
#1433=EDGE_LOOP('',(#7469,#7470,#7471,#7472));
#1434=EDGE_LOOP('',(#7473,#7474,#7475,#7476));
#1435=EDGE_LOOP('',(#7477,#7478,#7479,#7480));
#1436=EDGE_LOOP('',(#7481,#7482,#7483,#7484));
#1437=EDGE_LOOP('',(#7485,#7486,#7487,#7488));
#1438=EDGE_LOOP('',(#7489,#7490,#7491,#7492));
#1439=EDGE_LOOP('',(#7493,#7494,#7495,#7496));
#1440=EDGE_LOOP('',(#7497,#7498,#7499,#7500));
#1441=EDGE_LOOP('',(#7501,#7502,#7503,#7504));
#1442=EDGE_LOOP('',(#7505,#7506,#7507,#7508));
#1443=EDGE_LOOP('',(#7509,#7510,#7511,#7512));
#1444=EDGE_LOOP('',(#7513,#7514,#7515,#7516));
#1445=EDGE_LOOP('',(#7517,#7518,#7519,#7520));
#1446=EDGE_LOOP('',(#7521,#7522,#7523,#7524));
#1447=EDGE_LOOP('',(#7525,#7526,#7527,#7528));
#1448=EDGE_LOOP('',(#7529,#7530,#7531,#7532));
#1449=EDGE_LOOP('',(#7533,#7534,#7535,#7536));
#1450=EDGE_LOOP('',(#7537,#7538,#7539,#7540));
#1451=EDGE_LOOP('',(#7541,#7542,#7543,#7544));
#1452=EDGE_LOOP('',(#7545,#7546,#7547,#7548));
#1453=EDGE_LOOP('',(#7549,#7550,#7551,#7552));
#1454=EDGE_LOOP('',(#7553,#7554,#7555,#7556));
#1455=EDGE_LOOP('',(#7557,#7558,#7559,#7560));
#1456=EDGE_LOOP('',(#7561,#7562,#7563,#7564));
#1457=EDGE_LOOP('',(#7565,#7566,#7567,#7568));
#1458=EDGE_LOOP('',(#7569,#7570,#7571,#7572));
#1459=EDGE_LOOP('',(#7573,#7574,#7575,#7576));
#1460=EDGE_LOOP('',(#7577,#7578,#7579,#7580));
#1461=EDGE_LOOP('',(#7581,#7582,#7583,#7584));
#1462=EDGE_LOOP('',(#7585,#7586,#7587,#7588));
#1463=EDGE_LOOP('',(#7589,#7590,#7591,#7592));
#1464=EDGE_LOOP('',(#7593,#7594,#7595,#7596));
#1465=EDGE_LOOP('',(#7597,#7598,#7599,#7600));
#1466=EDGE_LOOP('',(#7601,#7602,#7603,#7604));
#1467=EDGE_LOOP('',(#7605,#7606,#7607,#7608));
#1468=EDGE_LOOP('',(#7609,#7610,#7611,#7612));
#1469=EDGE_LOOP('',(#7613,#7614,#7615,#7616));
#1470=EDGE_LOOP('',(#7617,#7618,#7619,#7620));
#1471=EDGE_LOOP('',(#7621,#7622,#7623,#7624));
#1472=EDGE_LOOP('',(#7625,#7626,#7627,#7628));
#1473=EDGE_LOOP('',(#7629,#7630,#7631,#7632));
#1474=EDGE_LOOP('',(#7633,#7634,#7635,#7636));
#1475=EDGE_LOOP('',(#7637,#7638,#7639,#7640));
#1476=EDGE_LOOP('',(#7641,#7642,#7643,#7644));
#1477=EDGE_LOOP('',(#7645,#7646,#7647,#7648));
#1478=EDGE_LOOP('',(#7649,#7650,#7651,#7652));
#1479=EDGE_LOOP('',(#7653,#7654,#7655,#7656));
#1480=EDGE_LOOP('',(#7657,#7658,#7659,#7660));
#1481=EDGE_LOOP('',(#7661,#7662,#7663,#7664));
#1482=EDGE_LOOP('',(#7665,#7666,#7667,#7668));
#1483=EDGE_LOOP('',(#7669,#7670,#7671,#7672));
#1484=EDGE_LOOP('',(#7673,#7674,#7675,#7676));
#1485=EDGE_LOOP('',(#7677,#7678,#7679,#7680));
#1486=EDGE_LOOP('',(#7681,#7682,#7683,#7684));
#1487=EDGE_LOOP('',(#7685,#7686,#7687,#7688));
#1488=EDGE_LOOP('',(#7689,#7690,#7691,#7692));
#1489=EDGE_LOOP('',(#7693,#7694,#7695,#7696));
#1490=EDGE_LOOP('',(#7697,#7698,#7699,#7700));
#1491=EDGE_LOOP('',(#7701,#7702,#7703,#7704));
#1492=EDGE_LOOP('',(#7705,#7706,#7707,#7708));
#1493=EDGE_LOOP('',(#7709,#7710,#7711,#7712));
#1494=EDGE_LOOP('',(#7713,#7714,#7715,#7716));
#1495=EDGE_LOOP('',(#7717,#7718,#7719,#7720));
#1496=EDGE_LOOP('',(#7721,#7722,#7723,#7724));
#1497=EDGE_LOOP('',(#7725,#7726,#7727,#7728));
#1498=EDGE_LOOP('',(#7729,#7730,#7731,#7732));
#1499=EDGE_LOOP('',(#7733,#7734,#7735,#7736));
#1500=EDGE_LOOP('',(#7737,#7738,#7739,#7740));
#1501=EDGE_LOOP('',(#7741,#7742,#7743,#7744));
#1502=EDGE_LOOP('',(#7745,#7746,#7747,#7748));
#1503=EDGE_LOOP('',(#7749,#7750,#7751,#7752));
#1504=EDGE_LOOP('',(#7753,#7754,#7755,#7756));
#1505=EDGE_LOOP('',(#7757,#7758,#7759,#7760));
#1506=EDGE_LOOP('',(#7761,#7762,#7763,#7764));
#1507=EDGE_LOOP('',(#7765,#7766,#7767,#7768));
#1508=EDGE_LOOP('',(#7769,#7770,#7771,#7772));
#1509=EDGE_LOOP('',(#7773,#7774,#7775,#7776));
#1510=EDGE_LOOP('',(#7777,#7778,#7779,#7780));
#1511=EDGE_LOOP('',(#7781,#7782,#7783,#7784));
#1512=EDGE_LOOP('',(#7785,#7786,#7787,#7788));
#1513=EDGE_LOOP('',(#7789,#7790,#7791,#7792));
#1514=EDGE_LOOP('',(#7793,#7794,#7795,#7796));
#1515=EDGE_LOOP('',(#7797,#7798,#7799,#7800));
#1516=EDGE_LOOP('',(#7801,#7802,#7803,#7804));
#1517=EDGE_LOOP('',(#7805,#7806,#7807,#7808));
#1518=EDGE_LOOP('',(#7809,#7810,#7811));
#1519=EDGE_LOOP('',(#7812,#7813,#7814));
#1520=EDGE_LOOP('',(#7815,#7816,#7817));
#1521=EDGE_LOOP('',(#7818,#7819,#7820));
#1522=EDGE_LOOP('',(#7821,#7822,#7823));
#1523=EDGE_LOOP('',(#7824,#7825,#7826));
#1524=EDGE_LOOP('',(#7827,#7828,#7829));
#1525=EDGE_LOOP('',(#7830,#7831,#7832));
#1526=EDGE_LOOP('',(#7833,#7834,#7835));
#1527=EDGE_LOOP('',(#7836));
#1528=EDGE_LOOP('',(#7837,#7838,#7839));
#1529=EDGE_LOOP('',(#7840,#7841,#7842));
#1530=EDGE_LOOP('',(#7843,#7844,#7845));
#1531=EDGE_LOOP('',(#7846,#7847,#7848));
#1532=EDGE_LOOP('',(#7849,#7850,#7851));
#1533=EDGE_LOOP('',(#7852,#7853,#7854));
#1534=EDGE_LOOP('',(#7855,#7856,#7857));
#1535=EDGE_LOOP('',(#7858,#7859));
#1536=EDGE_LOOP('',(#7860,#7861,#7862));
#1537=EDGE_LOOP('',(#7863,#7864,#7865));
#1538=EDGE_LOOP('',(#7866,#7867,#7868));
#1539=EDGE_LOOP('',(#7869,#7870,#7871));
#1540=EDGE_LOOP('',(#7872,#7873,#7874));
#1541=EDGE_LOOP('',(#7875,#7876,#7877));
#1542=EDGE_LOOP('',(#7878,#7879));
#1543=EDGE_LOOP('',(#7880,#7881,#7882));
#1544=EDGE_LOOP('',(#7883,#7884,#7885));
#1545=EDGE_LOOP('',(#7886,#7887,#7888));
#1546=EDGE_LOOP('',(#7889,#7890,#7891));
#1547=EDGE_LOOP('',(#7892,#7893,#7894));
#1548=EDGE_LOOP('',(#7895,#7896,#7897));
#1549=EDGE_LOOP('',(#7898,#7899,#7900));
#1550=EDGE_LOOP('',(#7901,#7902,#7903));
#1551=EDGE_LOOP('',(#7904,#7905,#7906));
#1552=EDGE_LOOP('',(#7907,#7908,#7909));
#1553=EDGE_LOOP('',(#7910,#7911,#7912));
#1554=EDGE_LOOP('',(#7913,#7914,#7915));
#1555=EDGE_LOOP('',(#7916,#7917,#7918));
#1556=EDGE_LOOP('',(#7919,#7920,#7921));
#1557=EDGE_LOOP('',(#7922,#7923,#7924));
#1558=EDGE_LOOP('',(#7925,#7926,#7927));
#1559=EDGE_LOOP('',(#7928,#7929,#7930));
#1560=EDGE_LOOP('',(#7931,#7932,#7933));
#1561=EDGE_LOOP('',(#7934,#7935,#7936));
#1562=EDGE_LOOP('',(#7937,#7938,#7939));
#1563=EDGE_LOOP('',(#7940,#7941,#7942));
#1564=EDGE_LOOP('',(#7943,#7944,#7945));
#1565=EDGE_LOOP('',(#7946,#7947,#7948));
#1566=EDGE_LOOP('',(#7949,#7950,#7951));
#1567=EDGE_LOOP('',(#7952,#7953,#7954));
#1568=EDGE_LOOP('',(#7955,#7956,#7957));
#1569=EDGE_LOOP('',(#7958,#7959,#7960));
#1570=EDGE_LOOP('',(#7961,#7962,#7963));
#1571=EDGE_LOOP('',(#7964,#7965,#7966));
#1572=EDGE_LOOP('',(#7967,#7968,#7969));
#1573=EDGE_LOOP('',(#7970,#7971,#7972));
#1574=EDGE_LOOP('',(#7973,#7974,#7975));
#1575=EDGE_LOOP('',(#7976,#7977,#7978));
#1576=EDGE_LOOP('',(#7979,#7980,#7981));
#1577=EDGE_LOOP('',(#7982,#7983,#7984));
#1578=EDGE_LOOP('',(#7985,#7986,#7987));
#1579=EDGE_LOOP('',(#7988,#7989,#7990));
#1580=EDGE_LOOP('',(#7991,#7992,#7993));
#1581=EDGE_LOOP('',(#7994));
#1582=EDGE_LOOP('',(#7995,#7996,#7997));
#1583=EDGE_LOOP('',(#7998,#7999,#8000));
#1584=EDGE_LOOP('',(#8001,#8002,#8003));
#1585=EDGE_LOOP('',(#8004,#8005,#8006));
#1586=EDGE_LOOP('',(#8007,#8008,#8009));
#1587=EDGE_LOOP('',(#8010,#8011,#8012));
#1588=EDGE_LOOP('',(#8013,#8014,#8015));
#1589=EDGE_LOOP('',(#8016,#8017,#8018));
#1590=EDGE_LOOP('',(#8019,#8020,#8021));
#1591=EDGE_LOOP('',(#8022,#8023,#8024));
#1592=EDGE_LOOP('',(#8025,#8026,#8027));
#1593=EDGE_LOOP('',(#8028,#8029,#8030));
#1594=EDGE_LOOP('',(#8031,#8032,#8033));
#1595=EDGE_LOOP('',(#8034,#8035,#8036));
#1596=EDGE_LOOP('',(#8037,#8038,#8039));
#1597=EDGE_LOOP('',(#8040,#8041,#8042));
#1598=EDGE_LOOP('',(#8043,#8044,#8045));
#1599=EDGE_LOOP('',(#8046,#8047,#8048));
#1600=EDGE_LOOP('',(#8049,#8050,#8051));
#1601=EDGE_LOOP('',(#8052,#8053,#8054));
#1602=EDGE_LOOP('',(#8055,#8056,#8057));
#1603=EDGE_LOOP('',(#8058,#8059,#8060));
#1604=EDGE_LOOP('',(#8061,#8062,#8063));
#1605=EDGE_LOOP('',(#8064,#8065,#8066));
#1606=EDGE_LOOP('',(#8067,#8068,#8069));
#1607=EDGE_LOOP('',(#8070,#8071,#8072));
#1608=EDGE_LOOP('',(#8073,#8074,#8075));
#1609=EDGE_LOOP('',(#8076,#8077,#8078));
#1610=EDGE_LOOP('',(#8079,#8080,#8081));
#1611=EDGE_LOOP('',(#8082,#8083,#8084));
#1612=EDGE_LOOP('',(#8085,#8086,#8087));
#1613=EDGE_LOOP('',(#8088,#8089,#8090));
#1614=EDGE_LOOP('',(#8091,#8092,#8093));
#1615=EDGE_LOOP('',(#8094,#8095,#8096));
#1616=EDGE_LOOP('',(#8097,#8098,#8099));
#1617=EDGE_LOOP('',(#8100,#8101,#8102));
#1618=EDGE_LOOP('',(#8103,#8104,#8105));
#1619=EDGE_LOOP('',(#8106,#8107,#8108));
#1620=EDGE_LOOP('',(#8109,#8110,#8111));
#1621=EDGE_LOOP('',(#8112,#8113,#8114));
#1622=EDGE_LOOP('',(#8115,#8116,#8117));
#1623=EDGE_LOOP('',(#8118,#8119,#8120));
#1624=EDGE_LOOP('',(#8121,#8122,#8123));
#1625=EDGE_LOOP('',(#8124,#8125));
#1626=EDGE_LOOP('',(#8126,#8127,#8128));
#1627=EDGE_LOOP('',(#8129,#8130));
#1628=EDGE_LOOP('',(#8131,#8132,#8133));
#1629=EDGE_LOOP('',(#8134,#8135,#8136));
#1630=EDGE_LOOP('',(#8137,#8138,#8139));
#1631=EDGE_LOOP('',(#8140,#8141,#8142));
#1632=EDGE_LOOP('',(#8143,#8144,#8145));
#1633=EDGE_LOOP('',(#8146,#8147,#8148));
#1634=EDGE_LOOP('',(#8149,#8150,#8151));
#1635=EDGE_LOOP('',(#8152,#8153,#8154));
#1636=EDGE_LOOP('',(#8155));
#1637=EDGE_LOOP('',(#8156,#8157,#8158));
#1638=EDGE_LOOP('',(#8159,#8160,#8161));
#1639=EDGE_LOOP('',(#8162,#8163,#8164));
#1640=EDGE_LOOP('',(#8165,#8166,#8167));
#1641=EDGE_LOOP('',(#8168,#8169,#8170));
#1642=EDGE_LOOP('',(#8171,#8172,#8173));
#1643=EDGE_LOOP('',(#8174,#8175,#8176));
#1644=EDGE_LOOP('',(#8177,#8178,#8179));
#1645=EDGE_LOOP('',(#8180,#8181,#8182));
#1646=EDGE_LOOP('',(#8183,#8184,#8185));
#1647=EDGE_LOOP('',(#8186,#8187,#8188));
#1648=EDGE_LOOP('',(#8189,#8190,#8191));
#1649=EDGE_LOOP('',(#8192,#8193,#8194));
#1650=EDGE_LOOP('',(#8195));
#1651=EDGE_LOOP('',(#8196,#8197,#8198));
#1652=EDGE_LOOP('',(#8199,#8200,#8201,#8202));
#1653=EDGE_LOOP('',(#8203,#8204,#8205));
#1654=EDGE_LOOP('',(#8206));
#1655=EDGE_LOOP('',(#8207,#8208,#8209));
#1656=EDGE_LOOP('',(#8210,#8211,#8212));
#1657=EDGE_LOOP('',(#8213,#8214,#8215));
#1658=EDGE_LOOP('',(#8216,#8217,#8218));
#1659=EDGE_LOOP('',(#8219,#8220,#8221));
#1660=EDGE_LOOP('',(#8222,#8223,#8224));
#1661=EDGE_LOOP('',(#8225,#8226,#8227));
#1662=EDGE_LOOP('',(#8228,#8229,#8230));
#1663=EDGE_LOOP('',(#8231,#8232,#8233));
#1664=EDGE_LOOP('',(#8234,#8235,#8236));
#1665=EDGE_LOOP('',(#8237,#8238,#8239));
#1666=EDGE_LOOP('',(#8240,#8241,#8242));
#1667=EDGE_LOOP('',(#8243,#8244,#8245));
#1668=EDGE_LOOP('',(#8246));
#1669=EDGE_LOOP('',(#8247,#8248,#8249));
#1670=EDGE_LOOP('',(#8250,#8251,#8252));
#1671=EDGE_LOOP('',(#8253,#8254,#8255));
#1672=EDGE_LOOP('',(#8256,#8257,#8258));
#1673=EDGE_LOOP('',(#8259,#8260,#8261));
#1674=EDGE_LOOP('',(#8262,#8263,#8264));
#1675=EDGE_LOOP('',(#8265,#8266,#8267));
#1676=EDGE_LOOP('',(#8268,#8269,#8270));
#1677=EDGE_LOOP('',(#8271,#8272,#8273));
#1678=EDGE_LOOP('',(#8274,#8275,#8276));
#1679=EDGE_LOOP('',(#8277,#8278,#8279));
#1680=EDGE_LOOP('',(#8280,#8281,#8282));
#1681=EDGE_LOOP('',(#8283,#8284,#8285));
#1682=EDGE_LOOP('',(#8286,#8287,#8288));
#1683=EDGE_LOOP('',(#8289,#8290,#8291));
#1684=EDGE_LOOP('',(#8292,#8293,#8294));
#1685=EDGE_LOOP('',(#8295,#8296,#8297));
#1686=EDGE_LOOP('',(#8298,#8299,#8300));
#1687=EDGE_LOOP('',(#8301,#8302,#8303));
#1688=EDGE_LOOP('',(#8304,#8305,#8306));
#1689=EDGE_LOOP('',(#8307,#8308,#8309));
#1690=EDGE_LOOP('',(#8310,#8311,#8312));
#1691=EDGE_LOOP('',(#8313,#8314,#8315));
#1692=EDGE_LOOP('',(#8316,#8317,#8318));
#1693=EDGE_LOOP('',(#8319,#8320,#8321));
#1694=EDGE_LOOP('',(#8322,#8323,#8324));
#1695=EDGE_LOOP('',(#8325,#8326,#8327));
#1696=EDGE_LOOP('',(#8328,#8329,#8330));
#1697=EDGE_LOOP('',(#8331,#8332,#8333));
#1698=EDGE_LOOP('',(#8334,#8335,#8336));
#1699=EDGE_LOOP('',(#8337,#8338,#8339));
#1700=EDGE_LOOP('',(#8340,#8341,#8342));
#1701=EDGE_LOOP('',(#8343,#8344,#8345));
#1702=EDGE_LOOP('',(#8346,#8347,#8348));
#1703=EDGE_LOOP('',(#8349,#8350,#8351));
#1704=EDGE_LOOP('',(#8352,#8353,#8354));
#1705=EDGE_LOOP('',(#8355,#8356,#8357));
#1706=EDGE_LOOP('',(#8358,#8359,#8360));
#1707=EDGE_LOOP('',(#8361,#8362,#8363));
#1708=EDGE_LOOP('',(#8364,#8365,#8366));
#1709=EDGE_LOOP('',(#8367,#8368,#8369));
#1710=EDGE_LOOP('',(#8370,#8371,#8372));
#1711=EDGE_LOOP('',(#8373,#8374,#8375));
#1712=EDGE_LOOP('',(#8376,#8377,#8378));
#1713=EDGE_LOOP('',(#8379,#8380,#8381));
#1714=EDGE_LOOP('',(#8382,#8383,#8384));
#1715=EDGE_LOOP('',(#8385,#8386,#8387));
#1716=EDGE_LOOP('',(#8388,#8389,#8390));
#1717=EDGE_LOOP('',(#8391,#8392,#8393));
#1718=EDGE_LOOP('',(#8394,#8395,#8396));
#1719=EDGE_LOOP('',(#8397,#8398,#8399));
#1720=EDGE_LOOP('',(#8400,#8401,#8402));
#1721=EDGE_LOOP('',(#8403));
#1722=EDGE_LOOP('',(#8404,#8405,#8406));
#1723=EDGE_LOOP('',(#8407,#8408,#8409));
#1724=EDGE_LOOP('',(#8410,#8411,#8412));
#1725=EDGE_LOOP('',(#8413,#8414,#8415));
#1726=EDGE_LOOP('',(#8416,#8417,#8418));
#1727=EDGE_LOOP('',(#8419,#8420,#8421));
#1728=EDGE_LOOP('',(#8422,#8423,#8424));
#1729=EDGE_LOOP('',(#8425,#8426,#8427));
#1730=EDGE_LOOP('',(#8428,#8429,#8430));
#1731=EDGE_LOOP('',(#8431,#8432,#8433));
#1732=EDGE_LOOP('',(#8434,#8435,#8436));
#1733=EDGE_LOOP('',(#8437,#8438,#8439));
#1734=EDGE_LOOP('',(#8440,#8441,#8442));
#1735=EDGE_LOOP('',(#8443,#8444,#8445));
#1736=EDGE_LOOP('',(#8446,#8447,#8448));
#1737=EDGE_LOOP('',(#8449,#8450,#8451));
#1738=EDGE_LOOP('',(#8452,#8453,#8454));
#1739=EDGE_LOOP('',(#8455,#8456,#8457));
#1740=EDGE_LOOP('',(#8458,#8459,#8460));
#1741=EDGE_LOOP('',(#8461,#8462,#8463));
#1742=EDGE_LOOP('',(#8464,#8465,#8466));
#1743=EDGE_LOOP('',(#8467,#8468,#8469));
#1744=EDGE_LOOP('',(#8470,#8471,#8472));
#1745=EDGE_LOOP('',(#8473,#8474,#8475));
#1746=EDGE_LOOP('',(#8476,#8477,#8478));
#1747=EDGE_LOOP('',(#8479,#8480,#8481));
#1748=EDGE_LOOP('',(#8482,#8483,#8484));
#1749=EDGE_LOOP('',(#8485,#8486,#8487));
#1750=EDGE_LOOP('',(#8488,#8489,#8490));
#1751=EDGE_LOOP('',(#8491,#8492,#8493));
#1752=EDGE_LOOP('',(#8494,#8495,#8496));
#1753=EDGE_LOOP('',(#8497,#8498,#8499));
#1754=EDGE_LOOP('',(#8500,#8501,#8502));
#1755=EDGE_LOOP('',(#8503,#8504,#8505));
#1756=EDGE_LOOP('',(#8506,#8507,#8508));
#1757=EDGE_LOOP('',(#8509,#8510,#8511));
#1758=EDGE_LOOP('',(#8512,#8513,#8514));
#1759=EDGE_LOOP('',(#8515,#8516,#8517));
#1760=EDGE_LOOP('',(#8518,#8519,#8520));
#1761=EDGE_LOOP('',(#8521,#8522,#8523));
#1762=EDGE_LOOP('',(#8524,#8525,#8526));
#1763=EDGE_LOOP('',(#8527,#8528,#8529));
#1764=EDGE_LOOP('',(#8530,#8531,#8532));
#1765=EDGE_LOOP('',(#8533,#8534,#8535));
#1766=EDGE_LOOP('',(#8536,#8537,#8538));
#1767=EDGE_LOOP('',(#8539,#8540,#8541));
#1768=EDGE_LOOP('',(#8542,#8543,#8544));
#1769=EDGE_LOOP('',(#8545,#8546,#8547));
#1770=EDGE_LOOP('',(#8548,#8549,#8550));
#1771=EDGE_LOOP('',(#8551,#8552,#8553));
#1772=EDGE_LOOP('',(#8554,#8555,#8556));
#1773=EDGE_LOOP('',(#8557));
#1774=EDGE_LOOP('',(#8558,#8559,#8560));
#1775=EDGE_LOOP('',(#8561,#8562,#8563));
#1776=EDGE_LOOP('',(#8564,#8565,#8566));
#1777=EDGE_LOOP('',(#8567,#8568,#8569));
#1778=EDGE_LOOP('',(#8570,#8571,#8572));
#1779=EDGE_LOOP('',(#8573,#8574,#8575));
#1780=EDGE_LOOP('',(#8576,#8577,#8578));
#1781=EDGE_LOOP('',(#8579,#8580,#8581));
#1782=EDGE_LOOP('',(#8582,#8583,#8584));
#1783=EDGE_LOOP('',(#8585));
#1784=EDGE_LOOP('',(#8586));
#1785=EDGE_LOOP('',(#8587));
#1786=EDGE_LOOP('',(#8588));
#1787=LINE('',#11544,#2961);
#1788=LINE('',#11553,#2962);
#1789=LINE('',#11562,#2963);
#1790=LINE('',#11571,#2964);
#1791=LINE('',#11581,#2965);
#1792=LINE('',#11584,#2966);
#1793=LINE('',#11588,#2967);
#1794=LINE('',#11590,#2968);
#1795=LINE('',#11591,#2969);
#1796=LINE('',#11598,#2970);
#1797=LINE('',#11601,#2971);
#1798=LINE('',#11605,#2972);
#1799=LINE('',#11607,#2973);
#1800=LINE('',#11608,#2974);
#1801=LINE('',#11613,#2975);
#1802=LINE('',#11615,#2976);
#1803=LINE('',#11617,#2977);
#1804=LINE('',#11618,#2978);
#1805=LINE('',#11622,#2979);
#1806=LINE('',#11630,#2980);
#1807=LINE('',#11632,#2981);
#1808=LINE('',#11634,#2982);
#1809=LINE('',#11635,#2983);
#1810=LINE('',#11639,#2984);
#1811=LINE('',#11647,#2985);
#1812=LINE('',#11649,#2986);
#1813=LINE('',#11651,#2987);
#1814=LINE('',#11652,#2988);
#1815=LINE('',#11655,#2989);
#1816=LINE('',#11657,#2990);
#1817=LINE('',#11658,#2991);
#1818=LINE('',#11660,#2992);
#1819=LINE('',#11661,#2993);
#1820=LINE('',#11666,#2994);
#1821=LINE('',#11671,#2995);
#1822=LINE('',#11673,#2996);
#1823=LINE('',#11675,#2997);
#1824=LINE('',#11676,#2998);
#1825=LINE('',#11679,#2999);
#1826=LINE('',#11681,#3000);
#1827=LINE('',#11682,#3001);
#1828=LINE('',#11684,#3002);
#1829=LINE('',#11685,#3003);
#1830=LINE('',#11689,#3004);
#1831=LINE('',#11691,#3005);
#1832=LINE('',#11693,#3006);
#1833=LINE('',#11694,#3007);
#1834=LINE('',#11697,#3008);
#1835=LINE('',#11699,#3009);
#1836=LINE('',#11700,#3010);
#1837=LINE('',#11702,#3011);
#1838=LINE('',#11703,#3012);
#1839=LINE('',#11707,#3013);
#1840=LINE('',#11709,#3014);
#1841=LINE('',#11711,#3015);
#1842=LINE('',#11712,#3016);
#1843=LINE('',#11715,#3017);
#1844=LINE('',#11717,#3018);
#1845=LINE('',#11718,#3019);
#1846=LINE('',#11720,#3020);
#1847=LINE('',#11721,#3021);
#1848=LINE('',#11725,#3022);
#1849=LINE('',#11727,#3023);
#1850=LINE('',#11729,#3024);
#1851=LINE('',#11730,#3025);
#1852=LINE('',#11733,#3026);
#1853=LINE('',#11735,#3027);
#1854=LINE('',#11736,#3028);
#1855=LINE('',#11738,#3029);
#1856=LINE('',#11739,#3030);
#1857=LINE('',#11743,#3031);
#1858=LINE('',#11745,#3032);
#1859=LINE('',#11747,#3033);
#1860=LINE('',#11748,#3034);
#1861=LINE('',#11751,#3035);
#1862=LINE('',#11753,#3036);
#1863=LINE('',#11754,#3037);
#1864=LINE('',#11756,#3038);
#1865=LINE('',#11757,#3039);
#1866=LINE('',#11761,#3040);
#1867=LINE('',#11763,#3041);
#1868=LINE('',#11765,#3042);
#1869=LINE('',#11766,#3043);
#1870=LINE('',#11769,#3044);
#1871=LINE('',#11771,#3045);
#1872=LINE('',#11772,#3046);
#1873=LINE('',#11774,#3047);
#1874=LINE('',#11775,#3048);
#1875=LINE('',#11779,#3049);
#1876=LINE('',#11781,#3050);
#1877=LINE('',#11783,#3051);
#1878=LINE('',#11784,#3052);
#1879=LINE('',#11787,#3053);
#1880=LINE('',#11789,#3054);
#1881=LINE('',#11790,#3055);
#1882=LINE('',#11792,#3056);
#1883=LINE('',#11793,#3057);
#1884=LINE('',#11797,#3058);
#1885=LINE('',#11799,#3059);
#1886=LINE('',#11801,#3060);
#1887=LINE('',#11802,#3061);
#1888=LINE('',#11805,#3062);
#1889=LINE('',#11807,#3063);
#1890=LINE('',#11808,#3064);
#1891=LINE('',#11810,#3065);
#1892=LINE('',#11811,#3066);
#1893=LINE('',#11815,#3067);
#1894=LINE('',#11817,#3068);
#1895=LINE('',#11819,#3069);
#1896=LINE('',#11820,#3070);
#1897=LINE('',#11823,#3071);
#1898=LINE('',#11825,#3072);
#1899=LINE('',#11826,#3073);
#1900=LINE('',#11828,#3074);
#1901=LINE('',#11829,#3075);
#1902=LINE('',#11833,#3076);
#1903=LINE('',#11835,#3077);
#1904=LINE('',#11837,#3078);
#1905=LINE('',#11838,#3079);
#1906=LINE('',#11841,#3080);
#1907=LINE('',#11843,#3081);
#1908=LINE('',#11844,#3082);
#1909=LINE('',#11846,#3083);
#1910=LINE('',#11847,#3084);
#1911=LINE('',#11851,#3085);
#1912=LINE('',#11853,#3086);
#1913=LINE('',#11855,#3087);
#1914=LINE('',#11856,#3088);
#1915=LINE('',#11859,#3089);
#1916=LINE('',#11861,#3090);
#1917=LINE('',#11862,#3091);
#1918=LINE('',#11864,#3092);
#1919=LINE('',#11865,#3093);
#1920=LINE('',#11869,#3094);
#1921=LINE('',#11871,#3095);
#1922=LINE('',#11873,#3096);
#1923=LINE('',#11874,#3097);
#1924=LINE('',#11877,#3098);
#1925=LINE('',#11879,#3099);
#1926=LINE('',#11880,#3100);
#1927=LINE('',#11882,#3101);
#1928=LINE('',#11883,#3102);
#1929=LINE('',#11887,#3103);
#1930=LINE('',#11889,#3104);
#1931=LINE('',#11891,#3105);
#1932=LINE('',#11892,#3106);
#1933=LINE('',#11895,#3107);
#1934=LINE('',#11897,#3108);
#1935=LINE('',#11898,#3109);
#1936=LINE('',#11900,#3110);
#1937=LINE('',#11901,#3111);
#1938=LINE('',#11906,#3112);
#1939=LINE('',#11911,#3113);
#1940=LINE('',#11913,#3114);
#1941=LINE('',#11915,#3115);
#1942=LINE('',#11916,#3116);
#1943=LINE('',#11919,#3117);
#1944=LINE('',#11921,#3118);
#1945=LINE('',#11922,#3119);
#1946=LINE('',#11924,#3120);
#1947=LINE('',#11925,#3121);
#1948=LINE('',#11929,#3122);
#1949=LINE('',#11931,#3123);
#1950=LINE('',#11933,#3124);
#1951=LINE('',#11934,#3125);
#1952=LINE('',#11937,#3126);
#1953=LINE('',#11939,#3127);
#1954=LINE('',#11940,#3128);
#1955=LINE('',#11942,#3129);
#1956=LINE('',#11943,#3130);
#1957=LINE('',#11947,#3131);
#1958=LINE('',#11949,#3132);
#1959=LINE('',#11951,#3133);
#1960=LINE('',#11952,#3134);
#1961=LINE('',#11955,#3135);
#1962=LINE('',#11957,#3136);
#1963=LINE('',#11958,#3137);
#1964=LINE('',#11960,#3138);
#1965=LINE('',#11961,#3139);
#1966=LINE('',#11965,#3140);
#1967=LINE('',#11967,#3141);
#1968=LINE('',#11969,#3142);
#1969=LINE('',#11970,#3143);
#1970=LINE('',#11973,#3144);
#1971=LINE('',#11975,#3145);
#1972=LINE('',#11976,#3146);
#1973=LINE('',#11978,#3147);
#1974=LINE('',#11979,#3148);
#1975=LINE('',#11983,#3149);
#1976=LINE('',#11985,#3150);
#1977=LINE('',#11987,#3151);
#1978=LINE('',#11988,#3152);
#1979=LINE('',#11991,#3153);
#1980=LINE('',#11993,#3154);
#1981=LINE('',#11994,#3155);
#1982=LINE('',#11996,#3156);
#1983=LINE('',#11997,#3157);
#1984=LINE('',#12001,#3158);
#1985=LINE('',#12003,#3159);
#1986=LINE('',#12005,#3160);
#1987=LINE('',#12006,#3161);
#1988=LINE('',#12009,#3162);
#1989=LINE('',#12011,#3163);
#1990=LINE('',#12012,#3164);
#1991=LINE('',#12014,#3165);
#1992=LINE('',#12015,#3166);
#1993=LINE('',#12019,#3167);
#1994=LINE('',#12021,#3168);
#1995=LINE('',#12023,#3169);
#1996=LINE('',#12024,#3170);
#1997=LINE('',#12027,#3171);
#1998=LINE('',#12029,#3172);
#1999=LINE('',#12030,#3173);
#2000=LINE('',#12032,#3174);
#2001=LINE('',#12033,#3175);
#2002=LINE('',#12037,#3176);
#2003=LINE('',#12039,#3177);
#2004=LINE('',#12041,#3178);
#2005=LINE('',#12042,#3179);
#2006=LINE('',#12045,#3180);
#2007=LINE('',#12047,#3181);
#2008=LINE('',#12048,#3182);
#2009=LINE('',#12050,#3183);
#2010=LINE('',#12051,#3184);
#2011=LINE('',#12055,#3185);
#2012=LINE('',#12057,#3186);
#2013=LINE('',#12059,#3187);
#2014=LINE('',#12060,#3188);
#2015=LINE('',#12063,#3189);
#2016=LINE('',#12065,#3190);
#2017=LINE('',#12066,#3191);
#2018=LINE('',#12068,#3192);
#2019=LINE('',#12069,#3193);
#2020=LINE('',#12073,#3194);
#2021=LINE('',#12075,#3195);
#2022=LINE('',#12077,#3196);
#2023=LINE('',#12078,#3197);
#2024=LINE('',#12081,#3198);
#2025=LINE('',#12083,#3199);
#2026=LINE('',#12084,#3200);
#2027=LINE('',#12086,#3201);
#2028=LINE('',#12087,#3202);
#2029=LINE('',#12091,#3203);
#2030=LINE('',#12093,#3204);
#2031=LINE('',#12095,#3205);
#2032=LINE('',#12096,#3206);
#2033=LINE('',#12099,#3207);
#2034=LINE('',#12101,#3208);
#2035=LINE('',#12102,#3209);
#2036=LINE('',#12104,#3210);
#2037=LINE('',#12105,#3211);
#2038=LINE('',#12109,#3212);
#2039=LINE('',#12111,#3213);
#2040=LINE('',#12113,#3214);
#2041=LINE('',#12114,#3215);
#2042=LINE('',#12117,#3216);
#2043=LINE('',#12119,#3217);
#2044=LINE('',#12120,#3218);
#2045=LINE('',#12122,#3219);
#2046=LINE('',#12123,#3220);
#2047=LINE('',#12127,#3221);
#2048=LINE('',#12129,#3222);
#2049=LINE('',#12131,#3223);
#2050=LINE('',#12132,#3224);
#2051=LINE('',#12135,#3225);
#2052=LINE('',#12137,#3226);
#2053=LINE('',#12138,#3227);
#2054=LINE('',#12140,#3228);
#2055=LINE('',#12141,#3229);
#2056=LINE('',#12145,#3230);
#2057=LINE('',#12147,#3231);
#2058=LINE('',#12149,#3232);
#2059=LINE('',#12150,#3233);
#2060=LINE('',#12153,#3234);
#2061=LINE('',#12155,#3235);
#2062=LINE('',#12156,#3236);
#2063=LINE('',#12158,#3237);
#2064=LINE('',#12159,#3238);
#2065=LINE('',#12163,#3239);
#2066=LINE('',#12165,#3240);
#2067=LINE('',#12167,#3241);
#2068=LINE('',#12168,#3242);
#2069=LINE('',#12171,#3243);
#2070=LINE('',#12173,#3244);
#2071=LINE('',#12174,#3245);
#2072=LINE('',#12176,#3246);
#2073=LINE('',#12177,#3247);
#2074=LINE('',#12181,#3248);
#2075=LINE('',#12183,#3249);
#2076=LINE('',#12185,#3250);
#2077=LINE('',#12186,#3251);
#2078=LINE('',#12189,#3252);
#2079=LINE('',#12191,#3253);
#2080=LINE('',#12192,#3254);
#2081=LINE('',#12194,#3255);
#2082=LINE('',#12195,#3256);
#2083=LINE('',#12199,#3257);
#2084=LINE('',#12201,#3258);
#2085=LINE('',#12203,#3259);
#2086=LINE('',#12204,#3260);
#2087=LINE('',#12207,#3261);
#2088=LINE('',#12209,#3262);
#2089=LINE('',#12210,#3263);
#2090=LINE('',#12212,#3264);
#2091=LINE('',#12213,#3265);
#2092=LINE('',#12217,#3266);
#2093=LINE('',#12219,#3267);
#2094=LINE('',#12221,#3268);
#2095=LINE('',#12222,#3269);
#2096=LINE('',#12225,#3270);
#2097=LINE('',#12227,#3271);
#2098=LINE('',#12228,#3272);
#2099=LINE('',#12230,#3273);
#2100=LINE('',#12231,#3274);
#2101=LINE('',#12235,#3275);
#2102=LINE('',#12237,#3276);
#2103=LINE('',#12239,#3277);
#2104=LINE('',#12240,#3278);
#2105=LINE('',#12243,#3279);
#2106=LINE('',#12245,#3280);
#2107=LINE('',#12246,#3281);
#2108=LINE('',#12248,#3282);
#2109=LINE('',#12249,#3283);
#2110=LINE('',#12253,#3284);
#2111=LINE('',#12255,#3285);
#2112=LINE('',#12257,#3286);
#2113=LINE('',#12258,#3287);
#2114=LINE('',#12261,#3288);
#2115=LINE('',#12263,#3289);
#2116=LINE('',#12264,#3290);
#2117=LINE('',#12266,#3291);
#2118=LINE('',#12267,#3292);
#2119=LINE('',#12271,#3293);
#2120=LINE('',#12273,#3294);
#2121=LINE('',#12275,#3295);
#2122=LINE('',#12276,#3296);
#2123=LINE('',#12279,#3297);
#2124=LINE('',#12281,#3298);
#2125=LINE('',#12282,#3299);
#2126=LINE('',#12284,#3300);
#2127=LINE('',#12285,#3301);
#2128=LINE('',#12289,#3302);
#2129=LINE('',#12291,#3303);
#2130=LINE('',#12293,#3304);
#2131=LINE('',#12294,#3305);
#2132=LINE('',#12297,#3306);
#2133=LINE('',#12299,#3307);
#2134=LINE('',#12300,#3308);
#2135=LINE('',#12302,#3309);
#2136=LINE('',#12303,#3310);
#2137=LINE('',#12307,#3311);
#2138=LINE('',#12309,#3312);
#2139=LINE('',#12311,#3313);
#2140=LINE('',#12312,#3314);
#2141=LINE('',#12315,#3315);
#2142=LINE('',#12317,#3316);
#2143=LINE('',#12318,#3317);
#2144=LINE('',#12320,#3318);
#2145=LINE('',#12321,#3319);
#2146=LINE('',#12325,#3320);
#2147=LINE('',#12327,#3321);
#2148=LINE('',#12329,#3322);
#2149=LINE('',#12330,#3323);
#2150=LINE('',#12333,#3324);
#2151=LINE('',#12335,#3325);
#2152=LINE('',#12336,#3326);
#2153=LINE('',#12338,#3327);
#2154=LINE('',#12339,#3328);
#2155=LINE('',#12343,#3329);
#2156=LINE('',#12345,#3330);
#2157=LINE('',#12347,#3331);
#2158=LINE('',#12348,#3332);
#2159=LINE('',#12351,#3333);
#2160=LINE('',#12353,#3334);
#2161=LINE('',#12354,#3335);
#2162=LINE('',#12356,#3336);
#2163=LINE('',#12357,#3337);
#2164=LINE('',#12361,#3338);
#2165=LINE('',#12363,#3339);
#2166=LINE('',#12365,#3340);
#2167=LINE('',#12366,#3341);
#2168=LINE('',#12369,#3342);
#2169=LINE('',#12371,#3343);
#2170=LINE('',#12372,#3344);
#2171=LINE('',#12374,#3345);
#2172=LINE('',#12375,#3346);
#2173=LINE('',#12379,#3347);
#2174=LINE('',#12381,#3348);
#2175=LINE('',#12383,#3349);
#2176=LINE('',#12384,#3350);
#2177=LINE('',#12387,#3351);
#2178=LINE('',#12389,#3352);
#2179=LINE('',#12390,#3353);
#2180=LINE('',#12392,#3354);
#2181=LINE('',#12393,#3355);
#2182=LINE('',#12397,#3356);
#2183=LINE('',#12399,#3357);
#2184=LINE('',#12401,#3358);
#2185=LINE('',#12402,#3359);
#2186=LINE('',#12405,#3360);
#2187=LINE('',#12407,#3361);
#2188=LINE('',#12408,#3362);
#2189=LINE('',#12410,#3363);
#2190=LINE('',#12411,#3364);
#2191=LINE('',#12415,#3365);
#2192=LINE('',#12417,#3366);
#2193=LINE('',#12419,#3367);
#2194=LINE('',#12420,#3368);
#2195=LINE('',#12423,#3369);
#2196=LINE('',#12425,#3370);
#2197=LINE('',#12426,#3371);
#2198=LINE('',#12428,#3372);
#2199=LINE('',#12429,#3373);
#2200=LINE('',#12433,#3374);
#2201=LINE('',#12435,#3375);
#2202=LINE('',#12437,#3376);
#2203=LINE('',#12438,#3377);
#2204=LINE('',#12441,#3378);
#2205=LINE('',#12443,#3379);
#2206=LINE('',#12444,#3380);
#2207=LINE('',#12446,#3381);
#2208=LINE('',#12447,#3382);
#2209=LINE('',#12451,#3383);
#2210=LINE('',#12453,#3384);
#2211=LINE('',#12455,#3385);
#2212=LINE('',#12456,#3386);
#2213=LINE('',#12459,#3387);
#2214=LINE('',#12461,#3388);
#2215=LINE('',#12462,#3389);
#2216=LINE('',#12464,#3390);
#2217=LINE('',#12465,#3391);
#2218=LINE('',#12469,#3392);
#2219=LINE('',#12471,#3393);
#2220=LINE('',#12473,#3394);
#2221=LINE('',#12474,#3395);
#2222=LINE('',#12477,#3396);
#2223=LINE('',#12479,#3397);
#2224=LINE('',#12480,#3398);
#2225=LINE('',#12482,#3399);
#2226=LINE('',#12483,#3400);
#2227=LINE('',#12487,#3401);
#2228=LINE('',#12489,#3402);
#2229=LINE('',#12491,#3403);
#2230=LINE('',#12492,#3404);
#2231=LINE('',#12495,#3405);
#2232=LINE('',#12497,#3406);
#2233=LINE('',#12498,#3407);
#2234=LINE('',#12500,#3408);
#2235=LINE('',#12501,#3409);
#2236=LINE('',#12505,#3410);
#2237=LINE('',#12507,#3411);
#2238=LINE('',#12509,#3412);
#2239=LINE('',#12510,#3413);
#2240=LINE('',#12513,#3414);
#2241=LINE('',#12515,#3415);
#2242=LINE('',#12516,#3416);
#2243=LINE('',#12518,#3417);
#2244=LINE('',#12519,#3418);
#2245=LINE('',#12523,#3419);
#2246=LINE('',#12525,#3420);
#2247=LINE('',#12527,#3421);
#2248=LINE('',#12528,#3422);
#2249=LINE('',#12531,#3423);
#2250=LINE('',#12533,#3424);
#2251=LINE('',#12534,#3425);
#2252=LINE('',#12536,#3426);
#2253=LINE('',#12537,#3427);
#2254=LINE('',#12541,#3428);
#2255=LINE('',#12543,#3429);
#2256=LINE('',#12545,#3430);
#2257=LINE('',#12546,#3431);
#2258=LINE('',#12549,#3432);
#2259=LINE('',#12551,#3433);
#2260=LINE('',#12552,#3434);
#2261=LINE('',#12554,#3435);
#2262=LINE('',#12555,#3436);
#2263=LINE('',#12559,#3437);
#2264=LINE('',#12561,#3438);
#2265=LINE('',#12563,#3439);
#2266=LINE('',#12564,#3440);
#2267=LINE('',#12567,#3441);
#2268=LINE('',#12569,#3442);
#2269=LINE('',#12570,#3443);
#2270=LINE('',#12572,#3444);
#2271=LINE('',#12573,#3445);
#2272=LINE('',#12577,#3446);
#2273=LINE('',#12579,#3447);
#2274=LINE('',#12581,#3448);
#2275=LINE('',#12582,#3449);
#2276=LINE('',#12585,#3450);
#2277=LINE('',#12587,#3451);
#2278=LINE('',#12588,#3452);
#2279=LINE('',#12590,#3453);
#2280=LINE('',#12591,#3454);
#2281=LINE('',#12595,#3455);
#2282=LINE('',#12597,#3456);
#2283=LINE('',#12599,#3457);
#2284=LINE('',#12600,#3458);
#2285=LINE('',#12603,#3459);
#2286=LINE('',#12605,#3460);
#2287=LINE('',#12606,#3461);
#2288=LINE('',#12608,#3462);
#2289=LINE('',#12609,#3463);
#2290=LINE('',#12613,#3464);
#2291=LINE('',#12615,#3465);
#2292=LINE('',#12617,#3466);
#2293=LINE('',#12618,#3467);
#2294=LINE('',#12621,#3468);
#2295=LINE('',#12623,#3469);
#2296=LINE('',#12624,#3470);
#2297=LINE('',#12626,#3471);
#2298=LINE('',#12627,#3472);
#2299=LINE('',#12631,#3473);
#2300=LINE('',#12633,#3474);
#2301=LINE('',#12635,#3475);
#2302=LINE('',#12636,#3476);
#2303=LINE('',#12639,#3477);
#2304=LINE('',#12641,#3478);
#2305=LINE('',#12642,#3479);
#2306=LINE('',#12644,#3480);
#2307=LINE('',#12645,#3481);
#2308=LINE('',#12649,#3482);
#2309=LINE('',#12651,#3483);
#2310=LINE('',#12653,#3484);
#2311=LINE('',#12654,#3485);
#2312=LINE('',#12657,#3486);
#2313=LINE('',#12659,#3487);
#2314=LINE('',#12660,#3488);
#2315=LINE('',#12662,#3489);
#2316=LINE('',#12663,#3490);
#2317=LINE('',#12667,#3491);
#2318=LINE('',#12669,#3492);
#2319=LINE('',#12671,#3493);
#2320=LINE('',#12672,#3494);
#2321=LINE('',#12675,#3495);
#2322=LINE('',#12677,#3496);
#2323=LINE('',#12678,#3497);
#2324=LINE('',#12680,#3498);
#2325=LINE('',#12681,#3499);
#2326=LINE('',#12685,#3500);
#2327=LINE('',#12687,#3501);
#2328=LINE('',#12689,#3502);
#2329=LINE('',#12690,#3503);
#2330=LINE('',#12693,#3504);
#2331=LINE('',#12695,#3505);
#2332=LINE('',#12696,#3506);
#2333=LINE('',#12698,#3507);
#2334=LINE('',#12699,#3508);
#2335=LINE('',#12703,#3509);
#2336=LINE('',#12705,#3510);
#2337=LINE('',#12707,#3511);
#2338=LINE('',#12708,#3512);
#2339=LINE('',#12711,#3513);
#2340=LINE('',#12713,#3514);
#2341=LINE('',#12714,#3515);
#2342=LINE('',#12716,#3516);
#2343=LINE('',#12717,#3517);
#2344=LINE('',#12721,#3518);
#2345=LINE('',#12723,#3519);
#2346=LINE('',#12725,#3520);
#2347=LINE('',#12726,#3521);
#2348=LINE('',#12729,#3522);
#2349=LINE('',#12731,#3523);
#2350=LINE('',#12732,#3524);
#2351=LINE('',#12734,#3525);
#2352=LINE('',#12735,#3526);
#2353=LINE('',#12739,#3527);
#2354=LINE('',#12741,#3528);
#2355=LINE('',#12743,#3529);
#2356=LINE('',#12744,#3530);
#2357=LINE('',#12747,#3531);
#2358=LINE('',#12749,#3532);
#2359=LINE('',#12750,#3533);
#2360=LINE('',#12752,#3534);
#2361=LINE('',#12753,#3535);
#2362=LINE('',#12757,#3536);
#2363=LINE('',#12759,#3537);
#2364=LINE('',#12761,#3538);
#2365=LINE('',#12762,#3539);
#2366=LINE('',#12765,#3540);
#2367=LINE('',#12767,#3541);
#2368=LINE('',#12768,#3542);
#2369=LINE('',#12770,#3543);
#2370=LINE('',#12771,#3544);
#2371=LINE('',#12775,#3545);
#2372=LINE('',#12777,#3546);
#2373=LINE('',#12779,#3547);
#2374=LINE('',#12780,#3548);
#2375=LINE('',#12783,#3549);
#2376=LINE('',#12785,#3550);
#2377=LINE('',#12786,#3551);
#2378=LINE('',#12788,#3552);
#2379=LINE('',#12789,#3553);
#2380=LINE('',#12793,#3554);
#2381=LINE('',#12795,#3555);
#2382=LINE('',#12797,#3556);
#2383=LINE('',#12798,#3557);
#2384=LINE('',#12801,#3558);
#2385=LINE('',#12803,#3559);
#2386=LINE('',#12804,#3560);
#2387=LINE('',#12806,#3561);
#2388=LINE('',#12807,#3562);
#2389=LINE('',#12811,#3563);
#2390=LINE('',#12813,#3564);
#2391=LINE('',#12815,#3565);
#2392=LINE('',#12816,#3566);
#2393=LINE('',#12819,#3567);
#2394=LINE('',#12821,#3568);
#2395=LINE('',#12822,#3569);
#2396=LINE('',#12824,#3570);
#2397=LINE('',#12825,#3571);
#2398=LINE('',#12829,#3572);
#2399=LINE('',#12831,#3573);
#2400=LINE('',#12833,#3574);
#2401=LINE('',#12834,#3575);
#2402=LINE('',#12837,#3576);
#2403=LINE('',#12839,#3577);
#2404=LINE('',#12840,#3578);
#2405=LINE('',#12842,#3579);
#2406=LINE('',#12843,#3580);
#2407=LINE('',#12848,#3581);
#2408=LINE('',#12853,#3582);
#2409=LINE('',#12855,#3583);
#2410=LINE('',#12857,#3584);
#2411=LINE('',#12858,#3585);
#2412=LINE('',#12861,#3586);
#2413=LINE('',#12863,#3587);
#2414=LINE('',#12864,#3588);
#2415=LINE('',#12866,#3589);
#2416=LINE('',#12867,#3590);
#2417=LINE('',#12871,#3591);
#2418=LINE('',#12873,#3592);
#2419=LINE('',#12875,#3593);
#2420=LINE('',#12876,#3594);
#2421=LINE('',#12879,#3595);
#2422=LINE('',#12881,#3596);
#2423=LINE('',#12882,#3597);
#2424=LINE('',#12884,#3598);
#2425=LINE('',#12885,#3599);
#2426=LINE('',#12889,#3600);
#2427=LINE('',#12891,#3601);
#2428=LINE('',#12893,#3602);
#2429=LINE('',#12894,#3603);
#2430=LINE('',#12897,#3604);
#2431=LINE('',#12899,#3605);
#2432=LINE('',#12900,#3606);
#2433=LINE('',#12902,#3607);
#2434=LINE('',#12903,#3608);
#2435=LINE('',#12907,#3609);
#2436=LINE('',#12909,#3610);
#2437=LINE('',#12911,#3611);
#2438=LINE('',#12912,#3612);
#2439=LINE('',#12915,#3613);
#2440=LINE('',#12917,#3614);
#2441=LINE('',#12918,#3615);
#2442=LINE('',#12920,#3616);
#2443=LINE('',#12921,#3617);
#2444=LINE('',#12925,#3618);
#2445=LINE('',#12927,#3619);
#2446=LINE('',#12929,#3620);
#2447=LINE('',#12930,#3621);
#2448=LINE('',#12933,#3622);
#2449=LINE('',#12935,#3623);
#2450=LINE('',#12936,#3624);
#2451=LINE('',#12938,#3625);
#2452=LINE('',#12939,#3626);
#2453=LINE('',#12943,#3627);
#2454=LINE('',#12945,#3628);
#2455=LINE('',#12947,#3629);
#2456=LINE('',#12948,#3630);
#2457=LINE('',#12951,#3631);
#2458=LINE('',#12953,#3632);
#2459=LINE('',#12954,#3633);
#2460=LINE('',#12956,#3634);
#2461=LINE('',#12957,#3635);
#2462=LINE('',#12961,#3636);
#2463=LINE('',#12963,#3637);
#2464=LINE('',#12965,#3638);
#2465=LINE('',#12966,#3639);
#2466=LINE('',#12969,#3640);
#2467=LINE('',#12971,#3641);
#2468=LINE('',#12972,#3642);
#2469=LINE('',#12974,#3643);
#2470=LINE('',#12975,#3644);
#2471=LINE('',#12979,#3645);
#2472=LINE('',#12981,#3646);
#2473=LINE('',#12983,#3647);
#2474=LINE('',#12984,#3648);
#2475=LINE('',#12987,#3649);
#2476=LINE('',#12989,#3650);
#2477=LINE('',#12990,#3651);
#2478=LINE('',#12992,#3652);
#2479=LINE('',#12993,#3653);
#2480=LINE('',#12997,#3654);
#2481=LINE('',#12999,#3655);
#2482=LINE('',#13001,#3656);
#2483=LINE('',#13002,#3657);
#2484=LINE('',#13005,#3658);
#2485=LINE('',#13007,#3659);
#2486=LINE('',#13008,#3660);
#2487=LINE('',#13010,#3661);
#2488=LINE('',#13011,#3662);
#2489=LINE('',#13015,#3663);
#2490=LINE('',#13017,#3664);
#2491=LINE('',#13019,#3665);
#2492=LINE('',#13020,#3666);
#2493=LINE('',#13023,#3667);
#2494=LINE('',#13025,#3668);
#2495=LINE('',#13026,#3669);
#2496=LINE('',#13028,#3670);
#2497=LINE('',#13029,#3671);
#2498=LINE('',#13033,#3672);
#2499=LINE('',#13035,#3673);
#2500=LINE('',#13037,#3674);
#2501=LINE('',#13038,#3675);
#2502=LINE('',#13041,#3676);
#2503=LINE('',#13043,#3677);
#2504=LINE('',#13044,#3678);
#2505=LINE('',#13046,#3679);
#2506=LINE('',#13047,#3680);
#2507=LINE('',#13051,#3681);
#2508=LINE('',#13053,#3682);
#2509=LINE('',#13055,#3683);
#2510=LINE('',#13056,#3684);
#2511=LINE('',#13059,#3685);
#2512=LINE('',#13061,#3686);
#2513=LINE('',#13062,#3687);
#2514=LINE('',#13064,#3688);
#2515=LINE('',#13065,#3689);
#2516=LINE('',#13069,#3690);
#2517=LINE('',#13071,#3691);
#2518=LINE('',#13073,#3692);
#2519=LINE('',#13074,#3693);
#2520=LINE('',#13077,#3694);
#2521=LINE('',#13079,#3695);
#2522=LINE('',#13080,#3696);
#2523=LINE('',#13082,#3697);
#2524=LINE('',#13083,#3698);
#2525=LINE('',#13087,#3699);
#2526=LINE('',#13089,#3700);
#2527=LINE('',#13091,#3701);
#2528=LINE('',#13092,#3702);
#2529=LINE('',#13095,#3703);
#2530=LINE('',#13097,#3704);
#2531=LINE('',#13098,#3705);
#2532=LINE('',#13100,#3706);
#2533=LINE('',#13101,#3707);
#2534=LINE('',#13105,#3708);
#2535=LINE('',#13107,#3709);
#2536=LINE('',#13109,#3710);
#2537=LINE('',#13110,#3711);
#2538=LINE('',#13113,#3712);
#2539=LINE('',#13115,#3713);
#2540=LINE('',#13116,#3714);
#2541=LINE('',#13118,#3715);
#2542=LINE('',#13119,#3716);
#2543=LINE('',#13123,#3717);
#2544=LINE('',#13125,#3718);
#2545=LINE('',#13127,#3719);
#2546=LINE('',#13128,#3720);
#2547=LINE('',#13131,#3721);
#2548=LINE('',#13133,#3722);
#2549=LINE('',#13134,#3723);
#2550=LINE('',#13136,#3724);
#2551=LINE('',#13137,#3725);
#2552=LINE('',#13141,#3726);
#2553=LINE('',#13143,#3727);
#2554=LINE('',#13145,#3728);
#2555=LINE('',#13146,#3729);
#2556=LINE('',#13149,#3730);
#2557=LINE('',#13151,#3731);
#2558=LINE('',#13152,#3732);
#2559=LINE('',#13154,#3733);
#2560=LINE('',#13155,#3734);
#2561=LINE('',#13159,#3735);
#2562=LINE('',#13161,#3736);
#2563=LINE('',#13163,#3737);
#2564=LINE('',#13164,#3738);
#2565=LINE('',#13167,#3739);
#2566=LINE('',#13169,#3740);
#2567=LINE('',#13170,#3741);
#2568=LINE('',#13172,#3742);
#2569=LINE('',#13173,#3743);
#2570=LINE('',#13177,#3744);
#2571=LINE('',#13179,#3745);
#2572=LINE('',#13181,#3746);
#2573=LINE('',#13182,#3747);
#2574=LINE('',#13185,#3748);
#2575=LINE('',#13187,#3749);
#2576=LINE('',#13188,#3750);
#2577=LINE('',#13190,#3751);
#2578=LINE('',#13191,#3752);
#2579=LINE('',#13195,#3753);
#2580=LINE('',#13197,#3754);
#2581=LINE('',#13199,#3755);
#2582=LINE('',#13200,#3756);
#2583=LINE('',#13203,#3757);
#2584=LINE('',#13205,#3758);
#2585=LINE('',#13206,#3759);
#2586=LINE('',#13208,#3760);
#2587=LINE('',#13209,#3761);
#2588=LINE('',#13213,#3762);
#2589=LINE('',#13215,#3763);
#2590=LINE('',#13217,#3764);
#2591=LINE('',#13218,#3765);
#2592=LINE('',#13221,#3766);
#2593=LINE('',#13223,#3767);
#2594=LINE('',#13224,#3768);
#2595=LINE('',#13226,#3769);
#2596=LINE('',#13227,#3770);
#2597=LINE('',#13231,#3771);
#2598=LINE('',#13233,#3772);
#2599=LINE('',#13235,#3773);
#2600=LINE('',#13236,#3774);
#2601=LINE('',#13239,#3775);
#2602=LINE('',#13241,#3776);
#2603=LINE('',#13242,#3777);
#2604=LINE('',#13244,#3778);
#2605=LINE('',#13245,#3779);
#2606=LINE('',#13249,#3780);
#2607=LINE('',#13251,#3781);
#2608=LINE('',#13253,#3782);
#2609=LINE('',#13254,#3783);
#2610=LINE('',#13257,#3784);
#2611=LINE('',#13259,#3785);
#2612=LINE('',#13260,#3786);
#2613=LINE('',#13262,#3787);
#2614=LINE('',#13263,#3788);
#2615=LINE('',#13267,#3789);
#2616=LINE('',#13269,#3790);
#2617=LINE('',#13271,#3791);
#2618=LINE('',#13272,#3792);
#2619=LINE('',#13275,#3793);
#2620=LINE('',#13277,#3794);
#2621=LINE('',#13278,#3795);
#2622=LINE('',#13280,#3796);
#2623=LINE('',#13281,#3797);
#2624=LINE('',#13285,#3798);
#2625=LINE('',#13287,#3799);
#2626=LINE('',#13289,#3800);
#2627=LINE('',#13290,#3801);
#2628=LINE('',#13293,#3802);
#2629=LINE('',#13295,#3803);
#2630=LINE('',#13296,#3804);
#2631=LINE('',#13298,#3805);
#2632=LINE('',#13299,#3806);
#2633=LINE('',#13303,#3807);
#2634=LINE('',#13305,#3808);
#2635=LINE('',#13307,#3809);
#2636=LINE('',#13308,#3810);
#2637=LINE('',#13311,#3811);
#2638=LINE('',#13313,#3812);
#2639=LINE('',#13314,#3813);
#2640=LINE('',#13316,#3814);
#2641=LINE('',#13317,#3815);
#2642=LINE('',#13321,#3816);
#2643=LINE('',#13323,#3817);
#2644=LINE('',#13325,#3818);
#2645=LINE('',#13326,#3819);
#2646=LINE('',#13329,#3820);
#2647=LINE('',#13331,#3821);
#2648=LINE('',#13332,#3822);
#2649=LINE('',#13334,#3823);
#2650=LINE('',#13335,#3824);
#2651=LINE('',#13339,#3825);
#2652=LINE('',#13341,#3826);
#2653=LINE('',#13343,#3827);
#2654=LINE('',#13344,#3828);
#2655=LINE('',#13347,#3829);
#2656=LINE('',#13349,#3830);
#2657=LINE('',#13350,#3831);
#2658=LINE('',#13352,#3832);
#2659=LINE('',#13353,#3833);
#2660=LINE('',#13357,#3834);
#2661=LINE('',#13359,#3835);
#2662=LINE('',#13361,#3836);
#2663=LINE('',#13362,#3837);
#2664=LINE('',#13365,#3838);
#2665=LINE('',#13367,#3839);
#2666=LINE('',#13368,#3840);
#2667=LINE('',#13370,#3841);
#2668=LINE('',#13371,#3842);
#2669=LINE('',#13375,#3843);
#2670=LINE('',#13377,#3844);
#2671=LINE('',#13379,#3845);
#2672=LINE('',#13380,#3846);
#2673=LINE('',#13383,#3847);
#2674=LINE('',#13385,#3848);
#2675=LINE('',#13386,#3849);
#2676=LINE('',#13388,#3850);
#2677=LINE('',#13389,#3851);
#2678=LINE('',#13393,#3852);
#2679=LINE('',#13395,#3853);
#2680=LINE('',#13397,#3854);
#2681=LINE('',#13398,#3855);
#2682=LINE('',#13401,#3856);
#2683=LINE('',#13403,#3857);
#2684=LINE('',#13404,#3858);
#2685=LINE('',#13406,#3859);
#2686=LINE('',#13407,#3860);
#2687=LINE('',#13411,#3861);
#2688=LINE('',#13413,#3862);
#2689=LINE('',#13415,#3863);
#2690=LINE('',#13416,#3864);
#2691=LINE('',#13419,#3865);
#2692=LINE('',#13421,#3866);
#2693=LINE('',#13422,#3867);
#2694=LINE('',#13424,#3868);
#2695=LINE('',#13425,#3869);
#2696=LINE('',#13429,#3870);
#2697=LINE('',#13431,#3871);
#2698=LINE('',#13433,#3872);
#2699=LINE('',#13434,#3873);
#2700=LINE('',#13437,#3874);
#2701=LINE('',#13439,#3875);
#2702=LINE('',#13440,#3876);
#2703=LINE('',#13442,#3877);
#2704=LINE('',#13443,#3878);
#2705=LINE('',#13447,#3879);
#2706=LINE('',#13449,#3880);
#2707=LINE('',#13451,#3881);
#2708=LINE('',#13452,#3882);
#2709=LINE('',#13455,#3883);
#2710=LINE('',#13457,#3884);
#2711=LINE('',#13458,#3885);
#2712=LINE('',#13460,#3886);
#2713=LINE('',#13461,#3887);
#2714=LINE('',#13465,#3888);
#2715=LINE('',#13467,#3889);
#2716=LINE('',#13469,#3890);
#2717=LINE('',#13470,#3891);
#2718=LINE('',#13473,#3892);
#2719=LINE('',#13475,#3893);
#2720=LINE('',#13476,#3894);
#2721=LINE('',#13478,#3895);
#2722=LINE('',#13479,#3896);
#2723=LINE('',#13483,#3897);
#2724=LINE('',#13485,#3898);
#2725=LINE('',#13487,#3899);
#2726=LINE('',#13488,#3900);
#2727=LINE('',#13491,#3901);
#2728=LINE('',#13493,#3902);
#2729=LINE('',#13494,#3903);
#2730=LINE('',#13496,#3904);
#2731=LINE('',#13497,#3905);
#2732=LINE('',#13501,#3906);
#2733=LINE('',#13503,#3907);
#2734=LINE('',#13505,#3908);
#2735=LINE('',#13506,#3909);
#2736=LINE('',#13509,#3910);
#2737=LINE('',#13511,#3911);
#2738=LINE('',#13512,#3912);
#2739=LINE('',#13514,#3913);
#2740=LINE('',#13515,#3914);
#2741=LINE('',#13519,#3915);
#2742=LINE('',#13521,#3916);
#2743=LINE('',#13523,#3917);
#2744=LINE('',#13524,#3918);
#2745=LINE('',#13527,#3919);
#2746=LINE('',#13529,#3920);
#2747=LINE('',#13530,#3921);
#2748=LINE('',#13532,#3922);
#2749=LINE('',#13533,#3923);
#2750=LINE('',#13537,#3924);
#2751=LINE('',#13539,#3925);
#2752=LINE('',#13541,#3926);
#2753=LINE('',#13542,#3927);
#2754=LINE('',#13545,#3928);
#2755=LINE('',#13547,#3929);
#2756=LINE('',#13548,#3930);
#2757=LINE('',#13550,#3931);
#2758=LINE('',#13551,#3932);
#2759=LINE('',#13555,#3933);
#2760=LINE('',#13557,#3934);
#2761=LINE('',#13559,#3935);
#2762=LINE('',#13560,#3936);
#2763=LINE('',#13563,#3937);
#2764=LINE('',#13565,#3938);
#2765=LINE('',#13566,#3939);
#2766=LINE('',#13568,#3940);
#2767=LINE('',#13569,#3941);
#2768=LINE('',#13573,#3942);
#2769=LINE('',#13575,#3943);
#2770=LINE('',#13577,#3944);
#2771=LINE('',#13578,#3945);
#2772=LINE('',#13581,#3946);
#2773=LINE('',#13583,#3947);
#2774=LINE('',#13584,#3948);
#2775=LINE('',#13586,#3949);
#2776=LINE('',#13587,#3950);
#2777=LINE('',#13591,#3951);
#2778=LINE('',#13593,#3952);
#2779=LINE('',#13595,#3953);
#2780=LINE('',#13596,#3954);
#2781=LINE('',#13599,#3955);
#2782=LINE('',#13601,#3956);
#2783=LINE('',#13602,#3957);
#2784=LINE('',#13604,#3958);
#2785=LINE('',#13605,#3959);
#2786=LINE('',#13609,#3960);
#2787=LINE('',#13611,#3961);
#2788=LINE('',#13613,#3962);
#2789=LINE('',#13614,#3963);
#2790=LINE('',#13617,#3964);
#2791=LINE('',#13619,#3965);
#2792=LINE('',#13620,#3966);
#2793=LINE('',#13622,#3967);
#2794=LINE('',#13623,#3968);
#2795=LINE('',#13627,#3969);
#2796=LINE('',#13629,#3970);
#2797=LINE('',#13631,#3971);
#2798=LINE('',#13632,#3972);
#2799=LINE('',#13635,#3973);
#2800=LINE('',#13637,#3974);
#2801=LINE('',#13638,#3975);
#2802=LINE('',#13640,#3976);
#2803=LINE('',#13641,#3977);
#2804=LINE('',#13645,#3978);
#2805=LINE('',#13647,#3979);
#2806=LINE('',#13649,#3980);
#2807=LINE('',#13650,#3981);
#2808=LINE('',#13653,#3982);
#2809=LINE('',#13655,#3983);
#2810=LINE('',#13656,#3984);
#2811=LINE('',#13658,#3985);
#2812=LINE('',#13659,#3986);
#2813=LINE('',#13663,#3987);
#2814=LINE('',#13665,#3988);
#2815=LINE('',#13667,#3989);
#2816=LINE('',#13668,#3990);
#2817=LINE('',#13671,#3991);
#2818=LINE('',#13673,#3992);
#2819=LINE('',#13674,#3993);
#2820=LINE('',#13676,#3994);
#2821=LINE('',#13677,#3995);
#2822=LINE('',#13681,#3996);
#2823=LINE('',#13683,#3997);
#2824=LINE('',#13685,#3998);
#2825=LINE('',#13686,#3999);
#2826=LINE('',#13689,#4000);
#2827=LINE('',#13691,#4001);
#2828=LINE('',#13692,#4002);
#2829=LINE('',#13694,#4003);
#2830=LINE('',#13695,#4004);
#2831=LINE('',#13699,#4005);
#2832=LINE('',#13701,#4006);
#2833=LINE('',#13703,#4007);
#2834=LINE('',#13704,#4008);
#2835=LINE('',#13707,#4009);
#2836=LINE('',#13709,#4010);
#2837=LINE('',#13710,#4011);
#2838=LINE('',#13712,#4012);
#2839=LINE('',#13713,#4013);
#2840=LINE('',#13717,#4014);
#2841=LINE('',#13719,#4015);
#2842=LINE('',#13721,#4016);
#2843=LINE('',#13722,#4017);
#2844=LINE('',#13725,#4018);
#2845=LINE('',#13727,#4019);
#2846=LINE('',#13728,#4020);
#2847=LINE('',#13730,#4021);
#2848=LINE('',#13731,#4022);
#2849=LINE('',#13735,#4023);
#2850=LINE('',#13737,#4024);
#2851=LINE('',#13739,#4025);
#2852=LINE('',#13740,#4026);
#2853=LINE('',#13743,#4027);
#2854=LINE('',#13745,#4028);
#2855=LINE('',#13746,#4029);
#2856=LINE('',#13748,#4030);
#2857=LINE('',#13749,#4031);
#2858=LINE('',#13753,#4032);
#2859=LINE('',#13755,#4033);
#2860=LINE('',#13757,#4034);
#2861=LINE('',#13758,#4035);
#2862=LINE('',#13761,#4036);
#2863=LINE('',#13763,#4037);
#2864=LINE('',#13764,#4038);
#2865=LINE('',#13766,#4039);
#2866=LINE('',#13767,#4040);
#2867=LINE('',#13772,#4041);
#2868=LINE('',#13777,#4042);
#2869=LINE('',#13779,#4043);
#2870=LINE('',#13781,#4044);
#2871=LINE('',#13782,#4045);
#2872=LINE('',#13785,#4046);
#2873=LINE('',#13787,#4047);
#2874=LINE('',#13788,#4048);
#2875=LINE('',#13790,#4049);
#2876=LINE('',#13791,#4050);
#2877=LINE('',#13795,#4051);
#2878=LINE('',#13797,#4052);
#2879=LINE('',#13799,#4053);
#2880=LINE('',#13800,#4054);
#2881=LINE('',#13803,#4055);
#2882=LINE('',#13805,#4056);
#2883=LINE('',#13806,#4057);
#2884=LINE('',#13808,#4058);
#2885=LINE('',#13809,#4059);
#2886=LINE('',#13813,#4060);
#2887=LINE('',#13815,#4061);
#2888=LINE('',#13817,#4062);
#2889=LINE('',#13818,#4063);
#2890=LINE('',#13821,#4064);
#2891=LINE('',#13823,#4065);
#2892=LINE('',#13824,#4066);
#2893=LINE('',#13826,#4067);
#2894=LINE('',#13827,#4068);
#2895=LINE('',#13831,#4069);
#2896=LINE('',#13833,#4070);
#2897=LINE('',#13835,#4071);
#2898=LINE('',#13836,#4072);
#2899=LINE('',#13839,#4073);
#2900=LINE('',#13841,#4074);
#2901=LINE('',#13842,#4075);
#2902=LINE('',#13844,#4076);
#2903=LINE('',#13845,#4077);
#2904=LINE('',#13849,#4078);
#2905=LINE('',#13851,#4079);
#2906=LINE('',#13853,#4080);
#2907=LINE('',#13854,#4081);
#2908=LINE('',#13857,#4082);
#2909=LINE('',#13859,#4083);
#2910=LINE('',#13860,#4084);
#2911=LINE('',#13862,#4085);
#2912=LINE('',#13863,#4086);
#2913=LINE('',#13867,#4087);
#2914=LINE('',#13869,#4088);
#2915=LINE('',#13871,#4089);
#2916=LINE('',#13872,#4090);
#2917=LINE('',#13875,#4091);
#2918=LINE('',#13877,#4092);
#2919=LINE('',#13878,#4093);
#2920=LINE('',#13880,#4094);
#2921=LINE('',#13881,#4095);
#2922=LINE('',#13885,#4096);
#2923=LINE('',#13887,#4097);
#2924=LINE('',#13889,#4098);
#2925=LINE('',#13890,#4099);
#2926=LINE('',#13893,#4100);
#2927=LINE('',#13895,#4101);
#2928=LINE('',#13896,#4102);
#2929=LINE('',#13898,#4103);
#2930=LINE('',#13899,#4104);
#2931=LINE('',#13903,#4105);
#2932=LINE('',#13905,#4106);
#2933=LINE('',#13907,#4107);
#2934=LINE('',#13908,#4108);
#2935=LINE('',#13911,#4109);
#2936=LINE('',#13913,#4110);
#2937=LINE('',#13914,#4111);
#2938=LINE('',#13916,#4112);
#2939=LINE('',#13917,#4113);
#2940=LINE('',#13921,#4114);
#2941=LINE('',#13923,#4115);
#2942=LINE('',#13925,#4116);
#2943=LINE('',#13926,#4117);
#2944=LINE('',#13929,#4118);
#2945=LINE('',#13931,#4119);
#2946=LINE('',#13932,#4120);
#2947=LINE('',#13934,#4121);
#2948=LINE('',#13935,#4122);
#2949=LINE('',#13939,#4123);
#2950=LINE('',#13941,#4124);
#2951=LINE('',#13943,#4125);
#2952=LINE('',#13944,#4126);
#2953=LINE('',#13947,#4127);
#2954=LINE('',#13949,#4128);
#2955=LINE('',#13950,#4129);
#2956=LINE('',#13953,#4130);
#2957=LINE('',#13955,#4131);
#2958=LINE('',#13956,#4132);
#2959=LINE('',#13958,#4133);
#2960=LINE('',#13959,#4134);
#2961=VECTOR('',#9481,2.75);
#2962=VECTOR('',#9492,2.75);
#2963=VECTOR('',#9503,2.75);
#2964=VECTOR('',#9514,2.75);
#2965=VECTOR('',#9525,10.);
#2966=VECTOR('',#9528,10.);
#2967=VECTOR('',#9533,1.6);
#2968=VECTOR('',#9536,10.);
#2969=VECTOR('',#9537,10.);
#2970=VECTOR('',#9544,10.);
#2971=VECTOR('',#9547,10.);
#2972=VECTOR('',#9552,1.6);
#2973=VECTOR('',#9555,10.);
#2974=VECTOR('',#9556,10.);
#2975=VECTOR('',#9561,10.);
#2976=VECTOR('',#9562,10.);
#2977=VECTOR('',#9563,10.);
#2978=VECTOR('',#9564,10.);
#2979=VECTOR('',#9569,1.6);
#2980=VECTOR('',#9580,10.);
#2981=VECTOR('',#9581,10.);
#2982=VECTOR('',#9582,10.);
#2983=VECTOR('',#9583,10.);
#2984=VECTOR('',#9588,1.6);
#2985=VECTOR('',#9599,10.);
#2986=VECTOR('',#9600,10.);
#2987=VECTOR('',#9601,10.);
#2988=VECTOR('',#9602,10.);
#2989=VECTOR('',#9605,10.);
#2990=VECTOR('',#9606,10.);
#2991=VECTOR('',#9607,10.);
#2992=VECTOR('',#9610,10.);
#2993=VECTOR('',#9611,10.);
#2994=VECTOR('',#9616,1.6);
#2995=VECTOR('',#9621,10.);
#2996=VECTOR('',#9622,10.);
#2997=VECTOR('',#9623,10.);
#2998=VECTOR('',#9624,10.);
#2999=VECTOR('',#9627,10.);
#3000=VECTOR('',#9628,10.);
#3001=VECTOR('',#9629,10.);
#3002=VECTOR('',#9632,10.);
#3003=VECTOR('',#9633,10.);
#3004=VECTOR('',#9636,10.);
#3005=VECTOR('',#9637,10.);
#3006=VECTOR('',#9638,10.);
#3007=VECTOR('',#9639,10.);
#3008=VECTOR('',#9642,10.);
#3009=VECTOR('',#9643,10.);
#3010=VECTOR('',#9644,10.);
#3011=VECTOR('',#9647,10.);
#3012=VECTOR('',#9648,10.);
#3013=VECTOR('',#9651,10.);
#3014=VECTOR('',#9652,10.);
#3015=VECTOR('',#9653,10.);
#3016=VECTOR('',#9654,10.);
#3017=VECTOR('',#9657,10.);
#3018=VECTOR('',#9658,10.);
#3019=VECTOR('',#9659,10.);
#3020=VECTOR('',#9662,10.);
#3021=VECTOR('',#9663,10.);
#3022=VECTOR('',#9666,10.);
#3023=VECTOR('',#9667,10.);
#3024=VECTOR('',#9668,10.);
#3025=VECTOR('',#9669,10.);
#3026=VECTOR('',#9672,10.);
#3027=VECTOR('',#9673,10.);
#3028=VECTOR('',#9674,10.);
#3029=VECTOR('',#9677,10.);
#3030=VECTOR('',#9678,10.);
#3031=VECTOR('',#9681,10.);
#3032=VECTOR('',#9682,10.);
#3033=VECTOR('',#9683,10.);
#3034=VECTOR('',#9684,10.);
#3035=VECTOR('',#9687,10.);
#3036=VECTOR('',#9688,10.);
#3037=VECTOR('',#9689,10.);
#3038=VECTOR('',#9692,10.);
#3039=VECTOR('',#9693,10.);
#3040=VECTOR('',#9696,10.);
#3041=VECTOR('',#9697,10.);
#3042=VECTOR('',#9698,10.);
#3043=VECTOR('',#9699,10.);
#3044=VECTOR('',#9702,10.);
#3045=VECTOR('',#9703,10.);
#3046=VECTOR('',#9704,10.);
#3047=VECTOR('',#9707,10.);
#3048=VECTOR('',#9708,10.);
#3049=VECTOR('',#9711,10.);
#3050=VECTOR('',#9712,10.);
#3051=VECTOR('',#9713,10.);
#3052=VECTOR('',#9714,10.);
#3053=VECTOR('',#9717,10.);
#3054=VECTOR('',#9718,10.);
#3055=VECTOR('',#9719,10.);
#3056=VECTOR('',#9722,10.);
#3057=VECTOR('',#9723,10.);
#3058=VECTOR('',#9726,10.);
#3059=VECTOR('',#9727,10.);
#3060=VECTOR('',#9728,10.);
#3061=VECTOR('',#9729,10.);
#3062=VECTOR('',#9732,10.);
#3063=VECTOR('',#9733,10.);
#3064=VECTOR('',#9734,10.);
#3065=VECTOR('',#9737,10.);
#3066=VECTOR('',#9738,10.);
#3067=VECTOR('',#9741,10.);
#3068=VECTOR('',#9742,10.);
#3069=VECTOR('',#9743,10.);
#3070=VECTOR('',#9744,10.);
#3071=VECTOR('',#9747,10.);
#3072=VECTOR('',#9748,10.);
#3073=VECTOR('',#9749,10.);
#3074=VECTOR('',#9752,10.);
#3075=VECTOR('',#9753,10.);
#3076=VECTOR('',#9756,10.);
#3077=VECTOR('',#9757,10.);
#3078=VECTOR('',#9758,10.);
#3079=VECTOR('',#9759,10.);
#3080=VECTOR('',#9762,10.);
#3081=VECTOR('',#9763,10.);
#3082=VECTOR('',#9764,10.);
#3083=VECTOR('',#9767,10.);
#3084=VECTOR('',#9768,10.);
#3085=VECTOR('',#9771,10.);
#3086=VECTOR('',#9772,10.);
#3087=VECTOR('',#9773,10.);
#3088=VECTOR('',#9774,10.);
#3089=VECTOR('',#9777,10.);
#3090=VECTOR('',#9778,10.);
#3091=VECTOR('',#9779,10.);
#3092=VECTOR('',#9782,10.);
#3093=VECTOR('',#9783,10.);
#3094=VECTOR('',#9786,10.);
#3095=VECTOR('',#9787,10.);
#3096=VECTOR('',#9788,10.);
#3097=VECTOR('',#9789,10.);
#3098=VECTOR('',#9792,10.);
#3099=VECTOR('',#9793,10.);
#3100=VECTOR('',#9794,10.);
#3101=VECTOR('',#9797,10.);
#3102=VECTOR('',#9798,10.);
#3103=VECTOR('',#9801,10.);
#3104=VECTOR('',#9802,10.);
#3105=VECTOR('',#9803,10.);
#3106=VECTOR('',#9804,10.);
#3107=VECTOR('',#9807,10.);
#3108=VECTOR('',#9808,10.);
#3109=VECTOR('',#9809,10.);
#3110=VECTOR('',#9812,10.);
#3111=VECTOR('',#9813,10.);
#3112=VECTOR('',#9818,1.6);
#3113=VECTOR('',#9823,10.);
#3114=VECTOR('',#9824,10.);
#3115=VECTOR('',#9825,10.);
#3116=VECTOR('',#9826,10.);
#3117=VECTOR('',#9829,10.);
#3118=VECTOR('',#9830,10.);
#3119=VECTOR('',#9831,10.);
#3120=VECTOR('',#9834,10.);
#3121=VECTOR('',#9835,10.);
#3122=VECTOR('',#9838,10.);
#3123=VECTOR('',#9839,10.);
#3124=VECTOR('',#9840,10.);
#3125=VECTOR('',#9841,10.);
#3126=VECTOR('',#9844,10.);
#3127=VECTOR('',#9845,10.);
#3128=VECTOR('',#9846,10.);
#3129=VECTOR('',#9849,10.);
#3130=VECTOR('',#9850,10.);
#3131=VECTOR('',#9853,10.);
#3132=VECTOR('',#9854,10.);
#3133=VECTOR('',#9855,10.);
#3134=VECTOR('',#9856,10.);
#3135=VECTOR('',#9859,10.);
#3136=VECTOR('',#9860,10.);
#3137=VECTOR('',#9861,10.);
#3138=VECTOR('',#9864,10.);
#3139=VECTOR('',#9865,10.);
#3140=VECTOR('',#9868,10.);
#3141=VECTOR('',#9869,10.);
#3142=VECTOR('',#9870,10.);
#3143=VECTOR('',#9871,10.);
#3144=VECTOR('',#9874,10.);
#3145=VECTOR('',#9875,10.);
#3146=VECTOR('',#9876,10.);
#3147=VECTOR('',#9879,10.);
#3148=VECTOR('',#9880,10.);
#3149=VECTOR('',#9883,10.);
#3150=VECTOR('',#9884,10.);
#3151=VECTOR('',#9885,10.);
#3152=VECTOR('',#9886,10.);
#3153=VECTOR('',#9889,10.);
#3154=VECTOR('',#9890,10.);
#3155=VECTOR('',#9891,10.);
#3156=VECTOR('',#9894,10.);
#3157=VECTOR('',#9895,10.);
#3158=VECTOR('',#9898,10.);
#3159=VECTOR('',#9899,10.);
#3160=VECTOR('',#9900,10.);
#3161=VECTOR('',#9901,10.);
#3162=VECTOR('',#9904,10.);
#3163=VECTOR('',#9905,10.);
#3164=VECTOR('',#9906,10.);
#3165=VECTOR('',#9909,10.);
#3166=VECTOR('',#9910,10.);
#3167=VECTOR('',#9913,10.);
#3168=VECTOR('',#9914,10.);
#3169=VECTOR('',#9915,10.);
#3170=VECTOR('',#9916,10.);
#3171=VECTOR('',#9919,10.);
#3172=VECTOR('',#9920,10.);
#3173=VECTOR('',#9921,10.);
#3174=VECTOR('',#9924,10.);
#3175=VECTOR('',#9925,10.);
#3176=VECTOR('',#9928,10.);
#3177=VECTOR('',#9929,10.);
#3178=VECTOR('',#9930,10.);
#3179=VECTOR('',#9931,10.);
#3180=VECTOR('',#9934,10.);
#3181=VECTOR('',#9935,10.);
#3182=VECTOR('',#9936,10.);
#3183=VECTOR('',#9939,10.);
#3184=VECTOR('',#9940,10.);
#3185=VECTOR('',#9943,10.);
#3186=VECTOR('',#9944,10.);
#3187=VECTOR('',#9945,10.);
#3188=VECTOR('',#9946,10.);
#3189=VECTOR('',#9949,10.);
#3190=VECTOR('',#9950,10.);
#3191=VECTOR('',#9951,10.);
#3192=VECTOR('',#9954,10.);
#3193=VECTOR('',#9955,10.);
#3194=VECTOR('',#9958,10.);
#3195=VECTOR('',#9959,10.);
#3196=VECTOR('',#9960,10.);
#3197=VECTOR('',#9961,10.);
#3198=VECTOR('',#9964,10.);
#3199=VECTOR('',#9965,10.);
#3200=VECTOR('',#9966,10.);
#3201=VECTOR('',#9969,10.);
#3202=VECTOR('',#9970,10.);
#3203=VECTOR('',#9973,10.);
#3204=VECTOR('',#9974,10.);
#3205=VECTOR('',#9975,10.);
#3206=VECTOR('',#9976,10.);
#3207=VECTOR('',#9979,10.);
#3208=VECTOR('',#9980,10.);
#3209=VECTOR('',#9981,10.);
#3210=VECTOR('',#9984,10.);
#3211=VECTOR('',#9985,10.);
#3212=VECTOR('',#9988,10.);
#3213=VECTOR('',#9989,10.);
#3214=VECTOR('',#9990,10.);
#3215=VECTOR('',#9991,10.);
#3216=VECTOR('',#9994,10.);
#3217=VECTOR('',#9995,10.);
#3218=VECTOR('',#9996,10.);
#3219=VECTOR('',#9999,10.);
#3220=VECTOR('',#10000,10.);
#3221=VECTOR('',#10003,10.);
#3222=VECTOR('',#10004,10.);
#3223=VECTOR('',#10005,10.);
#3224=VECTOR('',#10006,10.);
#3225=VECTOR('',#10009,10.);
#3226=VECTOR('',#10010,10.);
#3227=VECTOR('',#10011,10.);
#3228=VECTOR('',#10014,10.);
#3229=VECTOR('',#10015,10.);
#3230=VECTOR('',#10018,10.);
#3231=VECTOR('',#10019,10.);
#3232=VECTOR('',#10020,10.);
#3233=VECTOR('',#10021,10.);
#3234=VECTOR('',#10024,10.);
#3235=VECTOR('',#10025,10.);
#3236=VECTOR('',#10026,10.);
#3237=VECTOR('',#10029,10.);
#3238=VECTOR('',#10030,10.);
#3239=VECTOR('',#10033,10.);
#3240=VECTOR('',#10034,10.);
#3241=VECTOR('',#10035,10.);
#3242=VECTOR('',#10036,10.);
#3243=VECTOR('',#10039,10.);
#3244=VECTOR('',#10040,10.);
#3245=VECTOR('',#10041,10.);
#3246=VECTOR('',#10044,10.);
#3247=VECTOR('',#10045,10.);
#3248=VECTOR('',#10048,10.);
#3249=VECTOR('',#10049,10.);
#3250=VECTOR('',#10050,10.);
#3251=VECTOR('',#10051,10.);
#3252=VECTOR('',#10054,10.);
#3253=VECTOR('',#10055,10.);
#3254=VECTOR('',#10056,10.);
#3255=VECTOR('',#10059,10.);
#3256=VECTOR('',#10060,10.);
#3257=VECTOR('',#10063,10.);
#3258=VECTOR('',#10064,10.);
#3259=VECTOR('',#10065,10.);
#3260=VECTOR('',#10066,10.);
#3261=VECTOR('',#10069,10.);
#3262=VECTOR('',#10070,10.);
#3263=VECTOR('',#10071,10.);
#3264=VECTOR('',#10074,10.);
#3265=VECTOR('',#10075,10.);
#3266=VECTOR('',#10078,10.);
#3267=VECTOR('',#10079,10.);
#3268=VECTOR('',#10080,10.);
#3269=VECTOR('',#10081,10.);
#3270=VECTOR('',#10084,10.);
#3271=VECTOR('',#10085,10.);
#3272=VECTOR('',#10086,10.);
#3273=VECTOR('',#10089,10.);
#3274=VECTOR('',#10090,10.);
#3275=VECTOR('',#10093,10.);
#3276=VECTOR('',#10094,10.);
#3277=VECTOR('',#10095,10.);
#3278=VECTOR('',#10096,10.);
#3279=VECTOR('',#10099,10.);
#3280=VECTOR('',#10100,10.);
#3281=VECTOR('',#10101,10.);
#3282=VECTOR('',#10104,10.);
#3283=VECTOR('',#10105,10.);
#3284=VECTOR('',#10108,10.);
#3285=VECTOR('',#10109,10.);
#3286=VECTOR('',#10110,10.);
#3287=VECTOR('',#10111,10.);
#3288=VECTOR('',#10114,10.);
#3289=VECTOR('',#10115,10.);
#3290=VECTOR('',#10116,10.);
#3291=VECTOR('',#10119,10.);
#3292=VECTOR('',#10120,10.);
#3293=VECTOR('',#10123,10.);
#3294=VECTOR('',#10124,10.);
#3295=VECTOR('',#10125,10.);
#3296=VECTOR('',#10126,10.);
#3297=VECTOR('',#10129,10.);
#3298=VECTOR('',#10130,10.);
#3299=VECTOR('',#10131,10.);
#3300=VECTOR('',#10134,10.);
#3301=VECTOR('',#10135,10.);
#3302=VECTOR('',#10138,10.);
#3303=VECTOR('',#10139,10.);
#3304=VECTOR('',#10140,10.);
#3305=VECTOR('',#10141,10.);
#3306=VECTOR('',#10144,10.);
#3307=VECTOR('',#10145,10.);
#3308=VECTOR('',#10146,10.);
#3309=VECTOR('',#10149,10.);
#3310=VECTOR('',#10150,10.);
#3311=VECTOR('',#10153,10.);
#3312=VECTOR('',#10154,10.);
#3313=VECTOR('',#10155,10.);
#3314=VECTOR('',#10156,10.);
#3315=VECTOR('',#10159,10.);
#3316=VECTOR('',#10160,10.);
#3317=VECTOR('',#10161,10.);
#3318=VECTOR('',#10164,10.);
#3319=VECTOR('',#10165,10.);
#3320=VECTOR('',#10168,10.);
#3321=VECTOR('',#10169,10.);
#3322=VECTOR('',#10170,10.);
#3323=VECTOR('',#10171,10.);
#3324=VECTOR('',#10174,10.);
#3325=VECTOR('',#10175,10.);
#3326=VECTOR('',#10176,10.);
#3327=VECTOR('',#10179,10.);
#3328=VECTOR('',#10180,10.);
#3329=VECTOR('',#10183,10.);
#3330=VECTOR('',#10184,10.);
#3331=VECTOR('',#10185,10.);
#3332=VECTOR('',#10186,10.);
#3333=VECTOR('',#10189,10.);
#3334=VECTOR('',#10190,10.);
#3335=VECTOR('',#10191,10.);
#3336=VECTOR('',#10194,10.);
#3337=VECTOR('',#10195,10.);
#3338=VECTOR('',#10198,10.);
#3339=VECTOR('',#10199,10.);
#3340=VECTOR('',#10200,10.);
#3341=VECTOR('',#10201,10.);
#3342=VECTOR('',#10204,10.);
#3343=VECTOR('',#10205,10.);
#3344=VECTOR('',#10206,10.);
#3345=VECTOR('',#10209,10.);
#3346=VECTOR('',#10210,10.);
#3347=VECTOR('',#10213,10.);
#3348=VECTOR('',#10214,10.);
#3349=VECTOR('',#10215,10.);
#3350=VECTOR('',#10216,10.);
#3351=VECTOR('',#10219,10.);
#3352=VECTOR('',#10220,10.);
#3353=VECTOR('',#10221,10.);
#3354=VECTOR('',#10224,10.);
#3355=VECTOR('',#10225,10.);
#3356=VECTOR('',#10228,10.);
#3357=VECTOR('',#10229,10.);
#3358=VECTOR('',#10230,10.);
#3359=VECTOR('',#10231,10.);
#3360=VECTOR('',#10234,10.);
#3361=VECTOR('',#10235,10.);
#3362=VECTOR('',#10236,10.);
#3363=VECTOR('',#10239,10.);
#3364=VECTOR('',#10240,10.);
#3365=VECTOR('',#10243,10.);
#3366=VECTOR('',#10244,10.);
#3367=VECTOR('',#10245,10.);
#3368=VECTOR('',#10246,10.);
#3369=VECTOR('',#10249,10.);
#3370=VECTOR('',#10250,10.);
#3371=VECTOR('',#10251,10.);
#3372=VECTOR('',#10254,10.);
#3373=VECTOR('',#10255,10.);
#3374=VECTOR('',#10258,10.);
#3375=VECTOR('',#10259,10.);
#3376=VECTOR('',#10260,10.);
#3377=VECTOR('',#10261,10.);
#3378=VECTOR('',#10264,10.);
#3379=VECTOR('',#10265,10.);
#3380=VECTOR('',#10266,10.);
#3381=VECTOR('',#10269,10.);
#3382=VECTOR('',#10270,10.);
#3383=VECTOR('',#10273,10.);
#3384=VECTOR('',#10274,10.);
#3385=VECTOR('',#10275,10.);
#3386=VECTOR('',#10276,10.);
#3387=VECTOR('',#10279,10.);
#3388=VECTOR('',#10280,10.);
#3389=VECTOR('',#10281,10.);
#3390=VECTOR('',#10284,10.);
#3391=VECTOR('',#10285,10.);
#3392=VECTOR('',#10288,10.);
#3393=VECTOR('',#10289,10.);
#3394=VECTOR('',#10290,10.);
#3395=VECTOR('',#10291,10.);
#3396=VECTOR('',#10294,10.);
#3397=VECTOR('',#10295,10.);
#3398=VECTOR('',#10296,10.);
#3399=VECTOR('',#10299,10.);
#3400=VECTOR('',#10300,10.);
#3401=VECTOR('',#10303,10.);
#3402=VECTOR('',#10304,10.);
#3403=VECTOR('',#10305,10.);
#3404=VECTOR('',#10306,10.);
#3405=VECTOR('',#10309,10.);
#3406=VECTOR('',#10310,10.);
#3407=VECTOR('',#10311,10.);
#3408=VECTOR('',#10314,10.);
#3409=VECTOR('',#10315,10.);
#3410=VECTOR('',#10318,10.);
#3411=VECTOR('',#10319,10.);
#3412=VECTOR('',#10320,10.);
#3413=VECTOR('',#10321,10.);
#3414=VECTOR('',#10324,10.);
#3415=VECTOR('',#10325,10.);
#3416=VECTOR('',#10326,10.);
#3417=VECTOR('',#10329,10.);
#3418=VECTOR('',#10330,10.);
#3419=VECTOR('',#10333,10.);
#3420=VECTOR('',#10334,10.);
#3421=VECTOR('',#10335,10.);
#3422=VECTOR('',#10336,10.);
#3423=VECTOR('',#10339,10.);
#3424=VECTOR('',#10340,10.);
#3425=VECTOR('',#10341,10.);
#3426=VECTOR('',#10344,10.);
#3427=VECTOR('',#10345,10.);
#3428=VECTOR('',#10348,10.);
#3429=VECTOR('',#10349,10.);
#3430=VECTOR('',#10350,10.);
#3431=VECTOR('',#10351,10.);
#3432=VECTOR('',#10354,10.);
#3433=VECTOR('',#10355,10.);
#3434=VECTOR('',#10356,10.);
#3435=VECTOR('',#10359,10.);
#3436=VECTOR('',#10360,10.);
#3437=VECTOR('',#10363,10.);
#3438=VECTOR('',#10364,10.);
#3439=VECTOR('',#10365,10.);
#3440=VECTOR('',#10366,10.);
#3441=VECTOR('',#10369,10.);
#3442=VECTOR('',#10370,10.);
#3443=VECTOR('',#10371,10.);
#3444=VECTOR('',#10374,10.);
#3445=VECTOR('',#10375,10.);
#3446=VECTOR('',#10378,10.);
#3447=VECTOR('',#10379,10.);
#3448=VECTOR('',#10380,10.);
#3449=VECTOR('',#10381,10.);
#3450=VECTOR('',#10384,10.);
#3451=VECTOR('',#10385,10.);
#3452=VECTOR('',#10386,10.);
#3453=VECTOR('',#10389,10.);
#3454=VECTOR('',#10390,10.);
#3455=VECTOR('',#10393,10.);
#3456=VECTOR('',#10394,10.);
#3457=VECTOR('',#10395,10.);
#3458=VECTOR('',#10396,10.);
#3459=VECTOR('',#10399,10.);
#3460=VECTOR('',#10400,10.);
#3461=VECTOR('',#10401,10.);
#3462=VECTOR('',#10404,10.);
#3463=VECTOR('',#10405,10.);
#3464=VECTOR('',#10408,10.);
#3465=VECTOR('',#10409,10.);
#3466=VECTOR('',#10410,10.);
#3467=VECTOR('',#10411,10.);
#3468=VECTOR('',#10414,10.);
#3469=VECTOR('',#10415,10.);
#3470=VECTOR('',#10416,10.);
#3471=VECTOR('',#10419,10.);
#3472=VECTOR('',#10420,10.);
#3473=VECTOR('',#10423,10.);
#3474=VECTOR('',#10424,10.);
#3475=VECTOR('',#10425,10.);
#3476=VECTOR('',#10426,10.);
#3477=VECTOR('',#10429,10.);
#3478=VECTOR('',#10430,10.);
#3479=VECTOR('',#10431,10.);
#3480=VECTOR('',#10434,10.);
#3481=VECTOR('',#10435,10.);
#3482=VECTOR('',#10438,10.);
#3483=VECTOR('',#10439,10.);
#3484=VECTOR('',#10440,10.);
#3485=VECTOR('',#10441,10.);
#3486=VECTOR('',#10444,10.);
#3487=VECTOR('',#10445,10.);
#3488=VECTOR('',#10446,10.);
#3489=VECTOR('',#10449,10.);
#3490=VECTOR('',#10450,10.);
#3491=VECTOR('',#10453,10.);
#3492=VECTOR('',#10454,10.);
#3493=VECTOR('',#10455,10.);
#3494=VECTOR('',#10456,10.);
#3495=VECTOR('',#10459,10.);
#3496=VECTOR('',#10460,10.);
#3497=VECTOR('',#10461,10.);
#3498=VECTOR('',#10464,10.);
#3499=VECTOR('',#10465,10.);
#3500=VECTOR('',#10468,10.);
#3501=VECTOR('',#10469,10.);
#3502=VECTOR('',#10470,10.);
#3503=VECTOR('',#10471,10.);
#3504=VECTOR('',#10474,10.);
#3505=VECTOR('',#10475,10.);
#3506=VECTOR('',#10476,10.);
#3507=VECTOR('',#10479,10.);
#3508=VECTOR('',#10480,10.);
#3509=VECTOR('',#10483,10.);
#3510=VECTOR('',#10484,10.);
#3511=VECTOR('',#10485,10.);
#3512=VECTOR('',#10486,10.);
#3513=VECTOR('',#10489,10.);
#3514=VECTOR('',#10490,10.);
#3515=VECTOR('',#10491,10.);
#3516=VECTOR('',#10494,10.);
#3517=VECTOR('',#10495,10.);
#3518=VECTOR('',#10498,10.);
#3519=VECTOR('',#10499,10.);
#3520=VECTOR('',#10500,10.);
#3521=VECTOR('',#10501,10.);
#3522=VECTOR('',#10504,10.);
#3523=VECTOR('',#10505,10.);
#3524=VECTOR('',#10506,10.);
#3525=VECTOR('',#10509,10.);
#3526=VECTOR('',#10510,10.);
#3527=VECTOR('',#10513,10.);
#3528=VECTOR('',#10514,10.);
#3529=VECTOR('',#10515,10.);
#3530=VECTOR('',#10516,10.);
#3531=VECTOR('',#10519,10.);
#3532=VECTOR('',#10520,10.);
#3533=VECTOR('',#10521,10.);
#3534=VECTOR('',#10524,10.);
#3535=VECTOR('',#10525,10.);
#3536=VECTOR('',#10528,10.);
#3537=VECTOR('',#10529,10.);
#3538=VECTOR('',#10530,10.);
#3539=VECTOR('',#10531,10.);
#3540=VECTOR('',#10534,10.);
#3541=VECTOR('',#10535,10.);
#3542=VECTOR('',#10536,10.);
#3543=VECTOR('',#10539,10.);
#3544=VECTOR('',#10540,10.);
#3545=VECTOR('',#10543,10.);
#3546=VECTOR('',#10544,10.);
#3547=VECTOR('',#10545,10.);
#3548=VECTOR('',#10546,10.);
#3549=VECTOR('',#10549,10.);
#3550=VECTOR('',#10550,10.);
#3551=VECTOR('',#10551,10.);
#3552=VECTOR('',#10554,10.);
#3553=VECTOR('',#10555,10.);
#3554=VECTOR('',#10558,10.);
#3555=VECTOR('',#10559,10.);
#3556=VECTOR('',#10560,10.);
#3557=VECTOR('',#10561,10.);
#3558=VECTOR('',#10564,10.);
#3559=VECTOR('',#10565,10.);
#3560=VECTOR('',#10566,10.);
#3561=VECTOR('',#10569,10.);
#3562=VECTOR('',#10570,10.);
#3563=VECTOR('',#10573,10.);
#3564=VECTOR('',#10574,10.);
#3565=VECTOR('',#10575,10.);
#3566=VECTOR('',#10576,10.);
#3567=VECTOR('',#10579,10.);
#3568=VECTOR('',#10580,10.);
#3569=VECTOR('',#10581,10.);
#3570=VECTOR('',#10584,10.);
#3571=VECTOR('',#10585,10.);
#3572=VECTOR('',#10588,10.);
#3573=VECTOR('',#10589,10.);
#3574=VECTOR('',#10590,10.);
#3575=VECTOR('',#10591,10.);
#3576=VECTOR('',#10594,10.);
#3577=VECTOR('',#10595,10.);
#3578=VECTOR('',#10596,10.);
#3579=VECTOR('',#10599,10.);
#3580=VECTOR('',#10600,10.);
#3581=VECTOR('',#10605,1.6);
#3582=VECTOR('',#10610,10.);
#3583=VECTOR('',#10611,10.);
#3584=VECTOR('',#10612,10.);
#3585=VECTOR('',#10613,10.);
#3586=VECTOR('',#10616,10.);
#3587=VECTOR('',#10617,10.);
#3588=VECTOR('',#10618,10.);
#3589=VECTOR('',#10621,10.);
#3590=VECTOR('',#10622,10.);
#3591=VECTOR('',#10625,10.);
#3592=VECTOR('',#10626,10.);
#3593=VECTOR('',#10627,10.);
#3594=VECTOR('',#10628,10.);
#3595=VECTOR('',#10631,10.);
#3596=VECTOR('',#10632,10.);
#3597=VECTOR('',#10633,10.);
#3598=VECTOR('',#10636,10.);
#3599=VECTOR('',#10637,10.);
#3600=VECTOR('',#10640,10.);
#3601=VECTOR('',#10641,10.);
#3602=VECTOR('',#10642,10.);
#3603=VECTOR('',#10643,10.);
#3604=VECTOR('',#10646,10.);
#3605=VECTOR('',#10647,10.);
#3606=VECTOR('',#10648,10.);
#3607=VECTOR('',#10651,10.);
#3608=VECTOR('',#10652,10.);
#3609=VECTOR('',#10655,10.);
#3610=VECTOR('',#10656,10.);
#3611=VECTOR('',#10657,10.);
#3612=VECTOR('',#10658,10.);
#3613=VECTOR('',#10661,10.);
#3614=VECTOR('',#10662,10.);
#3615=VECTOR('',#10663,10.);
#3616=VECTOR('',#10666,10.);
#3617=VECTOR('',#10667,10.);
#3618=VECTOR('',#10670,10.);
#3619=VECTOR('',#10671,10.);
#3620=VECTOR('',#10672,10.);
#3621=VECTOR('',#10673,10.);
#3622=VECTOR('',#10676,10.);
#3623=VECTOR('',#10677,10.);
#3624=VECTOR('',#10678,10.);
#3625=VECTOR('',#10681,10.);
#3626=VECTOR('',#10682,10.);
#3627=VECTOR('',#10685,10.);
#3628=VECTOR('',#10686,10.);
#3629=VECTOR('',#10687,10.);
#3630=VECTOR('',#10688,10.);
#3631=VECTOR('',#10691,10.);
#3632=VECTOR('',#10692,10.);
#3633=VECTOR('',#10693,10.);
#3634=VECTOR('',#10696,10.);
#3635=VECTOR('',#10697,10.);
#3636=VECTOR('',#10700,10.);
#3637=VECTOR('',#10701,10.);
#3638=VECTOR('',#10702,10.);
#3639=VECTOR('',#10703,10.);
#3640=VECTOR('',#10706,10.);
#3641=VECTOR('',#10707,10.);
#3642=VECTOR('',#10708,10.);
#3643=VECTOR('',#10711,10.);
#3644=VECTOR('',#10712,10.);
#3645=VECTOR('',#10715,10.);
#3646=VECTOR('',#10716,10.);
#3647=VECTOR('',#10717,10.);
#3648=VECTOR('',#10718,10.);
#3649=VECTOR('',#10721,10.);
#3650=VECTOR('',#10722,10.);
#3651=VECTOR('',#10723,10.);
#3652=VECTOR('',#10726,10.);
#3653=VECTOR('',#10727,10.);
#3654=VECTOR('',#10730,10.);
#3655=VECTOR('',#10731,10.);
#3656=VECTOR('',#10732,10.);
#3657=VECTOR('',#10733,10.);
#3658=VECTOR('',#10736,10.);
#3659=VECTOR('',#10737,10.);
#3660=VECTOR('',#10738,10.);
#3661=VECTOR('',#10741,10.);
#3662=VECTOR('',#10742,10.);
#3663=VECTOR('',#10745,10.);
#3664=VECTOR('',#10746,10.);
#3665=VECTOR('',#10747,10.);
#3666=VECTOR('',#10748,10.);
#3667=VECTOR('',#10751,10.);
#3668=VECTOR('',#10752,10.);
#3669=VECTOR('',#10753,10.);
#3670=VECTOR('',#10756,10.);
#3671=VECTOR('',#10757,10.);
#3672=VECTOR('',#10760,10.);
#3673=VECTOR('',#10761,10.);
#3674=VECTOR('',#10762,10.);
#3675=VECTOR('',#10763,10.);
#3676=VECTOR('',#10766,10.);
#3677=VECTOR('',#10767,10.);
#3678=VECTOR('',#10768,10.);
#3679=VECTOR('',#10771,10.);
#3680=VECTOR('',#10772,10.);
#3681=VECTOR('',#10775,10.);
#3682=VECTOR('',#10776,10.);
#3683=VECTOR('',#10777,10.);
#3684=VECTOR('',#10778,10.);
#3685=VECTOR('',#10781,10.);
#3686=VECTOR('',#10782,10.);
#3687=VECTOR('',#10783,10.);
#3688=VECTOR('',#10786,10.);
#3689=VECTOR('',#10787,10.);
#3690=VECTOR('',#10790,10.);
#3691=VECTOR('',#10791,10.);
#3692=VECTOR('',#10792,10.);
#3693=VECTOR('',#10793,10.);
#3694=VECTOR('',#10796,10.);
#3695=VECTOR('',#10797,10.);
#3696=VECTOR('',#10798,10.);
#3697=VECTOR('',#10801,10.);
#3698=VECTOR('',#10802,10.);
#3699=VECTOR('',#10805,10.);
#3700=VECTOR('',#10806,10.);
#3701=VECTOR('',#10807,10.);
#3702=VECTOR('',#10808,10.);
#3703=VECTOR('',#10811,10.);
#3704=VECTOR('',#10812,10.);
#3705=VECTOR('',#10813,10.);
#3706=VECTOR('',#10816,10.);
#3707=VECTOR('',#10817,10.);
#3708=VECTOR('',#10820,10.);
#3709=VECTOR('',#10821,10.);
#3710=VECTOR('',#10822,10.);
#3711=VECTOR('',#10823,10.);
#3712=VECTOR('',#10826,10.);
#3713=VECTOR('',#10827,10.);
#3714=VECTOR('',#10828,10.);
#3715=VECTOR('',#10831,10.);
#3716=VECTOR('',#10832,10.);
#3717=VECTOR('',#10835,10.);
#3718=VECTOR('',#10836,10.);
#3719=VECTOR('',#10837,10.);
#3720=VECTOR('',#10838,10.);
#3721=VECTOR('',#10841,10.);
#3722=VECTOR('',#10842,10.);
#3723=VECTOR('',#10843,10.);
#3724=VECTOR('',#10846,10.);
#3725=VECTOR('',#10847,10.);
#3726=VECTOR('',#10850,10.);
#3727=VECTOR('',#10851,10.);
#3728=VECTOR('',#10852,10.);
#3729=VECTOR('',#10853,10.);
#3730=VECTOR('',#10856,10.);
#3731=VECTOR('',#10857,10.);
#3732=VECTOR('',#10858,10.);
#3733=VECTOR('',#10861,10.);
#3734=VECTOR('',#10862,10.);
#3735=VECTOR('',#10865,10.);
#3736=VECTOR('',#10866,10.);
#3737=VECTOR('',#10867,10.);
#3738=VECTOR('',#10868,10.);
#3739=VECTOR('',#10871,10.);
#3740=VECTOR('',#10872,10.);
#3741=VECTOR('',#10873,10.);
#3742=VECTOR('',#10876,10.);
#3743=VECTOR('',#10877,10.);
#3744=VECTOR('',#10880,10.);
#3745=VECTOR('',#10881,10.);
#3746=VECTOR('',#10882,10.);
#3747=VECTOR('',#10883,10.);
#3748=VECTOR('',#10886,10.);
#3749=VECTOR('',#10887,10.);
#3750=VECTOR('',#10888,10.);
#3751=VECTOR('',#10891,10.);
#3752=VECTOR('',#10892,10.);
#3753=VECTOR('',#10895,10.);
#3754=VECTOR('',#10896,10.);
#3755=VECTOR('',#10897,10.);
#3756=VECTOR('',#10898,10.);
#3757=VECTOR('',#10901,10.);
#3758=VECTOR('',#10902,10.);
#3759=VECTOR('',#10903,10.);
#3760=VECTOR('',#10906,10.);
#3761=VECTOR('',#10907,10.);
#3762=VECTOR('',#10910,10.);
#3763=VECTOR('',#10911,10.);
#3764=VECTOR('',#10912,10.);
#3765=VECTOR('',#10913,10.);
#3766=VECTOR('',#10916,10.);
#3767=VECTOR('',#10917,10.);
#3768=VECTOR('',#10918,10.);
#3769=VECTOR('',#10921,10.);
#3770=VECTOR('',#10922,10.);
#3771=VECTOR('',#10925,10.);
#3772=VECTOR('',#10926,10.);
#3773=VECTOR('',#10927,10.);
#3774=VECTOR('',#10928,10.);
#3775=VECTOR('',#10931,10.);
#3776=VECTOR('',#10932,10.);
#3777=VECTOR('',#10933,10.);
#3778=VECTOR('',#10936,10.);
#3779=VECTOR('',#10937,10.);
#3780=VECTOR('',#10940,10.);
#3781=VECTOR('',#10941,10.);
#3782=VECTOR('',#10942,10.);
#3783=VECTOR('',#10943,10.);
#3784=VECTOR('',#10946,10.);
#3785=VECTOR('',#10947,10.);
#3786=VECTOR('',#10948,10.);
#3787=VECTOR('',#10951,10.);
#3788=VECTOR('',#10952,10.);
#3789=VECTOR('',#10955,10.);
#3790=VECTOR('',#10956,10.);
#3791=VECTOR('',#10957,10.);
#3792=VECTOR('',#10958,10.);
#3793=VECTOR('',#10961,10.);
#3794=VECTOR('',#10962,10.);
#3795=VECTOR('',#10963,10.);
#3796=VECTOR('',#10966,10.);
#3797=VECTOR('',#10967,10.);
#3798=VECTOR('',#10970,10.);
#3799=VECTOR('',#10971,10.);
#3800=VECTOR('',#10972,10.);
#3801=VECTOR('',#10973,10.);
#3802=VECTOR('',#10976,10.);
#3803=VECTOR('',#10977,10.);
#3804=VECTOR('',#10978,10.);
#3805=VECTOR('',#10981,10.);
#3806=VECTOR('',#10982,10.);
#3807=VECTOR('',#10985,10.);
#3808=VECTOR('',#10986,10.);
#3809=VECTOR('',#10987,10.);
#3810=VECTOR('',#10988,10.);
#3811=VECTOR('',#10991,10.);
#3812=VECTOR('',#10992,10.);
#3813=VECTOR('',#10993,10.);
#3814=VECTOR('',#10996,10.);
#3815=VECTOR('',#10997,10.);
#3816=VECTOR('',#11000,10.);
#3817=VECTOR('',#11001,10.);
#3818=VECTOR('',#11002,10.);
#3819=VECTOR('',#11003,10.);
#3820=VECTOR('',#11006,10.);
#3821=VECTOR('',#11007,10.);
#3822=VECTOR('',#11008,10.);
#3823=VECTOR('',#11011,10.);
#3824=VECTOR('',#11012,10.);
#3825=VECTOR('',#11015,10.);
#3826=VECTOR('',#11016,10.);
#3827=VECTOR('',#11017,10.);
#3828=VECTOR('',#11018,10.);
#3829=VECTOR('',#11021,10.);
#3830=VECTOR('',#11022,10.);
#3831=VECTOR('',#11023,10.);
#3832=VECTOR('',#11026,10.);
#3833=VECTOR('',#11027,10.);
#3834=VECTOR('',#11030,10.);
#3835=VECTOR('',#11031,10.);
#3836=VECTOR('',#11032,10.);
#3837=VECTOR('',#11033,10.);
#3838=VECTOR('',#11036,10.);
#3839=VECTOR('',#11037,10.);
#3840=VECTOR('',#11038,10.);
#3841=VECTOR('',#11041,10.);
#3842=VECTOR('',#11042,10.);
#3843=VECTOR('',#11045,10.);
#3844=VECTOR('',#11046,10.);
#3845=VECTOR('',#11047,10.);
#3846=VECTOR('',#11048,10.);
#3847=VECTOR('',#11051,10.);
#3848=VECTOR('',#11052,10.);
#3849=VECTOR('',#11053,10.);
#3850=VECTOR('',#11056,10.);
#3851=VECTOR('',#11057,10.);
#3852=VECTOR('',#11060,10.);
#3853=VECTOR('',#11061,10.);
#3854=VECTOR('',#11062,10.);
#3855=VECTOR('',#11063,10.);
#3856=VECTOR('',#11066,10.);
#3857=VECTOR('',#11067,10.);
#3858=VECTOR('',#11068,10.);
#3859=VECTOR('',#11071,10.);
#3860=VECTOR('',#11072,10.);
#3861=VECTOR('',#11075,10.);
#3862=VECTOR('',#11076,10.);
#3863=VECTOR('',#11077,10.);
#3864=VECTOR('',#11078,10.);
#3865=VECTOR('',#11081,10.);
#3866=VECTOR('',#11082,10.);
#3867=VECTOR('',#11083,10.);
#3868=VECTOR('',#11086,10.);
#3869=VECTOR('',#11087,10.);
#3870=VECTOR('',#11090,10.);
#3871=VECTOR('',#11091,10.);
#3872=VECTOR('',#11092,10.);
#3873=VECTOR('',#11093,10.);
#3874=VECTOR('',#11096,10.);
#3875=VECTOR('',#11097,10.);
#3876=VECTOR('',#11098,10.);
#3877=VECTOR('',#11101,10.);
#3878=VECTOR('',#11102,10.);
#3879=VECTOR('',#11105,10.);
#3880=VECTOR('',#11106,10.);
#3881=VECTOR('',#11107,10.);
#3882=VECTOR('',#11108,10.);
#3883=VECTOR('',#11111,10.);
#3884=VECTOR('',#11112,10.);
#3885=VECTOR('',#11113,10.);
#3886=VECTOR('',#11116,10.);
#3887=VECTOR('',#11117,10.);
#3888=VECTOR('',#11120,10.);
#3889=VECTOR('',#11121,10.);
#3890=VECTOR('',#11122,10.);
#3891=VECTOR('',#11123,10.);
#3892=VECTOR('',#11126,10.);
#3893=VECTOR('',#11127,10.);
#3894=VECTOR('',#11128,10.);
#3895=VECTOR('',#11131,10.);
#3896=VECTOR('',#11132,10.);
#3897=VECTOR('',#11135,10.);
#3898=VECTOR('',#11136,10.);
#3899=VECTOR('',#11137,10.);
#3900=VECTOR('',#11138,10.);
#3901=VECTOR('',#11141,10.);
#3902=VECTOR('',#11142,10.);
#3903=VECTOR('',#11143,10.);
#3904=VECTOR('',#11146,10.);
#3905=VECTOR('',#11147,10.);
#3906=VECTOR('',#11150,10.);
#3907=VECTOR('',#11151,10.);
#3908=VECTOR('',#11152,10.);
#3909=VECTOR('',#11153,10.);
#3910=VECTOR('',#11156,10.);
#3911=VECTOR('',#11157,10.);
#3912=VECTOR('',#11158,10.);
#3913=VECTOR('',#11161,10.);
#3914=VECTOR('',#11162,10.);
#3915=VECTOR('',#11165,10.);
#3916=VECTOR('',#11166,10.);
#3917=VECTOR('',#11167,10.);
#3918=VECTOR('',#11168,10.);
#3919=VECTOR('',#11171,10.);
#3920=VECTOR('',#11172,10.);
#3921=VECTOR('',#11173,10.);
#3922=VECTOR('',#11176,10.);
#3923=VECTOR('',#11177,10.);
#3924=VECTOR('',#11180,10.);
#3925=VECTOR('',#11181,10.);
#3926=VECTOR('',#11182,10.);
#3927=VECTOR('',#11183,10.);
#3928=VECTOR('',#11186,10.);
#3929=VECTOR('',#11187,10.);
#3930=VECTOR('',#11188,10.);
#3931=VECTOR('',#11191,10.);
#3932=VECTOR('',#11192,10.);
#3933=VECTOR('',#11195,10.);
#3934=VECTOR('',#11196,10.);
#3935=VECTOR('',#11197,10.);
#3936=VECTOR('',#11198,10.);
#3937=VECTOR('',#11201,10.);
#3938=VECTOR('',#11202,10.);
#3939=VECTOR('',#11203,10.);
#3940=VECTOR('',#11206,10.);
#3941=VECTOR('',#11207,10.);
#3942=VECTOR('',#11210,10.);
#3943=VECTOR('',#11211,10.);
#3944=VECTOR('',#11212,10.);
#3945=VECTOR('',#11213,10.);
#3946=VECTOR('',#11216,10.);
#3947=VECTOR('',#11217,10.);
#3948=VECTOR('',#11218,10.);
#3949=VECTOR('',#11221,10.);
#3950=VECTOR('',#11222,10.);
#3951=VECTOR('',#11225,10.);
#3952=VECTOR('',#11226,10.);
#3953=VECTOR('',#11227,10.);
#3954=VECTOR('',#11228,10.);
#3955=VECTOR('',#11231,10.);
#3956=VECTOR('',#11232,10.);
#3957=VECTOR('',#11233,10.);
#3958=VECTOR('',#11236,10.);
#3959=VECTOR('',#11237,10.);
#3960=VECTOR('',#11240,10.);
#3961=VECTOR('',#11241,10.);
#3962=VECTOR('',#11242,10.);
#3963=VECTOR('',#11243,10.);
#3964=VECTOR('',#11246,10.);
#3965=VECTOR('',#11247,10.);
#3966=VECTOR('',#11248,10.);
#3967=VECTOR('',#11251,10.);
#3968=VECTOR('',#11252,10.);
#3969=VECTOR('',#11255,10.);
#3970=VECTOR('',#11256,10.);
#3971=VECTOR('',#11257,10.);
#3972=VECTOR('',#11258,10.);
#3973=VECTOR('',#11261,10.);
#3974=VECTOR('',#11262,10.);
#3975=VECTOR('',#11263,10.);
#3976=VECTOR('',#11266,10.);
#3977=VECTOR('',#11267,10.);
#3978=VECTOR('',#11270,10.);
#3979=VECTOR('',#11271,10.);
#3980=VECTOR('',#11272,10.);
#3981=VECTOR('',#11273,10.);
#3982=VECTOR('',#11276,10.);
#3983=VECTOR('',#11277,10.);
#3984=VECTOR('',#11278,10.);
#3985=VECTOR('',#11281,10.);
#3986=VECTOR('',#11282,10.);
#3987=VECTOR('',#11285,10.);
#3988=VECTOR('',#11286,10.);
#3989=VECTOR('',#11287,10.);
#3990=VECTOR('',#11288,10.);
#3991=VECTOR('',#11291,10.);
#3992=VECTOR('',#11292,10.);
#3993=VECTOR('',#11293,10.);
#3994=VECTOR('',#11296,10.);
#3995=VECTOR('',#11297,10.);
#3996=VECTOR('',#11300,10.);
#3997=VECTOR('',#11301,10.);
#3998=VECTOR('',#11302,10.);
#3999=VECTOR('',#11303,10.);
#4000=VECTOR('',#11306,10.);
#4001=VECTOR('',#11307,10.);
#4002=VECTOR('',#11308,10.);
#4003=VECTOR('',#11311,10.);
#4004=VECTOR('',#11312,10.);
#4005=VECTOR('',#11315,10.);
#4006=VECTOR('',#11316,10.);
#4007=VECTOR('',#11317,10.);
#4008=VECTOR('',#11318,10.);
#4009=VECTOR('',#11321,10.);
#4010=VECTOR('',#11322,10.);
#4011=VECTOR('',#11323,10.);
#4012=VECTOR('',#11326,10.);
#4013=VECTOR('',#11327,10.);
#4014=VECTOR('',#11330,10.);
#4015=VECTOR('',#11331,10.);
#4016=VECTOR('',#11332,10.);
#4017=VECTOR('',#11333,10.);
#4018=VECTOR('',#11336,10.);
#4019=VECTOR('',#11337,10.);
#4020=VECTOR('',#11338,10.);
#4021=VECTOR('',#11341,10.);
#4022=VECTOR('',#11342,10.);
#4023=VECTOR('',#11345,10.);
#4024=VECTOR('',#11346,10.);
#4025=VECTOR('',#11347,10.);
#4026=VECTOR('',#11348,10.);
#4027=VECTOR('',#11351,10.);
#4028=VECTOR('',#11352,10.);
#4029=VECTOR('',#11353,10.);
#4030=VECTOR('',#11356,10.);
#4031=VECTOR('',#11357,10.);
#4032=VECTOR('',#11360,10.);
#4033=VECTOR('',#11361,10.);
#4034=VECTOR('',#11362,10.);
#4035=VECTOR('',#11363,10.);
#4036=VECTOR('',#11366,10.);
#4037=VECTOR('',#11367,10.);
#4038=VECTOR('',#11368,10.);
#4039=VECTOR('',#11371,10.);
#4040=VECTOR('',#11372,10.);
#4041=VECTOR('',#11377,1.6);
#4042=VECTOR('',#11382,10.);
#4043=VECTOR('',#11383,10.);
#4044=VECTOR('',#11384,10.);
#4045=VECTOR('',#11385,10.);
#4046=VECTOR('',#11388,10.);
#4047=VECTOR('',#11389,10.);
#4048=VECTOR('',#11390,10.);
#4049=VECTOR('',#11393,10.);
#4050=VECTOR('',#11394,10.);
#4051=VECTOR('',#11397,10.);
#4052=VECTOR('',#11398,10.);
#4053=VECTOR('',#11399,10.);
#4054=VECTOR('',#11400,10.);
#4055=VECTOR('',#11403,10.);
#4056=VECTOR('',#11404,10.);
#4057=VECTOR('',#11405,10.);
#4058=VECTOR('',#11408,10.);
#4059=VECTOR('',#11409,10.);
#4060=VECTOR('',#11412,10.);
#4061=VECTOR('',#11413,10.);
#4062=VECTOR('',#11414,10.);
#4063=VECTOR('',#11415,10.);
#4064=VECTOR('',#11418,10.);
#4065=VECTOR('',#11419,10.);
#4066=VECTOR('',#11420,10.);
#4067=VECTOR('',#11423,10.);
#4068=VECTOR('',#11424,10.);
#4069=VECTOR('',#11427,10.);
#4070=VECTOR('',#11428,10.);
#4071=VECTOR('',#11429,10.);
#4072=VECTOR('',#11430,10.);
#4073=VECTOR('',#11433,10.);
#4074=VECTOR('',#11434,10.);
#4075=VECTOR('',#11435,10.);
#4076=VECTOR('',#11438,10.);
#4077=VECTOR('',#11439,10.);
#4078=VECTOR('',#11442,10.);
#4079=VECTOR('',#11443,10.);
#4080=VECTOR('',#11444,10.);
#4081=VECTOR('',#11445,10.);
#4082=VECTOR('',#11448,10.);
#4083=VECTOR('',#11449,10.);
#4084=VECTOR('',#11450,10.);
#4085=VECTOR('',#11453,10.);
#4086=VECTOR('',#11454,10.);
#4087=VECTOR('',#11457,10.);
#4088=VECTOR('',#11458,10.);
#4089=VECTOR('',#11459,10.);
#4090=VECTOR('',#11460,10.);
#4091=VECTOR('',#11463,10.);
#4092=VECTOR('',#11464,10.);
#4093=VECTOR('',#11465,10.);
#4094=VECTOR('',#11468,10.);
#4095=VECTOR('',#11469,10.);
#4096=VECTOR('',#11472,10.);
#4097=VECTOR('',#11473,10.);
#4098=VECTOR('',#11474,10.);
#4099=VECTOR('',#11475,10.);
#4100=VECTOR('',#11478,10.);
#4101=VECTOR('',#11479,10.);
#4102=VECTOR('',#11480,10.);
#4103=VECTOR('',#11483,10.);
#4104=VECTOR('',#11484,10.);
#4105=VECTOR('',#11487,10.);
#4106=VECTOR('',#11488,10.);
#4107=VECTOR('',#11489,10.);
#4108=VECTOR('',#11490,10.);
#4109=VECTOR('',#11493,10.);
#4110=VECTOR('',#11494,10.);
#4111=VECTOR('',#11495,10.);
#4112=VECTOR('',#11498,10.);
#4113=VECTOR('',#11499,10.);
#4114=VECTOR('',#11502,10.);
#4115=VECTOR('',#11503,10.);
#4116=VECTOR('',#11504,10.);
#4117=VECTOR('',#11505,10.);
#4118=VECTOR('',#11508,10.);
#4119=VECTOR('',#11509,10.);
#4120=VECTOR('',#11510,10.);
#4121=VECTOR('',#11513,10.);
#4122=VECTOR('',#11514,10.);
#4123=VECTOR('',#11517,10.);
#4124=VECTOR('',#11518,10.);
#4125=VECTOR('',#11519,10.);
#4126=VECTOR('',#11520,10.);
#4127=VECTOR('',#11523,10.);
#4128=VECTOR('',#11524,10.);
#4129=VECTOR('',#11525,10.);
#4130=VECTOR('',#11528,10.);
#4131=VECTOR('',#11529,10.);
#4132=VECTOR('',#11530,10.);
#4133=VECTOR('',#11533,10.);
#4134=VECTOR('',#11534,10.);
#4135=CIRCLE('',#9032,2.75);
#4136=CIRCLE('',#9033,2.75);
#4137=CIRCLE('',#9035,1.6);
#4138=CIRCLE('',#9037,2.75);
#4139=CIRCLE('',#9038,2.75);
#4140=CIRCLE('',#9040,1.6);
#4141=CIRCLE('',#9042,2.75);
#4142=CIRCLE('',#9043,2.75);
#4143=CIRCLE('',#9045,1.6);
#4144=CIRCLE('',#9047,2.75);
#4145=CIRCLE('',#9048,2.75);
#4146=CIRCLE('',#9050,1.6);
#4147=CIRCLE('',#9052,5.);
#4148=CIRCLE('',#9053,5.);
#4149=CIRCLE('',#9055,1.6);
#4150=CIRCLE('',#9059,5.);
#4151=CIRCLE('',#9060,5.);
#4152=CIRCLE('',#9062,1.6);
#4153=CIRCLE('',#9067,1.6);
#4154=CIRCLE('',#9069,5.);
#4155=CIRCLE('',#9070,5.);
#4156=CIRCLE('',#9074,1.6);
#4157=CIRCLE('',#9076,5.);
#4158=CIRCLE('',#9077,5.);
#4159=CIRCLE('',#9083,1.6);
#4160=CIRCLE('',#9084,1.6);
#4161=CIRCLE('',#9125,1.6);
#4162=CIRCLE('',#9126,1.6);
#4163=CIRCLE('',#9284,1.6);
#4164=CIRCLE('',#9285,1.6);
#4165=CIRCLE('',#9440,1.6);
#4166=CIRCLE('',#9441,1.6);
#4167=VERTEX_POINT('',#11541);
#4168=VERTEX_POINT('',#11543);
#4169=VERTEX_POINT('',#11547);
#4170=VERTEX_POINT('',#11550);
#4171=VERTEX_POINT('',#11552);
#4172=VERTEX_POINT('',#11556);
#4173=VERTEX_POINT('',#11559);
#4174=VERTEX_POINT('',#11561);
#4175=VERTEX_POINT('',#11565);
#4176=VERTEX_POINT('',#11568);
#4177=VERTEX_POINT('',#11570);
#4178=VERTEX_POINT('',#11574);
#4179=VERTEX_POINT('',#11577);
#4180=VERTEX_POINT('',#11578);
#4181=VERTEX_POINT('',#11580);
#4182=VERTEX_POINT('',#11582);
#4183=VERTEX_POINT('',#11586);
#4184=VERTEX_POINT('',#11594);
#4185=VERTEX_POINT('',#11595);
#4186=VERTEX_POINT('',#11597);
#4187=VERTEX_POINT('',#11599);
#4188=VERTEX_POINT('',#11603);
#4189=VERTEX_POINT('',#11611);
#4190=VERTEX_POINT('',#11612);
#4191=VERTEX_POINT('',#11614);
#4192=VERTEX_POINT('',#11616);
#4193=VERTEX_POINT('',#11620);
#4194=VERTEX_POINT('',#11628);
#4195=VERTEX_POINT('',#11629);
#4196=VERTEX_POINT('',#11631);
#4197=VERTEX_POINT('',#11633);
#4198=VERTEX_POINT('',#11637);
#4199=VERTEX_POINT('',#11645);
#4200=VERTEX_POINT('',#11646);
#4201=VERTEX_POINT('',#11648);
#4202=VERTEX_POINT('',#11650);
#4203=VERTEX_POINT('',#11654);
#4204=VERTEX_POINT('',#11656);
#4205=VERTEX_POINT('',#11663);
#4206=VERTEX_POINT('',#11665);
#4207=VERTEX_POINT('',#11669);
#4208=VERTEX_POINT('',#11670);
#4209=VERTEX_POINT('',#11672);
#4210=VERTEX_POINT('',#11674);
#4211=VERTEX_POINT('',#11678);
#4212=VERTEX_POINT('',#11680);
#4213=VERTEX_POINT('',#11687);
#4214=VERTEX_POINT('',#11688);
#4215=VERTEX_POINT('',#11690);
#4216=VERTEX_POINT('',#11692);
#4217=VERTEX_POINT('',#11696);
#4218=VERTEX_POINT('',#11698);
#4219=VERTEX_POINT('',#11705);
#4220=VERTEX_POINT('',#11706);
#4221=VERTEX_POINT('',#11708);
#4222=VERTEX_POINT('',#11710);
#4223=VERTEX_POINT('',#11714);
#4224=VERTEX_POINT('',#11716);
#4225=VERTEX_POINT('',#11723);
#4226=VERTEX_POINT('',#11724);
#4227=VERTEX_POINT('',#11726);
#4228=VERTEX_POINT('',#11728);
#4229=VERTEX_POINT('',#11732);
#4230=VERTEX_POINT('',#11734);
#4231=VERTEX_POINT('',#11741);
#4232=VERTEX_POINT('',#11742);
#4233=VERTEX_POINT('',#11744);
#4234=VERTEX_POINT('',#11746);
#4235=VERTEX_POINT('',#11750);
#4236=VERTEX_POINT('',#11752);
#4237=VERTEX_POINT('',#11759);
#4238=VERTEX_POINT('',#11760);
#4239=VERTEX_POINT('',#11762);
#4240=VERTEX_POINT('',#11764);
#4241=VERTEX_POINT('',#11768);
#4242=VERTEX_POINT('',#11770);
#4243=VERTEX_POINT('',#11777);
#4244=VERTEX_POINT('',#11778);
#4245=VERTEX_POINT('',#11780);
#4246=VERTEX_POINT('',#11782);
#4247=VERTEX_POINT('',#11786);
#4248=VERTEX_POINT('',#11788);
#4249=VERTEX_POINT('',#11795);
#4250=VERTEX_POINT('',#11796);
#4251=VERTEX_POINT('',#11798);
#4252=VERTEX_POINT('',#11800);
#4253=VERTEX_POINT('',#11804);
#4254=VERTEX_POINT('',#11806);
#4255=VERTEX_POINT('',#11813);
#4256=VERTEX_POINT('',#11814);
#4257=VERTEX_POINT('',#11816);
#4258=VERTEX_POINT('',#11818);
#4259=VERTEX_POINT('',#11822);
#4260=VERTEX_POINT('',#11824);
#4261=VERTEX_POINT('',#11831);
#4262=VERTEX_POINT('',#11832);
#4263=VERTEX_POINT('',#11834);
#4264=VERTEX_POINT('',#11836);
#4265=VERTEX_POINT('',#11840);
#4266=VERTEX_POINT('',#11842);
#4267=VERTEX_POINT('',#11849);
#4268=VERTEX_POINT('',#11850);
#4269=VERTEX_POINT('',#11852);
#4270=VERTEX_POINT('',#11854);
#4271=VERTEX_POINT('',#11858);
#4272=VERTEX_POINT('',#11860);
#4273=VERTEX_POINT('',#11867);
#4274=VERTEX_POINT('',#11868);
#4275=VERTEX_POINT('',#11870);
#4276=VERTEX_POINT('',#11872);
#4277=VERTEX_POINT('',#11876);
#4278=VERTEX_POINT('',#11878);
#4279=VERTEX_POINT('',#11885);
#4280=VERTEX_POINT('',#11886);
#4281=VERTEX_POINT('',#11888);
#4282=VERTEX_POINT('',#11890);
#4283=VERTEX_POINT('',#11894);
#4284=VERTEX_POINT('',#11896);
#4285=VERTEX_POINT('',#11903);
#4286=VERTEX_POINT('',#11905);
#4287=VERTEX_POINT('',#11909);
#4288=VERTEX_POINT('',#11910);
#4289=VERTEX_POINT('',#11912);
#4290=VERTEX_POINT('',#11914);
#4291=VERTEX_POINT('',#11918);
#4292=VERTEX_POINT('',#11920);
#4293=VERTEX_POINT('',#11927);
#4294=VERTEX_POINT('',#11928);
#4295=VERTEX_POINT('',#11930);
#4296=VERTEX_POINT('',#11932);
#4297=VERTEX_POINT('',#11936);
#4298=VERTEX_POINT('',#11938);
#4299=VERTEX_POINT('',#11945);
#4300=VERTEX_POINT('',#11946);
#4301=VERTEX_POINT('',#11948);
#4302=VERTEX_POINT('',#11950);
#4303=VERTEX_POINT('',#11954);
#4304=VERTEX_POINT('',#11956);
#4305=VERTEX_POINT('',#11963);
#4306=VERTEX_POINT('',#11964);
#4307=VERTEX_POINT('',#11966);
#4308=VERTEX_POINT('',#11968);
#4309=VERTEX_POINT('',#11972);
#4310=VERTEX_POINT('',#11974);
#4311=VERTEX_POINT('',#11981);
#4312=VERTEX_POINT('',#11982);
#4313=VERTEX_POINT('',#11984);
#4314=VERTEX_POINT('',#11986);
#4315=VERTEX_POINT('',#11990);
#4316=VERTEX_POINT('',#11992);
#4317=VERTEX_POINT('',#11999);
#4318=VERTEX_POINT('',#12000);
#4319=VERTEX_POINT('',#12002);
#4320=VERTEX_POINT('',#12004);
#4321=VERTEX_POINT('',#12008);
#4322=VERTEX_POINT('',#12010);
#4323=VERTEX_POINT('',#12017);
#4324=VERTEX_POINT('',#12018);
#4325=VERTEX_POINT('',#12020);
#4326=VERTEX_POINT('',#12022);
#4327=VERTEX_POINT('',#12026);
#4328=VERTEX_POINT('',#12028);
#4329=VERTEX_POINT('',#12035);
#4330=VERTEX_POINT('',#12036);
#4331=VERTEX_POINT('',#12038);
#4332=VERTEX_POINT('',#12040);
#4333=VERTEX_POINT('',#12044);
#4334=VERTEX_POINT('',#12046);
#4335=VERTEX_POINT('',#12053);
#4336=VERTEX_POINT('',#12054);
#4337=VERTEX_POINT('',#12056);
#4338=VERTEX_POINT('',#12058);
#4339=VERTEX_POINT('',#12062);
#4340=VERTEX_POINT('',#12064);
#4341=VERTEX_POINT('',#12071);
#4342=VERTEX_POINT('',#12072);
#4343=VERTEX_POINT('',#12074);
#4344=VERTEX_POINT('',#12076);
#4345=VERTEX_POINT('',#12080);
#4346=VERTEX_POINT('',#12082);
#4347=VERTEX_POINT('',#12089);
#4348=VERTEX_POINT('',#12090);
#4349=VERTEX_POINT('',#12092);
#4350=VERTEX_POINT('',#12094);
#4351=VERTEX_POINT('',#12098);
#4352=VERTEX_POINT('',#12100);
#4353=VERTEX_POINT('',#12107);
#4354=VERTEX_POINT('',#12108);
#4355=VERTEX_POINT('',#12110);
#4356=VERTEX_POINT('',#12112);
#4357=VERTEX_POINT('',#12116);
#4358=VERTEX_POINT('',#12118);
#4359=VERTEX_POINT('',#12125);
#4360=VERTEX_POINT('',#12126);
#4361=VERTEX_POINT('',#12128);
#4362=VERTEX_POINT('',#12130);
#4363=VERTEX_POINT('',#12134);
#4364=VERTEX_POINT('',#12136);
#4365=VERTEX_POINT('',#12143);
#4366=VERTEX_POINT('',#12144);
#4367=VERTEX_POINT('',#12146);
#4368=VERTEX_POINT('',#12148);
#4369=VERTEX_POINT('',#12152);
#4370=VERTEX_POINT('',#12154);
#4371=VERTEX_POINT('',#12161);
#4372=VERTEX_POINT('',#12162);
#4373=VERTEX_POINT('',#12164);
#4374=VERTEX_POINT('',#12166);
#4375=VERTEX_POINT('',#12170);
#4376=VERTEX_POINT('',#12172);
#4377=VERTEX_POINT('',#12179);
#4378=VERTEX_POINT('',#12180);
#4379=VERTEX_POINT('',#12182);
#4380=VERTEX_POINT('',#12184);
#4381=VERTEX_POINT('',#12188);
#4382=VERTEX_POINT('',#12190);
#4383=VERTEX_POINT('',#12197);
#4384=VERTEX_POINT('',#12198);
#4385=VERTEX_POINT('',#12200);
#4386=VERTEX_POINT('',#12202);
#4387=VERTEX_POINT('',#12206);
#4388=VERTEX_POINT('',#12208);
#4389=VERTEX_POINT('',#12215);
#4390=VERTEX_POINT('',#12216);
#4391=VERTEX_POINT('',#12218);
#4392=VERTEX_POINT('',#12220);
#4393=VERTEX_POINT('',#12224);
#4394=VERTEX_POINT('',#12226);
#4395=VERTEX_POINT('',#12233);
#4396=VERTEX_POINT('',#12234);
#4397=VERTEX_POINT('',#12236);
#4398=VERTEX_POINT('',#12238);
#4399=VERTEX_POINT('',#12242);
#4400=VERTEX_POINT('',#12244);
#4401=VERTEX_POINT('',#12251);
#4402=VERTEX_POINT('',#12252);
#4403=VERTEX_POINT('',#12254);
#4404=VERTEX_POINT('',#12256);
#4405=VERTEX_POINT('',#12260);
#4406=VERTEX_POINT('',#12262);
#4407=VERTEX_POINT('',#12269);
#4408=VERTEX_POINT('',#12270);
#4409=VERTEX_POINT('',#12272);
#4410=VERTEX_POINT('',#12274);
#4411=VERTEX_POINT('',#12278);
#4412=VERTEX_POINT('',#12280);
#4413=VERTEX_POINT('',#12287);
#4414=VERTEX_POINT('',#12288);
#4415=VERTEX_POINT('',#12290);
#4416=VERTEX_POINT('',#12292);
#4417=VERTEX_POINT('',#12296);
#4418=VERTEX_POINT('',#12298);
#4419=VERTEX_POINT('',#12305);
#4420=VERTEX_POINT('',#12306);
#4421=VERTEX_POINT('',#12308);
#4422=VERTEX_POINT('',#12310);
#4423=VERTEX_POINT('',#12314);
#4424=VERTEX_POINT('',#12316);
#4425=VERTEX_POINT('',#12323);
#4426=VERTEX_POINT('',#12324);
#4427=VERTEX_POINT('',#12326);
#4428=VERTEX_POINT('',#12328);
#4429=VERTEX_POINT('',#12332);
#4430=VERTEX_POINT('',#12334);
#4431=VERTEX_POINT('',#12341);
#4432=VERTEX_POINT('',#12342);
#4433=VERTEX_POINT('',#12344);
#4434=VERTEX_POINT('',#12346);
#4435=VERTEX_POINT('',#12350);
#4436=VERTEX_POINT('',#12352);
#4437=VERTEX_POINT('',#12359);
#4438=VERTEX_POINT('',#12360);
#4439=VERTEX_POINT('',#12362);
#4440=VERTEX_POINT('',#12364);
#4441=VERTEX_POINT('',#12368);
#4442=VERTEX_POINT('',#12370);
#4443=VERTEX_POINT('',#12377);
#4444=VERTEX_POINT('',#12378);
#4445=VERTEX_POINT('',#12380);
#4446=VERTEX_POINT('',#12382);
#4447=VERTEX_POINT('',#12386);
#4448=VERTEX_POINT('',#12388);
#4449=VERTEX_POINT('',#12395);
#4450=VERTEX_POINT('',#12396);
#4451=VERTEX_POINT('',#12398);
#4452=VERTEX_POINT('',#12400);
#4453=VERTEX_POINT('',#12404);
#4454=VERTEX_POINT('',#12406);
#4455=VERTEX_POINT('',#12413);
#4456=VERTEX_POINT('',#12414);
#4457=VERTEX_POINT('',#12416);
#4458=VERTEX_POINT('',#12418);
#4459=VERTEX_POINT('',#12422);
#4460=VERTEX_POINT('',#12424);
#4461=VERTEX_POINT('',#12431);
#4462=VERTEX_POINT('',#12432);
#4463=VERTEX_POINT('',#12434);
#4464=VERTEX_POINT('',#12436);
#4465=VERTEX_POINT('',#12440);
#4466=VERTEX_POINT('',#12442);
#4467=VERTEX_POINT('',#12449);
#4468=VERTEX_POINT('',#12450);
#4469=VERTEX_POINT('',#12452);
#4470=VERTEX_POINT('',#12454);
#4471=VERTEX_POINT('',#12458);
#4472=VERTEX_POINT('',#12460);
#4473=VERTEX_POINT('',#12467);
#4474=VERTEX_POINT('',#12468);
#4475=VERTEX_POINT('',#12470);
#4476=VERTEX_POINT('',#12472);
#4477=VERTEX_POINT('',#12476);
#4478=VERTEX_POINT('',#12478);
#4479=VERTEX_POINT('',#12485);
#4480=VERTEX_POINT('',#12486);
#4481=VERTEX_POINT('',#12488);
#4482=VERTEX_POINT('',#12490);
#4483=VERTEX_POINT('',#12494);
#4484=VERTEX_POINT('',#12496);
#4485=VERTEX_POINT('',#12503);
#4486=VERTEX_POINT('',#12504);
#4487=VERTEX_POINT('',#12506);
#4488=VERTEX_POINT('',#12508);
#4489=VERTEX_POINT('',#12512);
#4490=VERTEX_POINT('',#12514);
#4491=VERTEX_POINT('',#12521);
#4492=VERTEX_POINT('',#12522);
#4493=VERTEX_POINT('',#12524);
#4494=VERTEX_POINT('',#12526);
#4495=VERTEX_POINT('',#12530);
#4496=VERTEX_POINT('',#12532);
#4497=VERTEX_POINT('',#12539);
#4498=VERTEX_POINT('',#12540);
#4499=VERTEX_POINT('',#12542);
#4500=VERTEX_POINT('',#12544);
#4501=VERTEX_POINT('',#12548);
#4502=VERTEX_POINT('',#12550);
#4503=VERTEX_POINT('',#12557);
#4504=VERTEX_POINT('',#12558);
#4505=VERTEX_POINT('',#12560);
#4506=VERTEX_POINT('',#12562);
#4507=VERTEX_POINT('',#12566);
#4508=VERTEX_POINT('',#12568);
#4509=VERTEX_POINT('',#12575);
#4510=VERTEX_POINT('',#12576);
#4511=VERTEX_POINT('',#12578);
#4512=VERTEX_POINT('',#12580);
#4513=VERTEX_POINT('',#12584);
#4514=VERTEX_POINT('',#12586);
#4515=VERTEX_POINT('',#12593);
#4516=VERTEX_POINT('',#12594);
#4517=VERTEX_POINT('',#12596);
#4518=VERTEX_POINT('',#12598);
#4519=VERTEX_POINT('',#12602);
#4520=VERTEX_POINT('',#12604);
#4521=VERTEX_POINT('',#12611);
#4522=VERTEX_POINT('',#12612);
#4523=VERTEX_POINT('',#12614);
#4524=VERTEX_POINT('',#12616);
#4525=VERTEX_POINT('',#12620);
#4526=VERTEX_POINT('',#12622);
#4527=VERTEX_POINT('',#12629);
#4528=VERTEX_POINT('',#12630);
#4529=VERTEX_POINT('',#12632);
#4530=VERTEX_POINT('',#12634);
#4531=VERTEX_POINT('',#12638);
#4532=VERTEX_POINT('',#12640);
#4533=VERTEX_POINT('',#12647);
#4534=VERTEX_POINT('',#12648);
#4535=VERTEX_POINT('',#12650);
#4536=VERTEX_POINT('',#12652);
#4537=VERTEX_POINT('',#12656);
#4538=VERTEX_POINT('',#12658);
#4539=VERTEX_POINT('',#12665);
#4540=VERTEX_POINT('',#12666);
#4541=VERTEX_POINT('',#12668);
#4542=VERTEX_POINT('',#12670);
#4543=VERTEX_POINT('',#12674);
#4544=VERTEX_POINT('',#12676);
#4545=VERTEX_POINT('',#12683);
#4546=VERTEX_POINT('',#12684);
#4547=VERTEX_POINT('',#12686);
#4548=VERTEX_POINT('',#12688);
#4549=VERTEX_POINT('',#12692);
#4550=VERTEX_POINT('',#12694);
#4551=VERTEX_POINT('',#12701);
#4552=VERTEX_POINT('',#12702);
#4553=VERTEX_POINT('',#12704);
#4554=VERTEX_POINT('',#12706);
#4555=VERTEX_POINT('',#12710);
#4556=VERTEX_POINT('',#12712);
#4557=VERTEX_POINT('',#12719);
#4558=VERTEX_POINT('',#12720);
#4559=VERTEX_POINT('',#12722);
#4560=VERTEX_POINT('',#12724);
#4561=VERTEX_POINT('',#12728);
#4562=VERTEX_POINT('',#12730);
#4563=VERTEX_POINT('',#12737);
#4564=VERTEX_POINT('',#12738);
#4565=VERTEX_POINT('',#12740);
#4566=VERTEX_POINT('',#12742);
#4567=VERTEX_POINT('',#12746);
#4568=VERTEX_POINT('',#12748);
#4569=VERTEX_POINT('',#12755);
#4570=VERTEX_POINT('',#12756);
#4571=VERTEX_POINT('',#12758);
#4572=VERTEX_POINT('',#12760);
#4573=VERTEX_POINT('',#12764);
#4574=VERTEX_POINT('',#12766);
#4575=VERTEX_POINT('',#12773);
#4576=VERTEX_POINT('',#12774);
#4577=VERTEX_POINT('',#12776);
#4578=VERTEX_POINT('',#12778);
#4579=VERTEX_POINT('',#12782);
#4580=VERTEX_POINT('',#12784);
#4581=VERTEX_POINT('',#12791);
#4582=VERTEX_POINT('',#12792);
#4583=VERTEX_POINT('',#12794);
#4584=VERTEX_POINT('',#12796);
#4585=VERTEX_POINT('',#12800);
#4586=VERTEX_POINT('',#12802);
#4587=VERTEX_POINT('',#12809);
#4588=VERTEX_POINT('',#12810);
#4589=VERTEX_POINT('',#12812);
#4590=VERTEX_POINT('',#12814);
#4591=VERTEX_POINT('',#12818);
#4592=VERTEX_POINT('',#12820);
#4593=VERTEX_POINT('',#12827);
#4594=VERTEX_POINT('',#12828);
#4595=VERTEX_POINT('',#12830);
#4596=VERTEX_POINT('',#12832);
#4597=VERTEX_POINT('',#12836);
#4598=VERTEX_POINT('',#12838);
#4599=VERTEX_POINT('',#12845);
#4600=VERTEX_POINT('',#12847);
#4601=VERTEX_POINT('',#12851);
#4602=VERTEX_POINT('',#12852);
#4603=VERTEX_POINT('',#12854);
#4604=VERTEX_POINT('',#12856);
#4605=VERTEX_POINT('',#12860);
#4606=VERTEX_POINT('',#12862);
#4607=VERTEX_POINT('',#12869);
#4608=VERTEX_POINT('',#12870);
#4609=VERTEX_POINT('',#12872);
#4610=VERTEX_POINT('',#12874);
#4611=VERTEX_POINT('',#12878);
#4612=VERTEX_POINT('',#12880);
#4613=VERTEX_POINT('',#12887);
#4614=VERTEX_POINT('',#12888);
#4615=VERTEX_POINT('',#12890);
#4616=VERTEX_POINT('',#12892);
#4617=VERTEX_POINT('',#12896);
#4618=VERTEX_POINT('',#12898);
#4619=VERTEX_POINT('',#12905);
#4620=VERTEX_POINT('',#12906);
#4621=VERTEX_POINT('',#12908);
#4622=VERTEX_POINT('',#12910);
#4623=VERTEX_POINT('',#12914);
#4624=VERTEX_POINT('',#12916);
#4625=VERTEX_POINT('',#12923);
#4626=VERTEX_POINT('',#12924);
#4627=VERTEX_POINT('',#12926);
#4628=VERTEX_POINT('',#12928);
#4629=VERTEX_POINT('',#12932);
#4630=VERTEX_POINT('',#12934);
#4631=VERTEX_POINT('',#12941);
#4632=VERTEX_POINT('',#12942);
#4633=VERTEX_POINT('',#12944);
#4634=VERTEX_POINT('',#12946);
#4635=VERTEX_POINT('',#12950);
#4636=VERTEX_POINT('',#12952);
#4637=VERTEX_POINT('',#12959);
#4638=VERTEX_POINT('',#12960);
#4639=VERTEX_POINT('',#12962);
#4640=VERTEX_POINT('',#12964);
#4641=VERTEX_POINT('',#12968);
#4642=VERTEX_POINT('',#12970);
#4643=VERTEX_POINT('',#12977);
#4644=VERTEX_POINT('',#12978);
#4645=VERTEX_POINT('',#12980);
#4646=VERTEX_POINT('',#12982);
#4647=VERTEX_POINT('',#12986);
#4648=VERTEX_POINT('',#12988);
#4649=VERTEX_POINT('',#12995);
#4650=VERTEX_POINT('',#12996);
#4651=VERTEX_POINT('',#12998);
#4652=VERTEX_POINT('',#13000);
#4653=VERTEX_POINT('',#13004);
#4654=VERTEX_POINT('',#13006);
#4655=VERTEX_POINT('',#13013);
#4656=VERTEX_POINT('',#13014);
#4657=VERTEX_POINT('',#13016);
#4658=VERTEX_POINT('',#13018);
#4659=VERTEX_POINT('',#13022);
#4660=VERTEX_POINT('',#13024);
#4661=VERTEX_POINT('',#13031);
#4662=VERTEX_POINT('',#13032);
#4663=VERTEX_POINT('',#13034);
#4664=VERTEX_POINT('',#13036);
#4665=VERTEX_POINT('',#13040);
#4666=VERTEX_POINT('',#13042);
#4667=VERTEX_POINT('',#13049);
#4668=VERTEX_POINT('',#13050);
#4669=VERTEX_POINT('',#13052);
#4670=VERTEX_POINT('',#13054);
#4671=VERTEX_POINT('',#13058);
#4672=VERTEX_POINT('',#13060);
#4673=VERTEX_POINT('',#13067);
#4674=VERTEX_POINT('',#13068);
#4675=VERTEX_POINT('',#13070);
#4676=VERTEX_POINT('',#13072);
#4677=VERTEX_POINT('',#13076);
#4678=VERTEX_POINT('',#13078);
#4679=VERTEX_POINT('',#13085);
#4680=VERTEX_POINT('',#13086);
#4681=VERTEX_POINT('',#13088);
#4682=VERTEX_POINT('',#13090);
#4683=VERTEX_POINT('',#13094);
#4684=VERTEX_POINT('',#13096);
#4685=VERTEX_POINT('',#13103);
#4686=VERTEX_POINT('',#13104);
#4687=VERTEX_POINT('',#13106);
#4688=VERTEX_POINT('',#13108);
#4689=VERTEX_POINT('',#13112);
#4690=VERTEX_POINT('',#13114);
#4691=VERTEX_POINT('',#13121);
#4692=VERTEX_POINT('',#13122);
#4693=VERTEX_POINT('',#13124);
#4694=VERTEX_POINT('',#13126);
#4695=VERTEX_POINT('',#13130);
#4696=VERTEX_POINT('',#13132);
#4697=VERTEX_POINT('',#13139);
#4698=VERTEX_POINT('',#13140);
#4699=VERTEX_POINT('',#13142);
#4700=VERTEX_POINT('',#13144);
#4701=VERTEX_POINT('',#13148);
#4702=VERTEX_POINT('',#13150);
#4703=VERTEX_POINT('',#13157);
#4704=VERTEX_POINT('',#13158);
#4705=VERTEX_POINT('',#13160);
#4706=VERTEX_POINT('',#13162);
#4707=VERTEX_POINT('',#13166);
#4708=VERTEX_POINT('',#13168);
#4709=VERTEX_POINT('',#13175);
#4710=VERTEX_POINT('',#13176);
#4711=VERTEX_POINT('',#13178);
#4712=VERTEX_POINT('',#13180);
#4713=VERTEX_POINT('',#13184);
#4714=VERTEX_POINT('',#13186);
#4715=VERTEX_POINT('',#13193);
#4716=VERTEX_POINT('',#13194);
#4717=VERTEX_POINT('',#13196);
#4718=VERTEX_POINT('',#13198);
#4719=VERTEX_POINT('',#13202);
#4720=VERTEX_POINT('',#13204);
#4721=VERTEX_POINT('',#13211);
#4722=VERTEX_POINT('',#13212);
#4723=VERTEX_POINT('',#13214);
#4724=VERTEX_POINT('',#13216);
#4725=VERTEX_POINT('',#13220);
#4726=VERTEX_POINT('',#13222);
#4727=VERTEX_POINT('',#13229);
#4728=VERTEX_POINT('',#13230);
#4729=VERTEX_POINT('',#13232);
#4730=VERTEX_POINT('',#13234);
#4731=VERTEX_POINT('',#13238);
#4732=VERTEX_POINT('',#13240);
#4733=VERTEX_POINT('',#13247);
#4734=VERTEX_POINT('',#13248);
#4735=VERTEX_POINT('',#13250);
#4736=VERTEX_POINT('',#13252);
#4737=VERTEX_POINT('',#13256);
#4738=VERTEX_POINT('',#13258);
#4739=VERTEX_POINT('',#13265);
#4740=VERTEX_POINT('',#13266);
#4741=VERTEX_POINT('',#13268);
#4742=VERTEX_POINT('',#13270);
#4743=VERTEX_POINT('',#13274);
#4744=VERTEX_POINT('',#13276);
#4745=VERTEX_POINT('',#13283);
#4746=VERTEX_POINT('',#13284);
#4747=VERTEX_POINT('',#13286);
#4748=VERTEX_POINT('',#13288);
#4749=VERTEX_POINT('',#13292);
#4750=VERTEX_POINT('',#13294);
#4751=VERTEX_POINT('',#13301);
#4752=VERTEX_POINT('',#13302);
#4753=VERTEX_POINT('',#13304);
#4754=VERTEX_POINT('',#13306);
#4755=VERTEX_POINT('',#13310);
#4756=VERTEX_POINT('',#13312);
#4757=VERTEX_POINT('',#13319);
#4758=VERTEX_POINT('',#13320);
#4759=VERTEX_POINT('',#13322);
#4760=VERTEX_POINT('',#13324);
#4761=VERTEX_POINT('',#13328);
#4762=VERTEX_POINT('',#13330);
#4763=VERTEX_POINT('',#13337);
#4764=VERTEX_POINT('',#13338);
#4765=VERTEX_POINT('',#13340);
#4766=VERTEX_POINT('',#13342);
#4767=VERTEX_POINT('',#13346);
#4768=VERTEX_POINT('',#13348);
#4769=VERTEX_POINT('',#13355);
#4770=VERTEX_POINT('',#13356);
#4771=VERTEX_POINT('',#13358);
#4772=VERTEX_POINT('',#13360);
#4773=VERTEX_POINT('',#13364);
#4774=VERTEX_POINT('',#13366);
#4775=VERTEX_POINT('',#13373);
#4776=VERTEX_POINT('',#13374);
#4777=VERTEX_POINT('',#13376);
#4778=VERTEX_POINT('',#13378);
#4779=VERTEX_POINT('',#13382);
#4780=VERTEX_POINT('',#13384);
#4781=VERTEX_POINT('',#13391);
#4782=VERTEX_POINT('',#13392);
#4783=VERTEX_POINT('',#13394);
#4784=VERTEX_POINT('',#13396);
#4785=VERTEX_POINT('',#13400);
#4786=VERTEX_POINT('',#13402);
#4787=VERTEX_POINT('',#13409);
#4788=VERTEX_POINT('',#13410);
#4789=VERTEX_POINT('',#13412);
#4790=VERTEX_POINT('',#13414);
#4791=VERTEX_POINT('',#13418);
#4792=VERTEX_POINT('',#13420);
#4793=VERTEX_POINT('',#13427);
#4794=VERTEX_POINT('',#13428);
#4795=VERTEX_POINT('',#13430);
#4796=VERTEX_POINT('',#13432);
#4797=VERTEX_POINT('',#13436);
#4798=VERTEX_POINT('',#13438);
#4799=VERTEX_POINT('',#13445);
#4800=VERTEX_POINT('',#13446);
#4801=VERTEX_POINT('',#13448);
#4802=VERTEX_POINT('',#13450);
#4803=VERTEX_POINT('',#13454);
#4804=VERTEX_POINT('',#13456);
#4805=VERTEX_POINT('',#13463);
#4806=VERTEX_POINT('',#13464);
#4807=VERTEX_POINT('',#13466);
#4808=VERTEX_POINT('',#13468);
#4809=VERTEX_POINT('',#13472);
#4810=VERTEX_POINT('',#13474);
#4811=VERTEX_POINT('',#13481);
#4812=VERTEX_POINT('',#13482);
#4813=VERTEX_POINT('',#13484);
#4814=VERTEX_POINT('',#13486);
#4815=VERTEX_POINT('',#13490);
#4816=VERTEX_POINT('',#13492);
#4817=VERTEX_POINT('',#13499);
#4818=VERTEX_POINT('',#13500);
#4819=VERTEX_POINT('',#13502);
#4820=VERTEX_POINT('',#13504);
#4821=VERTEX_POINT('',#13508);
#4822=VERTEX_POINT('',#13510);
#4823=VERTEX_POINT('',#13517);
#4824=VERTEX_POINT('',#13518);
#4825=VERTEX_POINT('',#13520);
#4826=VERTEX_POINT('',#13522);
#4827=VERTEX_POINT('',#13526);
#4828=VERTEX_POINT('',#13528);
#4829=VERTEX_POINT('',#13535);
#4830=VERTEX_POINT('',#13536);
#4831=VERTEX_POINT('',#13538);
#4832=VERTEX_POINT('',#13540);
#4833=VERTEX_POINT('',#13544);
#4834=VERTEX_POINT('',#13546);
#4835=VERTEX_POINT('',#13553);
#4836=VERTEX_POINT('',#13554);
#4837=VERTEX_POINT('',#13556);
#4838=VERTEX_POINT('',#13558);
#4839=VERTEX_POINT('',#13562);
#4840=VERTEX_POINT('',#13564);
#4841=VERTEX_POINT('',#13571);
#4842=VERTEX_POINT('',#13572);
#4843=VERTEX_POINT('',#13574);
#4844=VERTEX_POINT('',#13576);
#4845=VERTEX_POINT('',#13580);
#4846=VERTEX_POINT('',#13582);
#4847=VERTEX_POINT('',#13589);
#4848=VERTEX_POINT('',#13590);
#4849=VERTEX_POINT('',#13592);
#4850=VERTEX_POINT('',#13594);
#4851=VERTEX_POINT('',#13598);
#4852=VERTEX_POINT('',#13600);
#4853=VERTEX_POINT('',#13607);
#4854=VERTEX_POINT('',#13608);
#4855=VERTEX_POINT('',#13610);
#4856=VERTEX_POINT('',#13612);
#4857=VERTEX_POINT('',#13616);
#4858=VERTEX_POINT('',#13618);
#4859=VERTEX_POINT('',#13625);
#4860=VERTEX_POINT('',#13626);
#4861=VERTEX_POINT('',#13628);
#4862=VERTEX_POINT('',#13630);
#4863=VERTEX_POINT('',#13634);
#4864=VERTEX_POINT('',#13636);
#4865=VERTEX_POINT('',#13643);
#4866=VERTEX_POINT('',#13644);
#4867=VERTEX_POINT('',#13646);
#4868=VERTEX_POINT('',#13648);
#4869=VERTEX_POINT('',#13652);
#4870=VERTEX_POINT('',#13654);
#4871=VERTEX_POINT('',#13661);
#4872=VERTEX_POINT('',#13662);
#4873=VERTEX_POINT('',#13664);
#4874=VERTEX_POINT('',#13666);
#4875=VERTEX_POINT('',#13670);
#4876=VERTEX_POINT('',#13672);
#4877=VERTEX_POINT('',#13679);
#4878=VERTEX_POINT('',#13680);
#4879=VERTEX_POINT('',#13682);
#4880=VERTEX_POINT('',#13684);
#4881=VERTEX_POINT('',#13688);
#4882=VERTEX_POINT('',#13690);
#4883=VERTEX_POINT('',#13697);
#4884=VERTEX_POINT('',#13698);
#4885=VERTEX_POINT('',#13700);
#4886=VERTEX_POINT('',#13702);
#4887=VERTEX_POINT('',#13706);
#4888=VERTEX_POINT('',#13708);
#4889=VERTEX_POINT('',#13715);
#4890=VERTEX_POINT('',#13716);
#4891=VERTEX_POINT('',#13718);
#4892=VERTEX_POINT('',#13720);
#4893=VERTEX_POINT('',#13724);
#4894=VERTEX_POINT('',#13726);
#4895=VERTEX_POINT('',#13733);
#4896=VERTEX_POINT('',#13734);
#4897=VERTEX_POINT('',#13736);
#4898=VERTEX_POINT('',#13738);
#4899=VERTEX_POINT('',#13742);
#4900=VERTEX_POINT('',#13744);
#4901=VERTEX_POINT('',#13751);
#4902=VERTEX_POINT('',#13752);
#4903=VERTEX_POINT('',#13754);
#4904=VERTEX_POINT('',#13756);
#4905=VERTEX_POINT('',#13760);
#4906=VERTEX_POINT('',#13762);
#4907=VERTEX_POINT('',#13769);
#4908=VERTEX_POINT('',#13771);
#4909=VERTEX_POINT('',#13775);
#4910=VERTEX_POINT('',#13776);
#4911=VERTEX_POINT('',#13778);
#4912=VERTEX_POINT('',#13780);
#4913=VERTEX_POINT('',#13784);
#4914=VERTEX_POINT('',#13786);
#4915=VERTEX_POINT('',#13793);
#4916=VERTEX_POINT('',#13794);
#4917=VERTEX_POINT('',#13796);
#4918=VERTEX_POINT('',#13798);
#4919=VERTEX_POINT('',#13802);
#4920=VERTEX_POINT('',#13804);
#4921=VERTEX_POINT('',#13811);
#4922=VERTEX_POINT('',#13812);
#4923=VERTEX_POINT('',#13814);
#4924=VERTEX_POINT('',#13816);
#4925=VERTEX_POINT('',#13820);
#4926=VERTEX_POINT('',#13822);
#4927=VERTEX_POINT('',#13829);
#4928=VERTEX_POINT('',#13830);
#4929=VERTEX_POINT('',#13832);
#4930=VERTEX_POINT('',#13834);
#4931=VERTEX_POINT('',#13838);
#4932=VERTEX_POINT('',#13840);
#4933=VERTEX_POINT('',#13847);
#4934=VERTEX_POINT('',#13848);
#4935=VERTEX_POINT('',#13850);
#4936=VERTEX_POINT('',#13852);
#4937=VERTEX_POINT('',#13856);
#4938=VERTEX_POINT('',#13858);
#4939=VERTEX_POINT('',#13865);
#4940=VERTEX_POINT('',#13866);
#4941=VERTEX_POINT('',#13868);
#4942=VERTEX_POINT('',#13870);
#4943=VERTEX_POINT('',#13874);
#4944=VERTEX_POINT('',#13876);
#4945=VERTEX_POINT('',#13883);
#4946=VERTEX_POINT('',#13884);
#4947=VERTEX_POINT('',#13886);
#4948=VERTEX_POINT('',#13888);
#4949=VERTEX_POINT('',#13892);
#4950=VERTEX_POINT('',#13894);
#4951=VERTEX_POINT('',#13901);
#4952=VERTEX_POINT('',#13902);
#4953=VERTEX_POINT('',#13904);
#4954=VERTEX_POINT('',#13906);
#4955=VERTEX_POINT('',#13910);
#4956=VERTEX_POINT('',#13912);
#4957=VERTEX_POINT('',#13919);
#4958=VERTEX_POINT('',#13920);
#4959=VERTEX_POINT('',#13922);
#4960=VERTEX_POINT('',#13924);
#4961=VERTEX_POINT('',#13928);
#4962=VERTEX_POINT('',#13930);
#4963=VERTEX_POINT('',#13937);
#4964=VERTEX_POINT('',#13938);
#4965=VERTEX_POINT('',#13940);
#4966=VERTEX_POINT('',#13942);
#4967=VERTEX_POINT('',#13946);
#4968=VERTEX_POINT('',#13948);
#4969=VERTEX_POINT('',#13952);
#4970=VERTEX_POINT('',#13954);
#4971=EDGE_CURVE('',#4167,#4167,#4135,.T.);
#4972=EDGE_CURVE('',#4167,#4168,#1787,.T.);
#4973=EDGE_CURVE('',#4168,#4168,#4136,.T.);
#4974=EDGE_CURVE('',#4169,#4169,#4137,.T.);
#4975=EDGE_CURVE('',#4170,#4170,#4138,.T.);
#4976=EDGE_CURVE('',#4170,#4171,#1788,.T.);
#4977=EDGE_CURVE('',#4171,#4171,#4139,.T.);
#4978=EDGE_CURVE('',#4172,#4172,#4140,.T.);
#4979=EDGE_CURVE('',#4173,#4173,#4141,.T.);
#4980=EDGE_CURVE('',#4173,#4174,#1789,.T.);
#4981=EDGE_CURVE('',#4174,#4174,#4142,.T.);
#4982=EDGE_CURVE('',#4175,#4175,#4143,.T.);
#4983=EDGE_CURVE('',#4176,#4176,#4144,.T.);
#4984=EDGE_CURVE('',#4176,#4177,#1790,.T.);
#4985=EDGE_CURVE('',#4177,#4177,#4145,.T.);
#4986=EDGE_CURVE('',#4178,#4178,#4146,.T.);
#4987=EDGE_CURVE('',#4179,#4180,#4147,.T.);
#4988=EDGE_CURVE('',#4179,#4181,#1791,.T.);
#4989=EDGE_CURVE('',#4182,#4181,#4148,.T.);
#4990=EDGE_CURVE('',#4180,#4182,#1792,.T.);
#4991=EDGE_CURVE('',#4183,#4183,#4149,.T.);
#4992=EDGE_CURVE('',#4183,#4169,#1793,.T.);
#4993=EDGE_CURVE('',#4180,#4179,#1794,.T.);
#4994=EDGE_CURVE('',#4181,#4182,#1795,.T.);
#4995=EDGE_CURVE('',#4184,#4185,#4150,.T.);
#4996=EDGE_CURVE('',#4184,#4186,#1796,.T.);
#4997=EDGE_CURVE('',#4187,#4186,#4151,.T.);
#4998=EDGE_CURVE('',#4185,#4187,#1797,.T.);
#4999=EDGE_CURVE('',#4188,#4188,#4152,.T.);
#5000=EDGE_CURVE('',#4188,#4175,#1798,.T.);
#5001=EDGE_CURVE('',#4185,#4184,#1799,.T.);
#5002=EDGE_CURVE('',#4186,#4187,#1800,.T.);
#5003=EDGE_CURVE('',#4189,#4190,#1801,.T.);
#5004=EDGE_CURVE('',#4189,#4191,#1802,.T.);
#5005=EDGE_CURVE('',#4192,#4191,#1803,.T.);
#5006=EDGE_CURVE('',#4190,#4192,#1804,.T.);
#5007=EDGE_CURVE('',#4193,#4193,#4153,.T.);
#5008=EDGE_CURVE('',#4193,#4172,#1805,.T.);
#5009=EDGE_CURVE('',#4190,#4189,#4154,.T.);
#5010=EDGE_CURVE('',#4191,#4192,#4155,.T.);
#5011=EDGE_CURVE('',#4194,#4195,#1806,.T.);
#5012=EDGE_CURVE('',#4194,#4196,#1807,.T.);
#5013=EDGE_CURVE('',#4197,#4196,#1808,.T.);
#5014=EDGE_CURVE('',#4195,#4197,#1809,.T.);
#5015=EDGE_CURVE('',#4198,#4198,#4156,.T.);
#5016=EDGE_CURVE('',#4198,#4178,#1810,.T.);
#5017=EDGE_CURVE('',#4195,#4194,#4157,.T.);
#5018=EDGE_CURVE('',#4196,#4197,#4158,.T.);
#5019=EDGE_CURVE('',#4199,#4200,#1811,.T.);
#5020=EDGE_CURVE('',#4200,#4201,#1812,.T.);
#5021=EDGE_CURVE('',#4202,#4201,#1813,.T.);
#5022=EDGE_CURVE('',#4199,#4202,#1814,.T.);
#5023=EDGE_CURVE('',#4203,#4199,#1815,.T.);
#5024=EDGE_CURVE('',#4204,#4202,#1816,.T.);
#5025=EDGE_CURVE('',#4203,#4204,#1817,.T.);
#5026=EDGE_CURVE('',#4200,#4203,#1818,.T.);
#5027=EDGE_CURVE('',#4201,#4204,#1819,.T.);
#5028=EDGE_CURVE('',#4205,#4205,#4159,.T.);
#5029=EDGE_CURVE('',#4205,#4206,#1820,.T.);
#5030=EDGE_CURVE('',#4206,#4206,#4160,.T.);
#5031=EDGE_CURVE('',#4207,#4208,#1821,.T.);
#5032=EDGE_CURVE('',#4208,#4209,#1822,.T.);
#5033=EDGE_CURVE('',#4210,#4209,#1823,.T.);
#5034=EDGE_CURVE('',#4207,#4210,#1824,.T.);
#5035=EDGE_CURVE('',#4211,#4207,#1825,.T.);
#5036=EDGE_CURVE('',#4212,#4210,#1826,.T.);
#5037=EDGE_CURVE('',#4211,#4212,#1827,.T.);
#5038=EDGE_CURVE('',#4208,#4211,#1828,.T.);
#5039=EDGE_CURVE('',#4209,#4212,#1829,.T.);
#5040=EDGE_CURVE('',#4213,#4214,#1830,.T.);
#5041=EDGE_CURVE('',#4214,#4215,#1831,.T.);
#5042=EDGE_CURVE('',#4216,#4215,#1832,.T.);
#5043=EDGE_CURVE('',#4213,#4216,#1833,.T.);
#5044=EDGE_CURVE('',#4217,#4213,#1834,.T.);
#5045=EDGE_CURVE('',#4218,#4216,#1835,.T.);
#5046=EDGE_CURVE('',#4217,#4218,#1836,.T.);
#5047=EDGE_CURVE('',#4214,#4217,#1837,.T.);
#5048=EDGE_CURVE('',#4215,#4218,#1838,.T.);
#5049=EDGE_CURVE('',#4219,#4220,#1839,.T.);
#5050=EDGE_CURVE('',#4220,#4221,#1840,.T.);
#5051=EDGE_CURVE('',#4222,#4221,#1841,.T.);
#5052=EDGE_CURVE('',#4219,#4222,#1842,.T.);
#5053=EDGE_CURVE('',#4223,#4219,#1843,.T.);
#5054=EDGE_CURVE('',#4224,#4222,#1844,.T.);
#5055=EDGE_CURVE('',#4223,#4224,#1845,.T.);
#5056=EDGE_CURVE('',#4220,#4223,#1846,.T.);
#5057=EDGE_CURVE('',#4221,#4224,#1847,.T.);
#5058=EDGE_CURVE('',#4225,#4226,#1848,.T.);
#5059=EDGE_CURVE('',#4226,#4227,#1849,.T.);
#5060=EDGE_CURVE('',#4228,#4227,#1850,.T.);
#5061=EDGE_CURVE('',#4225,#4228,#1851,.T.);
#5062=EDGE_CURVE('',#4229,#4225,#1852,.T.);
#5063=EDGE_CURVE('',#4230,#4228,#1853,.T.);
#5064=EDGE_CURVE('',#4229,#4230,#1854,.T.);
#5065=EDGE_CURVE('',#4226,#4229,#1855,.T.);
#5066=EDGE_CURVE('',#4227,#4230,#1856,.T.);
#5067=EDGE_CURVE('',#4231,#4232,#1857,.T.);
#5068=EDGE_CURVE('',#4232,#4233,#1858,.T.);
#5069=EDGE_CURVE('',#4234,#4233,#1859,.T.);
#5070=EDGE_CURVE('',#4231,#4234,#1860,.T.);
#5071=EDGE_CURVE('',#4235,#4231,#1861,.T.);
#5072=EDGE_CURVE('',#4236,#4234,#1862,.T.);
#5073=EDGE_CURVE('',#4235,#4236,#1863,.T.);
#5074=EDGE_CURVE('',#4232,#4235,#1864,.T.);
#5075=EDGE_CURVE('',#4233,#4236,#1865,.T.);
#5076=EDGE_CURVE('',#4237,#4238,#1866,.T.);
#5077=EDGE_CURVE('',#4238,#4239,#1867,.T.);
#5078=EDGE_CURVE('',#4240,#4239,#1868,.T.);
#5079=EDGE_CURVE('',#4237,#4240,#1869,.T.);
#5080=EDGE_CURVE('',#4241,#4237,#1870,.T.);
#5081=EDGE_CURVE('',#4242,#4240,#1871,.T.);
#5082=EDGE_CURVE('',#4241,#4242,#1872,.T.);
#5083=EDGE_CURVE('',#4238,#4241,#1873,.T.);
#5084=EDGE_CURVE('',#4239,#4242,#1874,.T.);
#5085=EDGE_CURVE('',#4243,#4244,#1875,.T.);
#5086=EDGE_CURVE('',#4244,#4245,#1876,.T.);
#5087=EDGE_CURVE('',#4246,#4245,#1877,.T.);
#5088=EDGE_CURVE('',#4243,#4246,#1878,.T.);
#5089=EDGE_CURVE('',#4247,#4243,#1879,.T.);
#5090=EDGE_CURVE('',#4248,#4246,#1880,.T.);
#5091=EDGE_CURVE('',#4247,#4248,#1881,.T.);
#5092=EDGE_CURVE('',#4244,#4247,#1882,.T.);
#5093=EDGE_CURVE('',#4245,#4248,#1883,.T.);
#5094=EDGE_CURVE('',#4249,#4250,#1884,.T.);
#5095=EDGE_CURVE('',#4250,#4251,#1885,.T.);
#5096=EDGE_CURVE('',#4252,#4251,#1886,.T.);
#5097=EDGE_CURVE('',#4249,#4252,#1887,.T.);
#5098=EDGE_CURVE('',#4253,#4249,#1888,.T.);
#5099=EDGE_CURVE('',#4254,#4252,#1889,.T.);
#5100=EDGE_CURVE('',#4253,#4254,#1890,.T.);
#5101=EDGE_CURVE('',#4250,#4253,#1891,.T.);
#5102=EDGE_CURVE('',#4251,#4254,#1892,.T.);
#5103=EDGE_CURVE('',#4255,#4256,#1893,.T.);
#5104=EDGE_CURVE('',#4256,#4257,#1894,.T.);
#5105=EDGE_CURVE('',#4258,#4257,#1895,.T.);
#5106=EDGE_CURVE('',#4255,#4258,#1896,.T.);
#5107=EDGE_CURVE('',#4259,#4255,#1897,.T.);
#5108=EDGE_CURVE('',#4260,#4258,#1898,.T.);
#5109=EDGE_CURVE('',#4259,#4260,#1899,.T.);
#5110=EDGE_CURVE('',#4256,#4259,#1900,.T.);
#5111=EDGE_CURVE('',#4257,#4260,#1901,.T.);
#5112=EDGE_CURVE('',#4261,#4262,#1902,.T.);
#5113=EDGE_CURVE('',#4262,#4263,#1903,.T.);
#5114=EDGE_CURVE('',#4264,#4263,#1904,.T.);
#5115=EDGE_CURVE('',#4261,#4264,#1905,.T.);
#5116=EDGE_CURVE('',#4265,#4261,#1906,.T.);
#5117=EDGE_CURVE('',#4266,#4264,#1907,.T.);
#5118=EDGE_CURVE('',#4265,#4266,#1908,.T.);
#5119=EDGE_CURVE('',#4262,#4265,#1909,.T.);
#5120=EDGE_CURVE('',#4263,#4266,#1910,.T.);
#5121=EDGE_CURVE('',#4267,#4268,#1911,.T.);
#5122=EDGE_CURVE('',#4268,#4269,#1912,.T.);
#5123=EDGE_CURVE('',#4270,#4269,#1913,.T.);
#5124=EDGE_CURVE('',#4267,#4270,#1914,.T.);
#5125=EDGE_CURVE('',#4271,#4267,#1915,.T.);
#5126=EDGE_CURVE('',#4272,#4270,#1916,.T.);
#5127=EDGE_CURVE('',#4271,#4272,#1917,.T.);
#5128=EDGE_CURVE('',#4268,#4271,#1918,.T.);
#5129=EDGE_CURVE('',#4269,#4272,#1919,.T.);
#5130=EDGE_CURVE('',#4273,#4274,#1920,.T.);
#5131=EDGE_CURVE('',#4274,#4275,#1921,.T.);
#5132=EDGE_CURVE('',#4276,#4275,#1922,.T.);
#5133=EDGE_CURVE('',#4273,#4276,#1923,.T.);
#5134=EDGE_CURVE('',#4277,#4273,#1924,.T.);
#5135=EDGE_CURVE('',#4278,#4276,#1925,.T.);
#5136=EDGE_CURVE('',#4277,#4278,#1926,.T.);
#5137=EDGE_CURVE('',#4274,#4277,#1927,.T.);
#5138=EDGE_CURVE('',#4275,#4278,#1928,.T.);
#5139=EDGE_CURVE('',#4279,#4280,#1929,.T.);
#5140=EDGE_CURVE('',#4280,#4281,#1930,.T.);
#5141=EDGE_CURVE('',#4282,#4281,#1931,.T.);
#5142=EDGE_CURVE('',#4279,#4282,#1932,.T.);
#5143=EDGE_CURVE('',#4283,#4279,#1933,.T.);
#5144=EDGE_CURVE('',#4284,#4282,#1934,.T.);
#5145=EDGE_CURVE('',#4283,#4284,#1935,.T.);
#5146=EDGE_CURVE('',#4280,#4283,#1936,.T.);
#5147=EDGE_CURVE('',#4281,#4284,#1937,.T.);
#5148=EDGE_CURVE('',#4285,#4285,#4161,.T.);
#5149=EDGE_CURVE('',#4285,#4286,#1938,.T.);
#5150=EDGE_CURVE('',#4286,#4286,#4162,.T.);
#5151=EDGE_CURVE('',#4287,#4288,#1939,.T.);
#5152=EDGE_CURVE('',#4288,#4289,#1940,.T.);
#5153=EDGE_CURVE('',#4290,#4289,#1941,.T.);
#5154=EDGE_CURVE('',#4287,#4290,#1942,.T.);
#5155=EDGE_CURVE('',#4291,#4287,#1943,.T.);
#5156=EDGE_CURVE('',#4292,#4290,#1944,.T.);
#5157=EDGE_CURVE('',#4291,#4292,#1945,.T.);
#5158=EDGE_CURVE('',#4288,#4291,#1946,.T.);
#5159=EDGE_CURVE('',#4289,#4292,#1947,.T.);
#5160=EDGE_CURVE('',#4293,#4294,#1948,.T.);
#5161=EDGE_CURVE('',#4294,#4295,#1949,.T.);
#5162=EDGE_CURVE('',#4296,#4295,#1950,.T.);
#5163=EDGE_CURVE('',#4293,#4296,#1951,.T.);
#5164=EDGE_CURVE('',#4297,#4293,#1952,.T.);
#5165=EDGE_CURVE('',#4298,#4296,#1953,.T.);
#5166=EDGE_CURVE('',#4297,#4298,#1954,.T.);
#5167=EDGE_CURVE('',#4294,#4297,#1955,.T.);
#5168=EDGE_CURVE('',#4295,#4298,#1956,.T.);
#5169=EDGE_CURVE('',#4299,#4300,#1957,.T.);
#5170=EDGE_CURVE('',#4300,#4301,#1958,.T.);
#5171=EDGE_CURVE('',#4302,#4301,#1959,.T.);
#5172=EDGE_CURVE('',#4299,#4302,#1960,.T.);
#5173=EDGE_CURVE('',#4303,#4299,#1961,.T.);
#5174=EDGE_CURVE('',#4304,#4302,#1962,.T.);
#5175=EDGE_CURVE('',#4303,#4304,#1963,.T.);
#5176=EDGE_CURVE('',#4300,#4303,#1964,.T.);
#5177=EDGE_CURVE('',#4301,#4304,#1965,.T.);
#5178=EDGE_CURVE('',#4305,#4306,#1966,.T.);
#5179=EDGE_CURVE('',#4306,#4307,#1967,.T.);
#5180=EDGE_CURVE('',#4308,#4307,#1968,.T.);
#5181=EDGE_CURVE('',#4305,#4308,#1969,.T.);
#5182=EDGE_CURVE('',#4309,#4305,#1970,.T.);
#5183=EDGE_CURVE('',#4310,#4308,#1971,.T.);
#5184=EDGE_CURVE('',#4309,#4310,#1972,.T.);
#5185=EDGE_CURVE('',#4306,#4309,#1973,.T.);
#5186=EDGE_CURVE('',#4307,#4310,#1974,.T.);
#5187=EDGE_CURVE('',#4311,#4312,#1975,.T.);
#5188=EDGE_CURVE('',#4312,#4313,#1976,.T.);
#5189=EDGE_CURVE('',#4314,#4313,#1977,.T.);
#5190=EDGE_CURVE('',#4311,#4314,#1978,.T.);
#5191=EDGE_CURVE('',#4315,#4311,#1979,.T.);
#5192=EDGE_CURVE('',#4316,#4314,#1980,.T.);
#5193=EDGE_CURVE('',#4315,#4316,#1981,.T.);
#5194=EDGE_CURVE('',#4312,#4315,#1982,.T.);
#5195=EDGE_CURVE('',#4313,#4316,#1983,.T.);
#5196=EDGE_CURVE('',#4317,#4318,#1984,.T.);
#5197=EDGE_CURVE('',#4318,#4319,#1985,.T.);
#5198=EDGE_CURVE('',#4320,#4319,#1986,.T.);
#5199=EDGE_CURVE('',#4317,#4320,#1987,.T.);
#5200=EDGE_CURVE('',#4321,#4317,#1988,.T.);
#5201=EDGE_CURVE('',#4322,#4320,#1989,.T.);
#5202=EDGE_CURVE('',#4321,#4322,#1990,.T.);
#5203=EDGE_CURVE('',#4318,#4321,#1991,.T.);
#5204=EDGE_CURVE('',#4319,#4322,#1992,.T.);
#5205=EDGE_CURVE('',#4323,#4324,#1993,.T.);
#5206=EDGE_CURVE('',#4324,#4325,#1994,.T.);
#5207=EDGE_CURVE('',#4326,#4325,#1995,.T.);
#5208=EDGE_CURVE('',#4323,#4326,#1996,.T.);
#5209=EDGE_CURVE('',#4327,#4323,#1997,.T.);
#5210=EDGE_CURVE('',#4328,#4326,#1998,.T.);
#5211=EDGE_CURVE('',#4327,#4328,#1999,.T.);
#5212=EDGE_CURVE('',#4324,#4327,#2000,.T.);
#5213=EDGE_CURVE('',#4325,#4328,#2001,.T.);
#5214=EDGE_CURVE('',#4329,#4330,#2002,.T.);
#5215=EDGE_CURVE('',#4330,#4331,#2003,.T.);
#5216=EDGE_CURVE('',#4332,#4331,#2004,.T.);
#5217=EDGE_CURVE('',#4329,#4332,#2005,.T.);
#5218=EDGE_CURVE('',#4333,#4329,#2006,.T.);
#5219=EDGE_CURVE('',#4334,#4332,#2007,.T.);
#5220=EDGE_CURVE('',#4333,#4334,#2008,.T.);
#5221=EDGE_CURVE('',#4330,#4333,#2009,.T.);
#5222=EDGE_CURVE('',#4331,#4334,#2010,.T.);
#5223=EDGE_CURVE('',#4335,#4336,#2011,.T.);
#5224=EDGE_CURVE('',#4336,#4337,#2012,.T.);
#5225=EDGE_CURVE('',#4338,#4337,#2013,.T.);
#5226=EDGE_CURVE('',#4335,#4338,#2014,.T.);
#5227=EDGE_CURVE('',#4339,#4335,#2015,.T.);
#5228=EDGE_CURVE('',#4340,#4338,#2016,.T.);
#5229=EDGE_CURVE('',#4339,#4340,#2017,.T.);
#5230=EDGE_CURVE('',#4336,#4339,#2018,.T.);
#5231=EDGE_CURVE('',#4337,#4340,#2019,.T.);
#5232=EDGE_CURVE('',#4341,#4342,#2020,.T.);
#5233=EDGE_CURVE('',#4342,#4343,#2021,.T.);
#5234=EDGE_CURVE('',#4344,#4343,#2022,.T.);
#5235=EDGE_CURVE('',#4341,#4344,#2023,.T.);
#5236=EDGE_CURVE('',#4345,#4341,#2024,.T.);
#5237=EDGE_CURVE('',#4346,#4344,#2025,.T.);
#5238=EDGE_CURVE('',#4345,#4346,#2026,.T.);
#5239=EDGE_CURVE('',#4342,#4345,#2027,.T.);
#5240=EDGE_CURVE('',#4343,#4346,#2028,.T.);
#5241=EDGE_CURVE('',#4347,#4348,#2029,.T.);
#5242=EDGE_CURVE('',#4348,#4349,#2030,.T.);
#5243=EDGE_CURVE('',#4350,#4349,#2031,.T.);
#5244=EDGE_CURVE('',#4347,#4350,#2032,.T.);
#5245=EDGE_CURVE('',#4351,#4347,#2033,.T.);
#5246=EDGE_CURVE('',#4352,#4350,#2034,.T.);
#5247=EDGE_CURVE('',#4351,#4352,#2035,.T.);
#5248=EDGE_CURVE('',#4348,#4351,#2036,.T.);
#5249=EDGE_CURVE('',#4349,#4352,#2037,.T.);
#5250=EDGE_CURVE('',#4353,#4354,#2038,.T.);
#5251=EDGE_CURVE('',#4354,#4355,#2039,.T.);
#5252=EDGE_CURVE('',#4356,#4355,#2040,.T.);
#5253=EDGE_CURVE('',#4353,#4356,#2041,.T.);
#5254=EDGE_CURVE('',#4357,#4353,#2042,.T.);
#5255=EDGE_CURVE('',#4358,#4356,#2043,.T.);
#5256=EDGE_CURVE('',#4357,#4358,#2044,.T.);
#5257=EDGE_CURVE('',#4354,#4357,#2045,.T.);
#5258=EDGE_CURVE('',#4355,#4358,#2046,.T.);
#5259=EDGE_CURVE('',#4359,#4360,#2047,.T.);
#5260=EDGE_CURVE('',#4360,#4361,#2048,.T.);
#5261=EDGE_CURVE('',#4362,#4361,#2049,.T.);
#5262=EDGE_CURVE('',#4359,#4362,#2050,.T.);
#5263=EDGE_CURVE('',#4363,#4359,#2051,.T.);
#5264=EDGE_CURVE('',#4364,#4362,#2052,.T.);
#5265=EDGE_CURVE('',#4363,#4364,#2053,.T.);
#5266=EDGE_CURVE('',#4360,#4363,#2054,.T.);
#5267=EDGE_CURVE('',#4361,#4364,#2055,.T.);
#5268=EDGE_CURVE('',#4365,#4366,#2056,.T.);
#5269=EDGE_CURVE('',#4366,#4367,#2057,.T.);
#5270=EDGE_CURVE('',#4368,#4367,#2058,.T.);
#5271=EDGE_CURVE('',#4365,#4368,#2059,.T.);
#5272=EDGE_CURVE('',#4369,#4365,#2060,.T.);
#5273=EDGE_CURVE('',#4370,#4368,#2061,.T.);
#5274=EDGE_CURVE('',#4369,#4370,#2062,.T.);
#5275=EDGE_CURVE('',#4366,#4369,#2063,.T.);
#5276=EDGE_CURVE('',#4367,#4370,#2064,.T.);
#5277=EDGE_CURVE('',#4371,#4372,#2065,.T.);
#5278=EDGE_CURVE('',#4372,#4373,#2066,.T.);
#5279=EDGE_CURVE('',#4374,#4373,#2067,.T.);
#5280=EDGE_CURVE('',#4371,#4374,#2068,.T.);
#5281=EDGE_CURVE('',#4375,#4371,#2069,.T.);
#5282=EDGE_CURVE('',#4376,#4374,#2070,.T.);
#5283=EDGE_CURVE('',#4375,#4376,#2071,.T.);
#5284=EDGE_CURVE('',#4372,#4375,#2072,.T.);
#5285=EDGE_CURVE('',#4373,#4376,#2073,.T.);
#5286=EDGE_CURVE('',#4377,#4378,#2074,.T.);
#5287=EDGE_CURVE('',#4378,#4379,#2075,.T.);
#5288=EDGE_CURVE('',#4380,#4379,#2076,.T.);
#5289=EDGE_CURVE('',#4377,#4380,#2077,.T.);
#5290=EDGE_CURVE('',#4381,#4377,#2078,.T.);
#5291=EDGE_CURVE('',#4382,#4380,#2079,.T.);
#5292=EDGE_CURVE('',#4381,#4382,#2080,.T.);
#5293=EDGE_CURVE('',#4378,#4381,#2081,.T.);
#5294=EDGE_CURVE('',#4379,#4382,#2082,.T.);
#5295=EDGE_CURVE('',#4383,#4384,#2083,.T.);
#5296=EDGE_CURVE('',#4384,#4385,#2084,.T.);
#5297=EDGE_CURVE('',#4386,#4385,#2085,.T.);
#5298=EDGE_CURVE('',#4383,#4386,#2086,.T.);
#5299=EDGE_CURVE('',#4387,#4383,#2087,.T.);
#5300=EDGE_CURVE('',#4388,#4386,#2088,.T.);
#5301=EDGE_CURVE('',#4387,#4388,#2089,.T.);
#5302=EDGE_CURVE('',#4384,#4387,#2090,.T.);
#5303=EDGE_CURVE('',#4385,#4388,#2091,.T.);
#5304=EDGE_CURVE('',#4389,#4390,#2092,.T.);
#5305=EDGE_CURVE('',#4390,#4391,#2093,.T.);
#5306=EDGE_CURVE('',#4392,#4391,#2094,.T.);
#5307=EDGE_CURVE('',#4389,#4392,#2095,.T.);
#5308=EDGE_CURVE('',#4393,#4389,#2096,.T.);
#5309=EDGE_CURVE('',#4394,#4392,#2097,.T.);
#5310=EDGE_CURVE('',#4393,#4394,#2098,.T.);
#5311=EDGE_CURVE('',#4390,#4393,#2099,.T.);
#5312=EDGE_CURVE('',#4391,#4394,#2100,.T.);
#5313=EDGE_CURVE('',#4395,#4396,#2101,.T.);
#5314=EDGE_CURVE('',#4396,#4397,#2102,.T.);
#5315=EDGE_CURVE('',#4398,#4397,#2103,.T.);
#5316=EDGE_CURVE('',#4395,#4398,#2104,.T.);
#5317=EDGE_CURVE('',#4399,#4395,#2105,.T.);
#5318=EDGE_CURVE('',#4400,#4398,#2106,.T.);
#5319=EDGE_CURVE('',#4399,#4400,#2107,.T.);
#5320=EDGE_CURVE('',#4396,#4399,#2108,.T.);
#5321=EDGE_CURVE('',#4397,#4400,#2109,.T.);
#5322=EDGE_CURVE('',#4401,#4402,#2110,.T.);
#5323=EDGE_CURVE('',#4402,#4403,#2111,.T.);
#5324=EDGE_CURVE('',#4404,#4403,#2112,.T.);
#5325=EDGE_CURVE('',#4401,#4404,#2113,.T.);
#5326=EDGE_CURVE('',#4405,#4401,#2114,.T.);
#5327=EDGE_CURVE('',#4406,#4404,#2115,.T.);
#5328=EDGE_CURVE('',#4405,#4406,#2116,.T.);
#5329=EDGE_CURVE('',#4402,#4405,#2117,.T.);
#5330=EDGE_CURVE('',#4403,#4406,#2118,.T.);
#5331=EDGE_CURVE('',#4407,#4408,#2119,.T.);
#5332=EDGE_CURVE('',#4408,#4409,#2120,.T.);
#5333=EDGE_CURVE('',#4410,#4409,#2121,.T.);
#5334=EDGE_CURVE('',#4407,#4410,#2122,.T.);
#5335=EDGE_CURVE('',#4411,#4407,#2123,.T.);
#5336=EDGE_CURVE('',#4412,#4410,#2124,.T.);
#5337=EDGE_CURVE('',#4411,#4412,#2125,.T.);
#5338=EDGE_CURVE('',#4408,#4411,#2126,.T.);
#5339=EDGE_CURVE('',#4409,#4412,#2127,.T.);
#5340=EDGE_CURVE('',#4413,#4414,#2128,.T.);
#5341=EDGE_CURVE('',#4414,#4415,#2129,.T.);
#5342=EDGE_CURVE('',#4416,#4415,#2130,.T.);
#5343=EDGE_CURVE('',#4413,#4416,#2131,.T.);
#5344=EDGE_CURVE('',#4417,#4413,#2132,.T.);
#5345=EDGE_CURVE('',#4418,#4416,#2133,.T.);
#5346=EDGE_CURVE('',#4417,#4418,#2134,.T.);
#5347=EDGE_CURVE('',#4414,#4417,#2135,.T.);
#5348=EDGE_CURVE('',#4415,#4418,#2136,.T.);
#5349=EDGE_CURVE('',#4419,#4420,#2137,.T.);
#5350=EDGE_CURVE('',#4420,#4421,#2138,.T.);
#5351=EDGE_CURVE('',#4422,#4421,#2139,.T.);
#5352=EDGE_CURVE('',#4419,#4422,#2140,.T.);
#5353=EDGE_CURVE('',#4423,#4419,#2141,.T.);
#5354=EDGE_CURVE('',#4424,#4422,#2142,.T.);
#5355=EDGE_CURVE('',#4423,#4424,#2143,.T.);
#5356=EDGE_CURVE('',#4420,#4423,#2144,.T.);
#5357=EDGE_CURVE('',#4421,#4424,#2145,.T.);
#5358=EDGE_CURVE('',#4425,#4426,#2146,.T.);
#5359=EDGE_CURVE('',#4426,#4427,#2147,.T.);
#5360=EDGE_CURVE('',#4428,#4427,#2148,.T.);
#5361=EDGE_CURVE('',#4425,#4428,#2149,.T.);
#5362=EDGE_CURVE('',#4429,#4425,#2150,.T.);
#5363=EDGE_CURVE('',#4430,#4428,#2151,.T.);
#5364=EDGE_CURVE('',#4429,#4430,#2152,.T.);
#5365=EDGE_CURVE('',#4426,#4429,#2153,.T.);
#5366=EDGE_CURVE('',#4427,#4430,#2154,.T.);
#5367=EDGE_CURVE('',#4431,#4432,#2155,.T.);
#5368=EDGE_CURVE('',#4432,#4433,#2156,.T.);
#5369=EDGE_CURVE('',#4434,#4433,#2157,.T.);
#5370=EDGE_CURVE('',#4431,#4434,#2158,.T.);
#5371=EDGE_CURVE('',#4435,#4431,#2159,.T.);
#5372=EDGE_CURVE('',#4436,#4434,#2160,.T.);
#5373=EDGE_CURVE('',#4435,#4436,#2161,.T.);
#5374=EDGE_CURVE('',#4432,#4435,#2162,.T.);
#5375=EDGE_CURVE('',#4433,#4436,#2163,.T.);
#5376=EDGE_CURVE('',#4437,#4438,#2164,.T.);
#5377=EDGE_CURVE('',#4438,#4439,#2165,.T.);
#5378=EDGE_CURVE('',#4440,#4439,#2166,.T.);
#5379=EDGE_CURVE('',#4437,#4440,#2167,.T.);
#5380=EDGE_CURVE('',#4441,#4437,#2168,.T.);
#5381=EDGE_CURVE('',#4442,#4440,#2169,.T.);
#5382=EDGE_CURVE('',#4441,#4442,#2170,.T.);
#5383=EDGE_CURVE('',#4438,#4441,#2171,.T.);
#5384=EDGE_CURVE('',#4439,#4442,#2172,.T.);
#5385=EDGE_CURVE('',#4443,#4444,#2173,.T.);
#5386=EDGE_CURVE('',#4444,#4445,#2174,.T.);
#5387=EDGE_CURVE('',#4446,#4445,#2175,.T.);
#5388=EDGE_CURVE('',#4443,#4446,#2176,.T.);
#5389=EDGE_CURVE('',#4447,#4443,#2177,.T.);
#5390=EDGE_CURVE('',#4448,#4446,#2178,.T.);
#5391=EDGE_CURVE('',#4447,#4448,#2179,.T.);
#5392=EDGE_CURVE('',#4444,#4447,#2180,.T.);
#5393=EDGE_CURVE('',#4445,#4448,#2181,.T.);
#5394=EDGE_CURVE('',#4449,#4450,#2182,.T.);
#5395=EDGE_CURVE('',#4450,#4451,#2183,.T.);
#5396=EDGE_CURVE('',#4452,#4451,#2184,.T.);
#5397=EDGE_CURVE('',#4449,#4452,#2185,.T.);
#5398=EDGE_CURVE('',#4453,#4449,#2186,.T.);
#5399=EDGE_CURVE('',#4454,#4452,#2187,.T.);
#5400=EDGE_CURVE('',#4453,#4454,#2188,.T.);
#5401=EDGE_CURVE('',#4450,#4453,#2189,.T.);
#5402=EDGE_CURVE('',#4451,#4454,#2190,.T.);
#5403=EDGE_CURVE('',#4455,#4456,#2191,.T.);
#5404=EDGE_CURVE('',#4456,#4457,#2192,.T.);
#5405=EDGE_CURVE('',#4458,#4457,#2193,.T.);
#5406=EDGE_CURVE('',#4455,#4458,#2194,.T.);
#5407=EDGE_CURVE('',#4459,#4455,#2195,.T.);
#5408=EDGE_CURVE('',#4460,#4458,#2196,.T.);
#5409=EDGE_CURVE('',#4459,#4460,#2197,.T.);
#5410=EDGE_CURVE('',#4456,#4459,#2198,.T.);
#5411=EDGE_CURVE('',#4457,#4460,#2199,.T.);
#5412=EDGE_CURVE('',#4461,#4462,#2200,.T.);
#5413=EDGE_CURVE('',#4462,#4463,#2201,.T.);
#5414=EDGE_CURVE('',#4464,#4463,#2202,.T.);
#5415=EDGE_CURVE('',#4461,#4464,#2203,.T.);
#5416=EDGE_CURVE('',#4465,#4461,#2204,.T.);
#5417=EDGE_CURVE('',#4466,#4464,#2205,.T.);
#5418=EDGE_CURVE('',#4465,#4466,#2206,.T.);
#5419=EDGE_CURVE('',#4462,#4465,#2207,.T.);
#5420=EDGE_CURVE('',#4463,#4466,#2208,.T.);
#5421=EDGE_CURVE('',#4467,#4468,#2209,.T.);
#5422=EDGE_CURVE('',#4468,#4469,#2210,.T.);
#5423=EDGE_CURVE('',#4470,#4469,#2211,.T.);
#5424=EDGE_CURVE('',#4467,#4470,#2212,.T.);
#5425=EDGE_CURVE('',#4471,#4467,#2213,.T.);
#5426=EDGE_CURVE('',#4472,#4470,#2214,.T.);
#5427=EDGE_CURVE('',#4471,#4472,#2215,.T.);
#5428=EDGE_CURVE('',#4468,#4471,#2216,.T.);
#5429=EDGE_CURVE('',#4469,#4472,#2217,.T.);
#5430=EDGE_CURVE('',#4473,#4474,#2218,.T.);
#5431=EDGE_CURVE('',#4474,#4475,#2219,.T.);
#5432=EDGE_CURVE('',#4476,#4475,#2220,.T.);
#5433=EDGE_CURVE('',#4473,#4476,#2221,.T.);
#5434=EDGE_CURVE('',#4477,#4473,#2222,.T.);
#5435=EDGE_CURVE('',#4478,#4476,#2223,.T.);
#5436=EDGE_CURVE('',#4477,#4478,#2224,.T.);
#5437=EDGE_CURVE('',#4474,#4477,#2225,.T.);
#5438=EDGE_CURVE('',#4475,#4478,#2226,.T.);
#5439=EDGE_CURVE('',#4479,#4480,#2227,.T.);
#5440=EDGE_CURVE('',#4480,#4481,#2228,.T.);
#5441=EDGE_CURVE('',#4482,#4481,#2229,.T.);
#5442=EDGE_CURVE('',#4479,#4482,#2230,.T.);
#5443=EDGE_CURVE('',#4483,#4479,#2231,.T.);
#5444=EDGE_CURVE('',#4484,#4482,#2232,.T.);
#5445=EDGE_CURVE('',#4483,#4484,#2233,.T.);
#5446=EDGE_CURVE('',#4480,#4483,#2234,.T.);
#5447=EDGE_CURVE('',#4481,#4484,#2235,.T.);
#5448=EDGE_CURVE('',#4485,#4486,#2236,.T.);
#5449=EDGE_CURVE('',#4486,#4487,#2237,.T.);
#5450=EDGE_CURVE('',#4488,#4487,#2238,.T.);
#5451=EDGE_CURVE('',#4485,#4488,#2239,.T.);
#5452=EDGE_CURVE('',#4489,#4485,#2240,.T.);
#5453=EDGE_CURVE('',#4490,#4488,#2241,.T.);
#5454=EDGE_CURVE('',#4489,#4490,#2242,.T.);
#5455=EDGE_CURVE('',#4486,#4489,#2243,.T.);
#5456=EDGE_CURVE('',#4487,#4490,#2244,.T.);
#5457=EDGE_CURVE('',#4491,#4492,#2245,.T.);
#5458=EDGE_CURVE('',#4492,#4493,#2246,.T.);
#5459=EDGE_CURVE('',#4494,#4493,#2247,.T.);
#5460=EDGE_CURVE('',#4491,#4494,#2248,.T.);
#5461=EDGE_CURVE('',#4495,#4491,#2249,.T.);
#5462=EDGE_CURVE('',#4496,#4494,#2250,.T.);
#5463=EDGE_CURVE('',#4495,#4496,#2251,.T.);
#5464=EDGE_CURVE('',#4492,#4495,#2252,.T.);
#5465=EDGE_CURVE('',#4493,#4496,#2253,.T.);
#5466=EDGE_CURVE('',#4497,#4498,#2254,.T.);
#5467=EDGE_CURVE('',#4498,#4499,#2255,.T.);
#5468=EDGE_CURVE('',#4500,#4499,#2256,.T.);
#5469=EDGE_CURVE('',#4497,#4500,#2257,.T.);
#5470=EDGE_CURVE('',#4501,#4497,#2258,.T.);
#5471=EDGE_CURVE('',#4502,#4500,#2259,.T.);
#5472=EDGE_CURVE('',#4501,#4502,#2260,.T.);
#5473=EDGE_CURVE('',#4498,#4501,#2261,.T.);
#5474=EDGE_CURVE('',#4499,#4502,#2262,.T.);
#5475=EDGE_CURVE('',#4503,#4504,#2263,.T.);
#5476=EDGE_CURVE('',#4504,#4505,#2264,.T.);
#5477=EDGE_CURVE('',#4506,#4505,#2265,.T.);
#5478=EDGE_CURVE('',#4503,#4506,#2266,.T.);
#5479=EDGE_CURVE('',#4507,#4503,#2267,.T.);
#5480=EDGE_CURVE('',#4508,#4506,#2268,.T.);
#5481=EDGE_CURVE('',#4507,#4508,#2269,.T.);
#5482=EDGE_CURVE('',#4504,#4507,#2270,.T.);
#5483=EDGE_CURVE('',#4505,#4508,#2271,.T.);
#5484=EDGE_CURVE('',#4509,#4510,#2272,.T.);
#5485=EDGE_CURVE('',#4510,#4511,#2273,.T.);
#5486=EDGE_CURVE('',#4512,#4511,#2274,.T.);
#5487=EDGE_CURVE('',#4509,#4512,#2275,.T.);
#5488=EDGE_CURVE('',#4513,#4509,#2276,.T.);
#5489=EDGE_CURVE('',#4514,#4512,#2277,.T.);
#5490=EDGE_CURVE('',#4513,#4514,#2278,.T.);
#5491=EDGE_CURVE('',#4510,#4513,#2279,.T.);
#5492=EDGE_CURVE('',#4511,#4514,#2280,.T.);
#5493=EDGE_CURVE('',#4515,#4516,#2281,.T.);
#5494=EDGE_CURVE('',#4516,#4517,#2282,.T.);
#5495=EDGE_CURVE('',#4518,#4517,#2283,.T.);
#5496=EDGE_CURVE('',#4515,#4518,#2284,.T.);
#5497=EDGE_CURVE('',#4519,#4515,#2285,.T.);
#5498=EDGE_CURVE('',#4520,#4518,#2286,.T.);
#5499=EDGE_CURVE('',#4519,#4520,#2287,.T.);
#5500=EDGE_CURVE('',#4516,#4519,#2288,.T.);
#5501=EDGE_CURVE('',#4517,#4520,#2289,.T.);
#5502=EDGE_CURVE('',#4521,#4522,#2290,.T.);
#5503=EDGE_CURVE('',#4522,#4523,#2291,.T.);
#5504=EDGE_CURVE('',#4524,#4523,#2292,.T.);
#5505=EDGE_CURVE('',#4521,#4524,#2293,.T.);
#5506=EDGE_CURVE('',#4525,#4521,#2294,.T.);
#5507=EDGE_CURVE('',#4526,#4524,#2295,.T.);
#5508=EDGE_CURVE('',#4525,#4526,#2296,.T.);
#5509=EDGE_CURVE('',#4522,#4525,#2297,.T.);
#5510=EDGE_CURVE('',#4523,#4526,#2298,.T.);
#5511=EDGE_CURVE('',#4527,#4528,#2299,.T.);
#5512=EDGE_CURVE('',#4528,#4529,#2300,.T.);
#5513=EDGE_CURVE('',#4530,#4529,#2301,.T.);
#5514=EDGE_CURVE('',#4527,#4530,#2302,.T.);
#5515=EDGE_CURVE('',#4531,#4527,#2303,.T.);
#5516=EDGE_CURVE('',#4532,#4530,#2304,.T.);
#5517=EDGE_CURVE('',#4531,#4532,#2305,.T.);
#5518=EDGE_CURVE('',#4528,#4531,#2306,.T.);
#5519=EDGE_CURVE('',#4529,#4532,#2307,.T.);
#5520=EDGE_CURVE('',#4533,#4534,#2308,.T.);
#5521=EDGE_CURVE('',#4534,#4535,#2309,.T.);
#5522=EDGE_CURVE('',#4536,#4535,#2310,.T.);
#5523=EDGE_CURVE('',#4533,#4536,#2311,.T.);
#5524=EDGE_CURVE('',#4537,#4533,#2312,.T.);
#5525=EDGE_CURVE('',#4538,#4536,#2313,.T.);
#5526=EDGE_CURVE('',#4537,#4538,#2314,.T.);
#5527=EDGE_CURVE('',#4534,#4537,#2315,.T.);
#5528=EDGE_CURVE('',#4535,#4538,#2316,.T.);
#5529=EDGE_CURVE('',#4539,#4540,#2317,.T.);
#5530=EDGE_CURVE('',#4540,#4541,#2318,.T.);
#5531=EDGE_CURVE('',#4542,#4541,#2319,.T.);
#5532=EDGE_CURVE('',#4539,#4542,#2320,.T.);
#5533=EDGE_CURVE('',#4543,#4539,#2321,.T.);
#5534=EDGE_CURVE('',#4544,#4542,#2322,.T.);
#5535=EDGE_CURVE('',#4543,#4544,#2323,.T.);
#5536=EDGE_CURVE('',#4540,#4543,#2324,.T.);
#5537=EDGE_CURVE('',#4541,#4544,#2325,.T.);
#5538=EDGE_CURVE('',#4545,#4546,#2326,.T.);
#5539=EDGE_CURVE('',#4546,#4547,#2327,.T.);
#5540=EDGE_CURVE('',#4548,#4547,#2328,.T.);
#5541=EDGE_CURVE('',#4545,#4548,#2329,.T.);
#5542=EDGE_CURVE('',#4549,#4545,#2330,.T.);
#5543=EDGE_CURVE('',#4550,#4548,#2331,.T.);
#5544=EDGE_CURVE('',#4549,#4550,#2332,.T.);
#5545=EDGE_CURVE('',#4546,#4549,#2333,.T.);
#5546=EDGE_CURVE('',#4547,#4550,#2334,.T.);
#5547=EDGE_CURVE('',#4551,#4552,#2335,.T.);
#5548=EDGE_CURVE('',#4552,#4553,#2336,.T.);
#5549=EDGE_CURVE('',#4554,#4553,#2337,.T.);
#5550=EDGE_CURVE('',#4551,#4554,#2338,.T.);
#5551=EDGE_CURVE('',#4555,#4551,#2339,.T.);
#5552=EDGE_CURVE('',#4556,#4554,#2340,.T.);
#5553=EDGE_CURVE('',#4555,#4556,#2341,.T.);
#5554=EDGE_CURVE('',#4552,#4555,#2342,.T.);
#5555=EDGE_CURVE('',#4553,#4556,#2343,.T.);
#5556=EDGE_CURVE('',#4557,#4558,#2344,.T.);
#5557=EDGE_CURVE('',#4558,#4559,#2345,.T.);
#5558=EDGE_CURVE('',#4560,#4559,#2346,.T.);
#5559=EDGE_CURVE('',#4557,#4560,#2347,.T.);
#5560=EDGE_CURVE('',#4561,#4557,#2348,.T.);
#5561=EDGE_CURVE('',#4562,#4560,#2349,.T.);
#5562=EDGE_CURVE('',#4561,#4562,#2350,.T.);
#5563=EDGE_CURVE('',#4558,#4561,#2351,.T.);
#5564=EDGE_CURVE('',#4559,#4562,#2352,.T.);
#5565=EDGE_CURVE('',#4563,#4564,#2353,.T.);
#5566=EDGE_CURVE('',#4564,#4565,#2354,.T.);
#5567=EDGE_CURVE('',#4566,#4565,#2355,.T.);
#5568=EDGE_CURVE('',#4563,#4566,#2356,.T.);
#5569=EDGE_CURVE('',#4567,#4563,#2357,.T.);
#5570=EDGE_CURVE('',#4568,#4566,#2358,.T.);
#5571=EDGE_CURVE('',#4567,#4568,#2359,.T.);
#5572=EDGE_CURVE('',#4564,#4567,#2360,.T.);
#5573=EDGE_CURVE('',#4565,#4568,#2361,.T.);
#5574=EDGE_CURVE('',#4569,#4570,#2362,.T.);
#5575=EDGE_CURVE('',#4570,#4571,#2363,.T.);
#5576=EDGE_CURVE('',#4572,#4571,#2364,.T.);
#5577=EDGE_CURVE('',#4569,#4572,#2365,.T.);
#5578=EDGE_CURVE('',#4573,#4569,#2366,.T.);
#5579=EDGE_CURVE('',#4574,#4572,#2367,.T.);
#5580=EDGE_CURVE('',#4573,#4574,#2368,.T.);
#5581=EDGE_CURVE('',#4570,#4573,#2369,.T.);
#5582=EDGE_CURVE('',#4571,#4574,#2370,.T.);
#5583=EDGE_CURVE('',#4575,#4576,#2371,.T.);
#5584=EDGE_CURVE('',#4576,#4577,#2372,.T.);
#5585=EDGE_CURVE('',#4578,#4577,#2373,.T.);
#5586=EDGE_CURVE('',#4575,#4578,#2374,.T.);
#5587=EDGE_CURVE('',#4579,#4575,#2375,.T.);
#5588=EDGE_CURVE('',#4580,#4578,#2376,.T.);
#5589=EDGE_CURVE('',#4579,#4580,#2377,.T.);
#5590=EDGE_CURVE('',#4576,#4579,#2378,.T.);
#5591=EDGE_CURVE('',#4577,#4580,#2379,.T.);
#5592=EDGE_CURVE('',#4581,#4582,#2380,.T.);
#5593=EDGE_CURVE('',#4582,#4583,#2381,.T.);
#5594=EDGE_CURVE('',#4584,#4583,#2382,.T.);
#5595=EDGE_CURVE('',#4581,#4584,#2383,.T.);
#5596=EDGE_CURVE('',#4585,#4581,#2384,.T.);
#5597=EDGE_CURVE('',#4586,#4584,#2385,.T.);
#5598=EDGE_CURVE('',#4585,#4586,#2386,.T.);
#5599=EDGE_CURVE('',#4582,#4585,#2387,.T.);
#5600=EDGE_CURVE('',#4583,#4586,#2388,.T.);
#5601=EDGE_CURVE('',#4587,#4588,#2389,.T.);
#5602=EDGE_CURVE('',#4588,#4589,#2390,.T.);
#5603=EDGE_CURVE('',#4590,#4589,#2391,.T.);
#5604=EDGE_CURVE('',#4587,#4590,#2392,.T.);
#5605=EDGE_CURVE('',#4591,#4587,#2393,.T.);
#5606=EDGE_CURVE('',#4592,#4590,#2394,.T.);
#5607=EDGE_CURVE('',#4591,#4592,#2395,.T.);
#5608=EDGE_CURVE('',#4588,#4591,#2396,.T.);
#5609=EDGE_CURVE('',#4589,#4592,#2397,.T.);
#5610=EDGE_CURVE('',#4593,#4594,#2398,.T.);
#5611=EDGE_CURVE('',#4594,#4595,#2399,.T.);
#5612=EDGE_CURVE('',#4596,#4595,#2400,.T.);
#5613=EDGE_CURVE('',#4593,#4596,#2401,.T.);
#5614=EDGE_CURVE('',#4597,#4593,#2402,.T.);
#5615=EDGE_CURVE('',#4598,#4596,#2403,.T.);
#5616=EDGE_CURVE('',#4597,#4598,#2404,.T.);
#5617=EDGE_CURVE('',#4594,#4597,#2405,.T.);
#5618=EDGE_CURVE('',#4595,#4598,#2406,.T.);
#5619=EDGE_CURVE('',#4599,#4599,#4163,.T.);
#5620=EDGE_CURVE('',#4599,#4600,#2407,.T.);
#5621=EDGE_CURVE('',#4600,#4600,#4164,.T.);
#5622=EDGE_CURVE('',#4601,#4602,#2408,.T.);
#5623=EDGE_CURVE('',#4602,#4603,#2409,.T.);
#5624=EDGE_CURVE('',#4604,#4603,#2410,.T.);
#5625=EDGE_CURVE('',#4601,#4604,#2411,.T.);
#5626=EDGE_CURVE('',#4605,#4601,#2412,.T.);
#5627=EDGE_CURVE('',#4606,#4604,#2413,.T.);
#5628=EDGE_CURVE('',#4605,#4606,#2414,.T.);
#5629=EDGE_CURVE('',#4602,#4605,#2415,.T.);
#5630=EDGE_CURVE('',#4603,#4606,#2416,.T.);
#5631=EDGE_CURVE('',#4607,#4608,#2417,.T.);
#5632=EDGE_CURVE('',#4608,#4609,#2418,.T.);
#5633=EDGE_CURVE('',#4610,#4609,#2419,.T.);
#5634=EDGE_CURVE('',#4607,#4610,#2420,.T.);
#5635=EDGE_CURVE('',#4611,#4607,#2421,.T.);
#5636=EDGE_CURVE('',#4612,#4610,#2422,.T.);
#5637=EDGE_CURVE('',#4611,#4612,#2423,.T.);
#5638=EDGE_CURVE('',#4608,#4611,#2424,.T.);
#5639=EDGE_CURVE('',#4609,#4612,#2425,.T.);
#5640=EDGE_CURVE('',#4613,#4614,#2426,.T.);
#5641=EDGE_CURVE('',#4614,#4615,#2427,.T.);
#5642=EDGE_CURVE('',#4616,#4615,#2428,.T.);
#5643=EDGE_CURVE('',#4613,#4616,#2429,.T.);
#5644=EDGE_CURVE('',#4617,#4613,#2430,.T.);
#5645=EDGE_CURVE('',#4618,#4616,#2431,.T.);
#5646=EDGE_CURVE('',#4617,#4618,#2432,.T.);
#5647=EDGE_CURVE('',#4614,#4617,#2433,.T.);
#5648=EDGE_CURVE('',#4615,#4618,#2434,.T.);
#5649=EDGE_CURVE('',#4619,#4620,#2435,.T.);
#5650=EDGE_CURVE('',#4620,#4621,#2436,.T.);
#5651=EDGE_CURVE('',#4622,#4621,#2437,.T.);
#5652=EDGE_CURVE('',#4619,#4622,#2438,.T.);
#5653=EDGE_CURVE('',#4623,#4619,#2439,.T.);
#5654=EDGE_CURVE('',#4624,#4622,#2440,.T.);
#5655=EDGE_CURVE('',#4623,#4624,#2441,.T.);
#5656=EDGE_CURVE('',#4620,#4623,#2442,.T.);
#5657=EDGE_CURVE('',#4621,#4624,#2443,.T.);
#5658=EDGE_CURVE('',#4625,#4626,#2444,.T.);
#5659=EDGE_CURVE('',#4626,#4627,#2445,.T.);
#5660=EDGE_CURVE('',#4628,#4627,#2446,.T.);
#5661=EDGE_CURVE('',#4625,#4628,#2447,.T.);
#5662=EDGE_CURVE('',#4629,#4625,#2448,.T.);
#5663=EDGE_CURVE('',#4630,#4628,#2449,.T.);
#5664=EDGE_CURVE('',#4629,#4630,#2450,.T.);
#5665=EDGE_CURVE('',#4626,#4629,#2451,.T.);
#5666=EDGE_CURVE('',#4627,#4630,#2452,.T.);
#5667=EDGE_CURVE('',#4631,#4632,#2453,.T.);
#5668=EDGE_CURVE('',#4632,#4633,#2454,.T.);
#5669=EDGE_CURVE('',#4634,#4633,#2455,.T.);
#5670=EDGE_CURVE('',#4631,#4634,#2456,.T.);
#5671=EDGE_CURVE('',#4635,#4631,#2457,.T.);
#5672=EDGE_CURVE('',#4636,#4634,#2458,.T.);
#5673=EDGE_CURVE('',#4635,#4636,#2459,.T.);
#5674=EDGE_CURVE('',#4632,#4635,#2460,.T.);
#5675=EDGE_CURVE('',#4633,#4636,#2461,.T.);
#5676=EDGE_CURVE('',#4637,#4638,#2462,.T.);
#5677=EDGE_CURVE('',#4638,#4639,#2463,.T.);
#5678=EDGE_CURVE('',#4640,#4639,#2464,.T.);
#5679=EDGE_CURVE('',#4637,#4640,#2465,.T.);
#5680=EDGE_CURVE('',#4641,#4637,#2466,.T.);
#5681=EDGE_CURVE('',#4642,#4640,#2467,.T.);
#5682=EDGE_CURVE('',#4641,#4642,#2468,.T.);
#5683=EDGE_CURVE('',#4638,#4641,#2469,.T.);
#5684=EDGE_CURVE('',#4639,#4642,#2470,.T.);
#5685=EDGE_CURVE('',#4643,#4644,#2471,.T.);
#5686=EDGE_CURVE('',#4644,#4645,#2472,.T.);
#5687=EDGE_CURVE('',#4646,#4645,#2473,.T.);
#5688=EDGE_CURVE('',#4643,#4646,#2474,.T.);
#5689=EDGE_CURVE('',#4647,#4643,#2475,.T.);
#5690=EDGE_CURVE('',#4648,#4646,#2476,.T.);
#5691=EDGE_CURVE('',#4647,#4648,#2477,.T.);
#5692=EDGE_CURVE('',#4644,#4647,#2478,.T.);
#5693=EDGE_CURVE('',#4645,#4648,#2479,.T.);
#5694=EDGE_CURVE('',#4649,#4650,#2480,.T.);
#5695=EDGE_CURVE('',#4650,#4651,#2481,.T.);
#5696=EDGE_CURVE('',#4652,#4651,#2482,.T.);
#5697=EDGE_CURVE('',#4649,#4652,#2483,.T.);
#5698=EDGE_CURVE('',#4653,#4649,#2484,.T.);
#5699=EDGE_CURVE('',#4654,#4652,#2485,.T.);
#5700=EDGE_CURVE('',#4653,#4654,#2486,.T.);
#5701=EDGE_CURVE('',#4650,#4653,#2487,.T.);
#5702=EDGE_CURVE('',#4651,#4654,#2488,.T.);
#5703=EDGE_CURVE('',#4655,#4656,#2489,.T.);
#5704=EDGE_CURVE('',#4656,#4657,#2490,.T.);
#5705=EDGE_CURVE('',#4658,#4657,#2491,.T.);
#5706=EDGE_CURVE('',#4655,#4658,#2492,.T.);
#5707=EDGE_CURVE('',#4659,#4655,#2493,.T.);
#5708=EDGE_CURVE('',#4660,#4658,#2494,.T.);
#5709=EDGE_CURVE('',#4659,#4660,#2495,.T.);
#5710=EDGE_CURVE('',#4656,#4659,#2496,.T.);
#5711=EDGE_CURVE('',#4657,#4660,#2497,.T.);
#5712=EDGE_CURVE('',#4661,#4662,#2498,.T.);
#5713=EDGE_CURVE('',#4662,#4663,#2499,.T.);
#5714=EDGE_CURVE('',#4664,#4663,#2500,.T.);
#5715=EDGE_CURVE('',#4661,#4664,#2501,.T.);
#5716=EDGE_CURVE('',#4665,#4661,#2502,.T.);
#5717=EDGE_CURVE('',#4666,#4664,#2503,.T.);
#5718=EDGE_CURVE('',#4665,#4666,#2504,.T.);
#5719=EDGE_CURVE('',#4662,#4665,#2505,.T.);
#5720=EDGE_CURVE('',#4663,#4666,#2506,.T.);
#5721=EDGE_CURVE('',#4667,#4668,#2507,.T.);
#5722=EDGE_CURVE('',#4668,#4669,#2508,.T.);
#5723=EDGE_CURVE('',#4670,#4669,#2509,.T.);
#5724=EDGE_CURVE('',#4667,#4670,#2510,.T.);
#5725=EDGE_CURVE('',#4671,#4667,#2511,.T.);
#5726=EDGE_CURVE('',#4672,#4670,#2512,.T.);
#5727=EDGE_CURVE('',#4671,#4672,#2513,.T.);
#5728=EDGE_CURVE('',#4668,#4671,#2514,.T.);
#5729=EDGE_CURVE('',#4669,#4672,#2515,.T.);
#5730=EDGE_CURVE('',#4673,#4674,#2516,.T.);
#5731=EDGE_CURVE('',#4674,#4675,#2517,.T.);
#5732=EDGE_CURVE('',#4676,#4675,#2518,.T.);
#5733=EDGE_CURVE('',#4673,#4676,#2519,.T.);
#5734=EDGE_CURVE('',#4677,#4673,#2520,.T.);
#5735=EDGE_CURVE('',#4678,#4676,#2521,.T.);
#5736=EDGE_CURVE('',#4677,#4678,#2522,.T.);
#5737=EDGE_CURVE('',#4674,#4677,#2523,.T.);
#5738=EDGE_CURVE('',#4675,#4678,#2524,.T.);
#5739=EDGE_CURVE('',#4679,#4680,#2525,.T.);
#5740=EDGE_CURVE('',#4680,#4681,#2526,.T.);
#5741=EDGE_CURVE('',#4682,#4681,#2527,.T.);
#5742=EDGE_CURVE('',#4679,#4682,#2528,.T.);
#5743=EDGE_CURVE('',#4683,#4679,#2529,.T.);
#5744=EDGE_CURVE('',#4684,#4682,#2530,.T.);
#5745=EDGE_CURVE('',#4683,#4684,#2531,.T.);
#5746=EDGE_CURVE('',#4680,#4683,#2532,.T.);
#5747=EDGE_CURVE('',#4681,#4684,#2533,.T.);
#5748=EDGE_CURVE('',#4685,#4686,#2534,.T.);
#5749=EDGE_CURVE('',#4686,#4687,#2535,.T.);
#5750=EDGE_CURVE('',#4688,#4687,#2536,.T.);
#5751=EDGE_CURVE('',#4685,#4688,#2537,.T.);
#5752=EDGE_CURVE('',#4689,#4685,#2538,.T.);
#5753=EDGE_CURVE('',#4690,#4688,#2539,.T.);
#5754=EDGE_CURVE('',#4689,#4690,#2540,.T.);
#5755=EDGE_CURVE('',#4686,#4689,#2541,.T.);
#5756=EDGE_CURVE('',#4687,#4690,#2542,.T.);
#5757=EDGE_CURVE('',#4691,#4692,#2543,.T.);
#5758=EDGE_CURVE('',#4692,#4693,#2544,.T.);
#5759=EDGE_CURVE('',#4694,#4693,#2545,.T.);
#5760=EDGE_CURVE('',#4691,#4694,#2546,.T.);
#5761=EDGE_CURVE('',#4695,#4691,#2547,.T.);
#5762=EDGE_CURVE('',#4696,#4694,#2548,.T.);
#5763=EDGE_CURVE('',#4695,#4696,#2549,.T.);
#5764=EDGE_CURVE('',#4692,#4695,#2550,.T.);
#5765=EDGE_CURVE('',#4693,#4696,#2551,.T.);
#5766=EDGE_CURVE('',#4697,#4698,#2552,.T.);
#5767=EDGE_CURVE('',#4698,#4699,#2553,.T.);
#5768=EDGE_CURVE('',#4700,#4699,#2554,.T.);
#5769=EDGE_CURVE('',#4697,#4700,#2555,.T.);
#5770=EDGE_CURVE('',#4701,#4697,#2556,.T.);
#5771=EDGE_CURVE('',#4702,#4700,#2557,.T.);
#5772=EDGE_CURVE('',#4701,#4702,#2558,.T.);
#5773=EDGE_CURVE('',#4698,#4701,#2559,.T.);
#5774=EDGE_CURVE('',#4699,#4702,#2560,.T.);
#5775=EDGE_CURVE('',#4703,#4704,#2561,.T.);
#5776=EDGE_CURVE('',#4704,#4705,#2562,.T.);
#5777=EDGE_CURVE('',#4706,#4705,#2563,.T.);
#5778=EDGE_CURVE('',#4703,#4706,#2564,.T.);
#5779=EDGE_CURVE('',#4707,#4703,#2565,.T.);
#5780=EDGE_CURVE('',#4708,#4706,#2566,.T.);
#5781=EDGE_CURVE('',#4707,#4708,#2567,.T.);
#5782=EDGE_CURVE('',#4704,#4707,#2568,.T.);
#5783=EDGE_CURVE('',#4705,#4708,#2569,.T.);
#5784=EDGE_CURVE('',#4709,#4710,#2570,.T.);
#5785=EDGE_CURVE('',#4710,#4711,#2571,.T.);
#5786=EDGE_CURVE('',#4712,#4711,#2572,.T.);
#5787=EDGE_CURVE('',#4709,#4712,#2573,.T.);
#5788=EDGE_CURVE('',#4713,#4709,#2574,.T.);
#5789=EDGE_CURVE('',#4714,#4712,#2575,.T.);
#5790=EDGE_CURVE('',#4713,#4714,#2576,.T.);
#5791=EDGE_CURVE('',#4710,#4713,#2577,.T.);
#5792=EDGE_CURVE('',#4711,#4714,#2578,.T.);
#5793=EDGE_CURVE('',#4715,#4716,#2579,.T.);
#5794=EDGE_CURVE('',#4716,#4717,#2580,.T.);
#5795=EDGE_CURVE('',#4718,#4717,#2581,.T.);
#5796=EDGE_CURVE('',#4715,#4718,#2582,.T.);
#5797=EDGE_CURVE('',#4719,#4715,#2583,.T.);
#5798=EDGE_CURVE('',#4720,#4718,#2584,.T.);
#5799=EDGE_CURVE('',#4719,#4720,#2585,.T.);
#5800=EDGE_CURVE('',#4716,#4719,#2586,.T.);
#5801=EDGE_CURVE('',#4717,#4720,#2587,.T.);
#5802=EDGE_CURVE('',#4721,#4722,#2588,.T.);
#5803=EDGE_CURVE('',#4722,#4723,#2589,.T.);
#5804=EDGE_CURVE('',#4724,#4723,#2590,.T.);
#5805=EDGE_CURVE('',#4721,#4724,#2591,.T.);
#5806=EDGE_CURVE('',#4725,#4721,#2592,.T.);
#5807=EDGE_CURVE('',#4726,#4724,#2593,.T.);
#5808=EDGE_CURVE('',#4725,#4726,#2594,.T.);
#5809=EDGE_CURVE('',#4722,#4725,#2595,.T.);
#5810=EDGE_CURVE('',#4723,#4726,#2596,.T.);
#5811=EDGE_CURVE('',#4727,#4728,#2597,.T.);
#5812=EDGE_CURVE('',#4728,#4729,#2598,.T.);
#5813=EDGE_CURVE('',#4730,#4729,#2599,.T.);
#5814=EDGE_CURVE('',#4727,#4730,#2600,.T.);
#5815=EDGE_CURVE('',#4731,#4727,#2601,.T.);
#5816=EDGE_CURVE('',#4732,#4730,#2602,.T.);
#5817=EDGE_CURVE('',#4731,#4732,#2603,.T.);
#5818=EDGE_CURVE('',#4728,#4731,#2604,.T.);
#5819=EDGE_CURVE('',#4729,#4732,#2605,.T.);
#5820=EDGE_CURVE('',#4733,#4734,#2606,.T.);
#5821=EDGE_CURVE('',#4734,#4735,#2607,.T.);
#5822=EDGE_CURVE('',#4736,#4735,#2608,.T.);
#5823=EDGE_CURVE('',#4733,#4736,#2609,.T.);
#5824=EDGE_CURVE('',#4737,#4733,#2610,.T.);
#5825=EDGE_CURVE('',#4738,#4736,#2611,.T.);
#5826=EDGE_CURVE('',#4737,#4738,#2612,.T.);
#5827=EDGE_CURVE('',#4734,#4737,#2613,.T.);
#5828=EDGE_CURVE('',#4735,#4738,#2614,.T.);
#5829=EDGE_CURVE('',#4739,#4740,#2615,.T.);
#5830=EDGE_CURVE('',#4740,#4741,#2616,.T.);
#5831=EDGE_CURVE('',#4742,#4741,#2617,.T.);
#5832=EDGE_CURVE('',#4739,#4742,#2618,.T.);
#5833=EDGE_CURVE('',#4743,#4739,#2619,.T.);
#5834=EDGE_CURVE('',#4744,#4742,#2620,.T.);
#5835=EDGE_CURVE('',#4743,#4744,#2621,.T.);
#5836=EDGE_CURVE('',#4740,#4743,#2622,.T.);
#5837=EDGE_CURVE('',#4741,#4744,#2623,.T.);
#5838=EDGE_CURVE('',#4745,#4746,#2624,.T.);
#5839=EDGE_CURVE('',#4746,#4747,#2625,.T.);
#5840=EDGE_CURVE('',#4748,#4747,#2626,.T.);
#5841=EDGE_CURVE('',#4745,#4748,#2627,.T.);
#5842=EDGE_CURVE('',#4749,#4745,#2628,.T.);
#5843=EDGE_CURVE('',#4750,#4748,#2629,.T.);
#5844=EDGE_CURVE('',#4749,#4750,#2630,.T.);
#5845=EDGE_CURVE('',#4746,#4749,#2631,.T.);
#5846=EDGE_CURVE('',#4747,#4750,#2632,.T.);
#5847=EDGE_CURVE('',#4751,#4752,#2633,.T.);
#5848=EDGE_CURVE('',#4752,#4753,#2634,.T.);
#5849=EDGE_CURVE('',#4754,#4753,#2635,.T.);
#5850=EDGE_CURVE('',#4751,#4754,#2636,.T.);
#5851=EDGE_CURVE('',#4755,#4751,#2637,.T.);
#5852=EDGE_CURVE('',#4756,#4754,#2638,.T.);
#5853=EDGE_CURVE('',#4755,#4756,#2639,.T.);
#5854=EDGE_CURVE('',#4752,#4755,#2640,.T.);
#5855=EDGE_CURVE('',#4753,#4756,#2641,.T.);
#5856=EDGE_CURVE('',#4757,#4758,#2642,.T.);
#5857=EDGE_CURVE('',#4758,#4759,#2643,.T.);
#5858=EDGE_CURVE('',#4760,#4759,#2644,.T.);
#5859=EDGE_CURVE('',#4757,#4760,#2645,.T.);
#5860=EDGE_CURVE('',#4761,#4757,#2646,.T.);
#5861=EDGE_CURVE('',#4762,#4760,#2647,.T.);
#5862=EDGE_CURVE('',#4761,#4762,#2648,.T.);
#5863=EDGE_CURVE('',#4758,#4761,#2649,.T.);
#5864=EDGE_CURVE('',#4759,#4762,#2650,.T.);
#5865=EDGE_CURVE('',#4763,#4764,#2651,.T.);
#5866=EDGE_CURVE('',#4764,#4765,#2652,.T.);
#5867=EDGE_CURVE('',#4766,#4765,#2653,.T.);
#5868=EDGE_CURVE('',#4763,#4766,#2654,.T.);
#5869=EDGE_CURVE('',#4767,#4763,#2655,.T.);
#5870=EDGE_CURVE('',#4768,#4766,#2656,.T.);
#5871=EDGE_CURVE('',#4767,#4768,#2657,.T.);
#5872=EDGE_CURVE('',#4764,#4767,#2658,.T.);
#5873=EDGE_CURVE('',#4765,#4768,#2659,.T.);
#5874=EDGE_CURVE('',#4769,#4770,#2660,.T.);
#5875=EDGE_CURVE('',#4770,#4771,#2661,.T.);
#5876=EDGE_CURVE('',#4772,#4771,#2662,.T.);
#5877=EDGE_CURVE('',#4769,#4772,#2663,.T.);
#5878=EDGE_CURVE('',#4773,#4769,#2664,.T.);
#5879=EDGE_CURVE('',#4774,#4772,#2665,.T.);
#5880=EDGE_CURVE('',#4773,#4774,#2666,.T.);
#5881=EDGE_CURVE('',#4770,#4773,#2667,.T.);
#5882=EDGE_CURVE('',#4771,#4774,#2668,.T.);
#5883=EDGE_CURVE('',#4775,#4776,#2669,.T.);
#5884=EDGE_CURVE('',#4776,#4777,#2670,.T.);
#5885=EDGE_CURVE('',#4778,#4777,#2671,.T.);
#5886=EDGE_CURVE('',#4775,#4778,#2672,.T.);
#5887=EDGE_CURVE('',#4779,#4775,#2673,.T.);
#5888=EDGE_CURVE('',#4780,#4778,#2674,.T.);
#5889=EDGE_CURVE('',#4779,#4780,#2675,.T.);
#5890=EDGE_CURVE('',#4776,#4779,#2676,.T.);
#5891=EDGE_CURVE('',#4777,#4780,#2677,.T.);
#5892=EDGE_CURVE('',#4781,#4782,#2678,.T.);
#5893=EDGE_CURVE('',#4782,#4783,#2679,.T.);
#5894=EDGE_CURVE('',#4784,#4783,#2680,.T.);
#5895=EDGE_CURVE('',#4781,#4784,#2681,.T.);
#5896=EDGE_CURVE('',#4785,#4781,#2682,.T.);
#5897=EDGE_CURVE('',#4786,#4784,#2683,.T.);
#5898=EDGE_CURVE('',#4785,#4786,#2684,.T.);
#5899=EDGE_CURVE('',#4782,#4785,#2685,.T.);
#5900=EDGE_CURVE('',#4783,#4786,#2686,.T.);
#5901=EDGE_CURVE('',#4787,#4788,#2687,.T.);
#5902=EDGE_CURVE('',#4788,#4789,#2688,.T.);
#5903=EDGE_CURVE('',#4790,#4789,#2689,.T.);
#5904=EDGE_CURVE('',#4787,#4790,#2690,.T.);
#5905=EDGE_CURVE('',#4791,#4787,#2691,.T.);
#5906=EDGE_CURVE('',#4792,#4790,#2692,.T.);
#5907=EDGE_CURVE('',#4791,#4792,#2693,.T.);
#5908=EDGE_CURVE('',#4788,#4791,#2694,.T.);
#5909=EDGE_CURVE('',#4789,#4792,#2695,.T.);
#5910=EDGE_CURVE('',#4793,#4794,#2696,.T.);
#5911=EDGE_CURVE('',#4794,#4795,#2697,.T.);
#5912=EDGE_CURVE('',#4796,#4795,#2698,.T.);
#5913=EDGE_CURVE('',#4793,#4796,#2699,.T.);
#5914=EDGE_CURVE('',#4797,#4793,#2700,.T.);
#5915=EDGE_CURVE('',#4798,#4796,#2701,.T.);
#5916=EDGE_CURVE('',#4797,#4798,#2702,.T.);
#5917=EDGE_CURVE('',#4794,#4797,#2703,.T.);
#5918=EDGE_CURVE('',#4795,#4798,#2704,.T.);
#5919=EDGE_CURVE('',#4799,#4800,#2705,.T.);
#5920=EDGE_CURVE('',#4800,#4801,#2706,.T.);
#5921=EDGE_CURVE('',#4802,#4801,#2707,.T.);
#5922=EDGE_CURVE('',#4799,#4802,#2708,.T.);
#5923=EDGE_CURVE('',#4803,#4799,#2709,.T.);
#5924=EDGE_CURVE('',#4804,#4802,#2710,.T.);
#5925=EDGE_CURVE('',#4803,#4804,#2711,.T.);
#5926=EDGE_CURVE('',#4800,#4803,#2712,.T.);
#5927=EDGE_CURVE('',#4801,#4804,#2713,.T.);
#5928=EDGE_CURVE('',#4805,#4806,#2714,.T.);
#5929=EDGE_CURVE('',#4806,#4807,#2715,.T.);
#5930=EDGE_CURVE('',#4808,#4807,#2716,.T.);
#5931=EDGE_CURVE('',#4805,#4808,#2717,.T.);
#5932=EDGE_CURVE('',#4809,#4805,#2718,.T.);
#5933=EDGE_CURVE('',#4810,#4808,#2719,.T.);
#5934=EDGE_CURVE('',#4809,#4810,#2720,.T.);
#5935=EDGE_CURVE('',#4806,#4809,#2721,.T.);
#5936=EDGE_CURVE('',#4807,#4810,#2722,.T.);
#5937=EDGE_CURVE('',#4811,#4812,#2723,.T.);
#5938=EDGE_CURVE('',#4812,#4813,#2724,.T.);
#5939=EDGE_CURVE('',#4814,#4813,#2725,.T.);
#5940=EDGE_CURVE('',#4811,#4814,#2726,.T.);
#5941=EDGE_CURVE('',#4815,#4811,#2727,.T.);
#5942=EDGE_CURVE('',#4816,#4814,#2728,.T.);
#5943=EDGE_CURVE('',#4815,#4816,#2729,.T.);
#5944=EDGE_CURVE('',#4812,#4815,#2730,.T.);
#5945=EDGE_CURVE('',#4813,#4816,#2731,.T.);
#5946=EDGE_CURVE('',#4817,#4818,#2732,.T.);
#5947=EDGE_CURVE('',#4818,#4819,#2733,.T.);
#5948=EDGE_CURVE('',#4820,#4819,#2734,.T.);
#5949=EDGE_CURVE('',#4817,#4820,#2735,.T.);
#5950=EDGE_CURVE('',#4821,#4817,#2736,.T.);
#5951=EDGE_CURVE('',#4822,#4820,#2737,.T.);
#5952=EDGE_CURVE('',#4821,#4822,#2738,.T.);
#5953=EDGE_CURVE('',#4818,#4821,#2739,.T.);
#5954=EDGE_CURVE('',#4819,#4822,#2740,.T.);
#5955=EDGE_CURVE('',#4823,#4824,#2741,.T.);
#5956=EDGE_CURVE('',#4824,#4825,#2742,.T.);
#5957=EDGE_CURVE('',#4826,#4825,#2743,.T.);
#5958=EDGE_CURVE('',#4823,#4826,#2744,.T.);
#5959=EDGE_CURVE('',#4827,#4823,#2745,.T.);
#5960=EDGE_CURVE('',#4828,#4826,#2746,.T.);
#5961=EDGE_CURVE('',#4827,#4828,#2747,.T.);
#5962=EDGE_CURVE('',#4824,#4827,#2748,.T.);
#5963=EDGE_CURVE('',#4825,#4828,#2749,.T.);
#5964=EDGE_CURVE('',#4829,#4830,#2750,.T.);
#5965=EDGE_CURVE('',#4830,#4831,#2751,.T.);
#5966=EDGE_CURVE('',#4832,#4831,#2752,.T.);
#5967=EDGE_CURVE('',#4829,#4832,#2753,.T.);
#5968=EDGE_CURVE('',#4833,#4829,#2754,.T.);
#5969=EDGE_CURVE('',#4834,#4832,#2755,.T.);
#5970=EDGE_CURVE('',#4833,#4834,#2756,.T.);
#5971=EDGE_CURVE('',#4830,#4833,#2757,.T.);
#5972=EDGE_CURVE('',#4831,#4834,#2758,.T.);
#5973=EDGE_CURVE('',#4835,#4836,#2759,.T.);
#5974=EDGE_CURVE('',#4836,#4837,#2760,.T.);
#5975=EDGE_CURVE('',#4838,#4837,#2761,.T.);
#5976=EDGE_CURVE('',#4835,#4838,#2762,.T.);
#5977=EDGE_CURVE('',#4839,#4835,#2763,.T.);
#5978=EDGE_CURVE('',#4840,#4838,#2764,.T.);
#5979=EDGE_CURVE('',#4839,#4840,#2765,.T.);
#5980=EDGE_CURVE('',#4836,#4839,#2766,.T.);
#5981=EDGE_CURVE('',#4837,#4840,#2767,.T.);
#5982=EDGE_CURVE('',#4841,#4842,#2768,.T.);
#5983=EDGE_CURVE('',#4842,#4843,#2769,.T.);
#5984=EDGE_CURVE('',#4844,#4843,#2770,.T.);
#5985=EDGE_CURVE('',#4841,#4844,#2771,.T.);
#5986=EDGE_CURVE('',#4845,#4841,#2772,.T.);
#5987=EDGE_CURVE('',#4846,#4844,#2773,.T.);
#5988=EDGE_CURVE('',#4845,#4846,#2774,.T.);
#5989=EDGE_CURVE('',#4842,#4845,#2775,.T.);
#5990=EDGE_CURVE('',#4843,#4846,#2776,.T.);
#5991=EDGE_CURVE('',#4847,#4848,#2777,.T.);
#5992=EDGE_CURVE('',#4848,#4849,#2778,.T.);
#5993=EDGE_CURVE('',#4850,#4849,#2779,.T.);
#5994=EDGE_CURVE('',#4847,#4850,#2780,.T.);
#5995=EDGE_CURVE('',#4851,#4847,#2781,.T.);
#5996=EDGE_CURVE('',#4852,#4850,#2782,.T.);
#5997=EDGE_CURVE('',#4851,#4852,#2783,.T.);
#5998=EDGE_CURVE('',#4848,#4851,#2784,.T.);
#5999=EDGE_CURVE('',#4849,#4852,#2785,.T.);
#6000=EDGE_CURVE('',#4853,#4854,#2786,.T.);
#6001=EDGE_CURVE('',#4854,#4855,#2787,.T.);
#6002=EDGE_CURVE('',#4856,#4855,#2788,.T.);
#6003=EDGE_CURVE('',#4853,#4856,#2789,.T.);
#6004=EDGE_CURVE('',#4857,#4853,#2790,.T.);
#6005=EDGE_CURVE('',#4858,#4856,#2791,.T.);
#6006=EDGE_CURVE('',#4857,#4858,#2792,.T.);
#6007=EDGE_CURVE('',#4854,#4857,#2793,.T.);
#6008=EDGE_CURVE('',#4855,#4858,#2794,.T.);
#6009=EDGE_CURVE('',#4859,#4860,#2795,.T.);
#6010=EDGE_CURVE('',#4860,#4861,#2796,.T.);
#6011=EDGE_CURVE('',#4862,#4861,#2797,.T.);
#6012=EDGE_CURVE('',#4859,#4862,#2798,.T.);
#6013=EDGE_CURVE('',#4863,#4859,#2799,.T.);
#6014=EDGE_CURVE('',#4864,#4862,#2800,.T.);
#6015=EDGE_CURVE('',#4863,#4864,#2801,.T.);
#6016=EDGE_CURVE('',#4860,#4863,#2802,.T.);
#6017=EDGE_CURVE('',#4861,#4864,#2803,.T.);
#6018=EDGE_CURVE('',#4865,#4866,#2804,.T.);
#6019=EDGE_CURVE('',#4866,#4867,#2805,.T.);
#6020=EDGE_CURVE('',#4868,#4867,#2806,.T.);
#6021=EDGE_CURVE('',#4865,#4868,#2807,.T.);
#6022=EDGE_CURVE('',#4869,#4865,#2808,.T.);
#6023=EDGE_CURVE('',#4870,#4868,#2809,.T.);
#6024=EDGE_CURVE('',#4869,#4870,#2810,.T.);
#6025=EDGE_CURVE('',#4866,#4869,#2811,.T.);
#6026=EDGE_CURVE('',#4867,#4870,#2812,.T.);
#6027=EDGE_CURVE('',#4871,#4872,#2813,.T.);
#6028=EDGE_CURVE('',#4872,#4873,#2814,.T.);
#6029=EDGE_CURVE('',#4874,#4873,#2815,.T.);
#6030=EDGE_CURVE('',#4871,#4874,#2816,.T.);
#6031=EDGE_CURVE('',#4875,#4871,#2817,.T.);
#6032=EDGE_CURVE('',#4876,#4874,#2818,.T.);
#6033=EDGE_CURVE('',#4875,#4876,#2819,.T.);
#6034=EDGE_CURVE('',#4872,#4875,#2820,.T.);
#6035=EDGE_CURVE('',#4873,#4876,#2821,.T.);
#6036=EDGE_CURVE('',#4877,#4878,#2822,.T.);
#6037=EDGE_CURVE('',#4878,#4879,#2823,.T.);
#6038=EDGE_CURVE('',#4880,#4879,#2824,.T.);
#6039=EDGE_CURVE('',#4877,#4880,#2825,.T.);
#6040=EDGE_CURVE('',#4881,#4877,#2826,.T.);
#6041=EDGE_CURVE('',#4882,#4880,#2827,.T.);
#6042=EDGE_CURVE('',#4881,#4882,#2828,.T.);
#6043=EDGE_CURVE('',#4878,#4881,#2829,.T.);
#6044=EDGE_CURVE('',#4879,#4882,#2830,.T.);
#6045=EDGE_CURVE('',#4883,#4884,#2831,.T.);
#6046=EDGE_CURVE('',#4884,#4885,#2832,.T.);
#6047=EDGE_CURVE('',#4886,#4885,#2833,.T.);
#6048=EDGE_CURVE('',#4883,#4886,#2834,.T.);
#6049=EDGE_CURVE('',#4887,#4883,#2835,.T.);
#6050=EDGE_CURVE('',#4888,#4886,#2836,.T.);
#6051=EDGE_CURVE('',#4887,#4888,#2837,.T.);
#6052=EDGE_CURVE('',#4884,#4887,#2838,.T.);
#6053=EDGE_CURVE('',#4885,#4888,#2839,.T.);
#6054=EDGE_CURVE('',#4889,#4890,#2840,.T.);
#6055=EDGE_CURVE('',#4890,#4891,#2841,.T.);
#6056=EDGE_CURVE('',#4892,#4891,#2842,.T.);
#6057=EDGE_CURVE('',#4889,#4892,#2843,.T.);
#6058=EDGE_CURVE('',#4893,#4889,#2844,.T.);
#6059=EDGE_CURVE('',#4894,#4892,#2845,.T.);
#6060=EDGE_CURVE('',#4893,#4894,#2846,.T.);
#6061=EDGE_CURVE('',#4890,#4893,#2847,.T.);
#6062=EDGE_CURVE('',#4891,#4894,#2848,.T.);
#6063=EDGE_CURVE('',#4895,#4896,#2849,.T.);
#6064=EDGE_CURVE('',#4896,#4897,#2850,.T.);
#6065=EDGE_CURVE('',#4898,#4897,#2851,.T.);
#6066=EDGE_CURVE('',#4895,#4898,#2852,.T.);
#6067=EDGE_CURVE('',#4899,#4895,#2853,.T.);
#6068=EDGE_CURVE('',#4900,#4898,#2854,.T.);
#6069=EDGE_CURVE('',#4899,#4900,#2855,.T.);
#6070=EDGE_CURVE('',#4896,#4899,#2856,.T.);
#6071=EDGE_CURVE('',#4897,#4900,#2857,.T.);
#6072=EDGE_CURVE('',#4901,#4902,#2858,.T.);
#6073=EDGE_CURVE('',#4902,#4903,#2859,.T.);
#6074=EDGE_CURVE('',#4904,#4903,#2860,.T.);
#6075=EDGE_CURVE('',#4901,#4904,#2861,.T.);
#6076=EDGE_CURVE('',#4905,#4901,#2862,.T.);
#6077=EDGE_CURVE('',#4906,#4904,#2863,.T.);
#6078=EDGE_CURVE('',#4905,#4906,#2864,.T.);
#6079=EDGE_CURVE('',#4902,#4905,#2865,.T.);
#6080=EDGE_CURVE('',#4903,#4906,#2866,.T.);
#6081=EDGE_CURVE('',#4907,#4907,#4165,.T.);
#6082=EDGE_CURVE('',#4907,#4908,#2867,.T.);
#6083=EDGE_CURVE('',#4908,#4908,#4166,.T.);
#6084=EDGE_CURVE('',#4909,#4910,#2868,.T.);
#6085=EDGE_CURVE('',#4910,#4911,#2869,.T.);
#6086=EDGE_CURVE('',#4912,#4911,#2870,.T.);
#6087=EDGE_CURVE('',#4909,#4912,#2871,.T.);
#6088=EDGE_CURVE('',#4913,#4909,#2872,.T.);
#6089=EDGE_CURVE('',#4914,#4912,#2873,.T.);
#6090=EDGE_CURVE('',#4913,#4914,#2874,.T.);
#6091=EDGE_CURVE('',#4910,#4913,#2875,.T.);
#6092=EDGE_CURVE('',#4911,#4914,#2876,.T.);
#6093=EDGE_CURVE('',#4915,#4916,#2877,.T.);
#6094=EDGE_CURVE('',#4916,#4917,#2878,.T.);
#6095=EDGE_CURVE('',#4918,#4917,#2879,.T.);
#6096=EDGE_CURVE('',#4915,#4918,#2880,.T.);
#6097=EDGE_CURVE('',#4919,#4915,#2881,.T.);
#6098=EDGE_CURVE('',#4920,#4918,#2882,.T.);
#6099=EDGE_CURVE('',#4919,#4920,#2883,.T.);
#6100=EDGE_CURVE('',#4916,#4919,#2884,.T.);
#6101=EDGE_CURVE('',#4917,#4920,#2885,.T.);
#6102=EDGE_CURVE('',#4921,#4922,#2886,.T.);
#6103=EDGE_CURVE('',#4922,#4923,#2887,.T.);
#6104=EDGE_CURVE('',#4924,#4923,#2888,.T.);
#6105=EDGE_CURVE('',#4921,#4924,#2889,.T.);
#6106=EDGE_CURVE('',#4925,#4921,#2890,.T.);
#6107=EDGE_CURVE('',#4926,#4924,#2891,.T.);
#6108=EDGE_CURVE('',#4925,#4926,#2892,.T.);
#6109=EDGE_CURVE('',#4922,#4925,#2893,.T.);
#6110=EDGE_CURVE('',#4923,#4926,#2894,.T.);
#6111=EDGE_CURVE('',#4927,#4928,#2895,.T.);
#6112=EDGE_CURVE('',#4928,#4929,#2896,.T.);
#6113=EDGE_CURVE('',#4930,#4929,#2897,.T.);
#6114=EDGE_CURVE('',#4927,#4930,#2898,.T.);
#6115=EDGE_CURVE('',#4931,#4927,#2899,.T.);
#6116=EDGE_CURVE('',#4932,#4930,#2900,.T.);
#6117=EDGE_CURVE('',#4931,#4932,#2901,.T.);
#6118=EDGE_CURVE('',#4928,#4931,#2902,.T.);
#6119=EDGE_CURVE('',#4929,#4932,#2903,.T.);
#6120=EDGE_CURVE('',#4933,#4934,#2904,.T.);
#6121=EDGE_CURVE('',#4934,#4935,#2905,.T.);
#6122=EDGE_CURVE('',#4936,#4935,#2906,.T.);
#6123=EDGE_CURVE('',#4933,#4936,#2907,.T.);
#6124=EDGE_CURVE('',#4937,#4933,#2908,.T.);
#6125=EDGE_CURVE('',#4938,#4936,#2909,.T.);
#6126=EDGE_CURVE('',#4937,#4938,#2910,.T.);
#6127=EDGE_CURVE('',#4934,#4937,#2911,.T.);
#6128=EDGE_CURVE('',#4935,#4938,#2912,.T.);
#6129=EDGE_CURVE('',#4939,#4940,#2913,.T.);
#6130=EDGE_CURVE('',#4940,#4941,#2914,.T.);
#6131=EDGE_CURVE('',#4942,#4941,#2915,.T.);
#6132=EDGE_CURVE('',#4939,#4942,#2916,.T.);
#6133=EDGE_CURVE('',#4943,#4939,#2917,.T.);
#6134=EDGE_CURVE('',#4944,#4942,#2918,.T.);
#6135=EDGE_CURVE('',#4943,#4944,#2919,.T.);
#6136=EDGE_CURVE('',#4940,#4943,#2920,.T.);
#6137=EDGE_CURVE('',#4941,#4944,#2921,.T.);
#6138=EDGE_CURVE('',#4945,#4946,#2922,.T.);
#6139=EDGE_CURVE('',#4946,#4947,#2923,.T.);
#6140=EDGE_CURVE('',#4948,#4947,#2924,.T.);
#6141=EDGE_CURVE('',#4945,#4948,#2925,.T.);
#6142=EDGE_CURVE('',#4949,#4945,#2926,.T.);
#6143=EDGE_CURVE('',#4950,#4948,#2927,.T.);
#6144=EDGE_CURVE('',#4949,#4950,#2928,.T.);
#6145=EDGE_CURVE('',#4946,#4949,#2929,.T.);
#6146=EDGE_CURVE('',#4947,#4950,#2930,.T.);
#6147=EDGE_CURVE('',#4951,#4952,#2931,.T.);
#6148=EDGE_CURVE('',#4952,#4953,#2932,.T.);
#6149=EDGE_CURVE('',#4954,#4953,#2933,.T.);
#6150=EDGE_CURVE('',#4951,#4954,#2934,.T.);
#6151=EDGE_CURVE('',#4955,#4951,#2935,.T.);
#6152=EDGE_CURVE('',#4956,#4954,#2936,.T.);
#6153=EDGE_CURVE('',#4955,#4956,#2937,.T.);
#6154=EDGE_CURVE('',#4952,#4955,#2938,.T.);
#6155=EDGE_CURVE('',#4953,#4956,#2939,.T.);
#6156=EDGE_CURVE('',#4957,#4958,#2940,.T.);
#6157=EDGE_CURVE('',#4958,#4959,#2941,.T.);
#6158=EDGE_CURVE('',#4960,#4959,#2942,.T.);
#6159=EDGE_CURVE('',#4957,#4960,#2943,.T.);
#6160=EDGE_CURVE('',#4961,#4957,#2944,.T.);
#6161=EDGE_CURVE('',#4962,#4960,#2945,.T.);
#6162=EDGE_CURVE('',#4961,#4962,#2946,.T.);
#6163=EDGE_CURVE('',#4958,#4961,#2947,.T.);
#6164=EDGE_CURVE('',#4959,#4962,#2948,.T.);
#6165=EDGE_CURVE('',#4963,#4964,#2949,.T.);
#6166=EDGE_CURVE('',#4963,#4965,#2950,.T.);
#6167=EDGE_CURVE('',#4966,#4965,#2951,.T.);
#6168=EDGE_CURVE('',#4964,#4966,#2952,.T.);
#6169=EDGE_CURVE('',#4964,#4967,#2953,.T.);
#6170=EDGE_CURVE('',#4968,#4966,#2954,.T.);
#6171=EDGE_CURVE('',#4967,#4968,#2955,.T.);
#6172=EDGE_CURVE('',#4967,#4969,#2956,.T.);
#6173=EDGE_CURVE('',#4970,#4968,#2957,.T.);
#6174=EDGE_CURVE('',#4969,#4970,#2958,.T.);
#6175=EDGE_CURVE('',#4969,#4963,#2959,.T.);
#6176=EDGE_CURVE('',#4965,#4970,#2960,.T.);
#6177=ORIENTED_EDGE('',*,*,#4971,.F.);
#6178=ORIENTED_EDGE('',*,*,#4972,.T.);
#6179=ORIENTED_EDGE('',*,*,#4973,.T.);
#6180=ORIENTED_EDGE('',*,*,#4972,.F.);
#6181=ORIENTED_EDGE('',*,*,#4973,.F.);
#6182=ORIENTED_EDGE('',*,*,#4974,.F.);
#6183=ORIENTED_EDGE('',*,*,#4975,.F.);
#6184=ORIENTED_EDGE('',*,*,#4976,.T.);
#6185=ORIENTED_EDGE('',*,*,#4977,.T.);
#6186=ORIENTED_EDGE('',*,*,#4976,.F.);
#6187=ORIENTED_EDGE('',*,*,#4977,.F.);
#6188=ORIENTED_EDGE('',*,*,#4978,.F.);
#6189=ORIENTED_EDGE('',*,*,#4979,.F.);
#6190=ORIENTED_EDGE('',*,*,#4980,.T.);
#6191=ORIENTED_EDGE('',*,*,#4981,.T.);
#6192=ORIENTED_EDGE('',*,*,#4980,.F.);
#6193=ORIENTED_EDGE('',*,*,#4981,.F.);
#6194=ORIENTED_EDGE('',*,*,#4982,.F.);
#6195=ORIENTED_EDGE('',*,*,#4983,.F.);
#6196=ORIENTED_EDGE('',*,*,#4984,.T.);
#6197=ORIENTED_EDGE('',*,*,#4985,.T.);
#6198=ORIENTED_EDGE('',*,*,#4984,.F.);
#6199=ORIENTED_EDGE('',*,*,#4985,.F.);
#6200=ORIENTED_EDGE('',*,*,#4986,.F.);
#6201=ORIENTED_EDGE('',*,*,#4987,.F.);
#6202=ORIENTED_EDGE('',*,*,#4988,.T.);
#6203=ORIENTED_EDGE('',*,*,#4989,.F.);
#6204=ORIENTED_EDGE('',*,*,#4990,.F.);
#6205=ORIENTED_EDGE('',*,*,#4991,.F.);
#6206=ORIENTED_EDGE('',*,*,#4992,.T.);
#6207=ORIENTED_EDGE('',*,*,#4974,.T.);
#6208=ORIENTED_EDGE('',*,*,#4992,.F.);
#6209=ORIENTED_EDGE('',*,*,#4993,.F.);
#6210=ORIENTED_EDGE('',*,*,#4990,.T.);
#6211=ORIENTED_EDGE('',*,*,#4994,.F.);
#6212=ORIENTED_EDGE('',*,*,#4988,.F.);
#6213=ORIENTED_EDGE('',*,*,#4989,.T.);
#6214=ORIENTED_EDGE('',*,*,#4994,.T.);
#6215=ORIENTED_EDGE('',*,*,#4991,.T.);
#6216=ORIENTED_EDGE('',*,*,#4995,.F.);
#6217=ORIENTED_EDGE('',*,*,#4996,.T.);
#6218=ORIENTED_EDGE('',*,*,#4997,.F.);
#6219=ORIENTED_EDGE('',*,*,#4998,.F.);
#6220=ORIENTED_EDGE('',*,*,#4999,.F.);
#6221=ORIENTED_EDGE('',*,*,#5000,.T.);
#6222=ORIENTED_EDGE('',*,*,#4982,.T.);
#6223=ORIENTED_EDGE('',*,*,#5000,.F.);
#6224=ORIENTED_EDGE('',*,*,#5001,.F.);
#6225=ORIENTED_EDGE('',*,*,#4998,.T.);
#6226=ORIENTED_EDGE('',*,*,#5002,.F.);
#6227=ORIENTED_EDGE('',*,*,#4996,.F.);
#6228=ORIENTED_EDGE('',*,*,#4997,.T.);
#6229=ORIENTED_EDGE('',*,*,#5002,.T.);
#6230=ORIENTED_EDGE('',*,*,#4999,.T.);
#6231=ORIENTED_EDGE('',*,*,#5003,.F.);
#6232=ORIENTED_EDGE('',*,*,#5004,.T.);
#6233=ORIENTED_EDGE('',*,*,#5005,.F.);
#6234=ORIENTED_EDGE('',*,*,#5006,.F.);
#6235=ORIENTED_EDGE('',*,*,#5007,.F.);
#6236=ORIENTED_EDGE('',*,*,#5008,.T.);
#6237=ORIENTED_EDGE('',*,*,#4978,.T.);
#6238=ORIENTED_EDGE('',*,*,#5008,.F.);
#6239=ORIENTED_EDGE('',*,*,#5009,.F.);
#6240=ORIENTED_EDGE('',*,*,#5006,.T.);
#6241=ORIENTED_EDGE('',*,*,#5010,.F.);
#6242=ORIENTED_EDGE('',*,*,#5004,.F.);
#6243=ORIENTED_EDGE('',*,*,#5010,.T.);
#6244=ORIENTED_EDGE('',*,*,#5005,.T.);
#6245=ORIENTED_EDGE('',*,*,#5007,.T.);
#6246=ORIENTED_EDGE('',*,*,#5011,.F.);
#6247=ORIENTED_EDGE('',*,*,#5012,.T.);
#6248=ORIENTED_EDGE('',*,*,#5013,.F.);
#6249=ORIENTED_EDGE('',*,*,#5014,.F.);
#6250=ORIENTED_EDGE('',*,*,#5015,.F.);
#6251=ORIENTED_EDGE('',*,*,#5016,.T.);
#6252=ORIENTED_EDGE('',*,*,#4986,.T.);
#6253=ORIENTED_EDGE('',*,*,#5016,.F.);
#6254=ORIENTED_EDGE('',*,*,#5017,.F.);
#6255=ORIENTED_EDGE('',*,*,#5014,.T.);
#6256=ORIENTED_EDGE('',*,*,#5018,.F.);
#6257=ORIENTED_EDGE('',*,*,#5012,.F.);
#6258=ORIENTED_EDGE('',*,*,#5018,.T.);
#6259=ORIENTED_EDGE('',*,*,#5013,.T.);
#6260=ORIENTED_EDGE('',*,*,#5015,.T.);
#6261=ORIENTED_EDGE('',*,*,#5019,.T.);
#6262=ORIENTED_EDGE('',*,*,#5020,.T.);
#6263=ORIENTED_EDGE('',*,*,#5021,.F.);
#6264=ORIENTED_EDGE('',*,*,#5022,.F.);
#6265=ORIENTED_EDGE('',*,*,#5023,.T.);
#6266=ORIENTED_EDGE('',*,*,#5022,.T.);
#6267=ORIENTED_EDGE('',*,*,#5024,.F.);
#6268=ORIENTED_EDGE('',*,*,#5025,.F.);
#6269=ORIENTED_EDGE('',*,*,#5026,.T.);
#6270=ORIENTED_EDGE('',*,*,#5025,.T.);
#6271=ORIENTED_EDGE('',*,*,#5027,.F.);
#6272=ORIENTED_EDGE('',*,*,#5020,.F.);
#6273=ORIENTED_EDGE('',*,*,#5028,.F.);
#6274=ORIENTED_EDGE('',*,*,#5029,.T.);
#6275=ORIENTED_EDGE('',*,*,#5030,.T.);
#6276=ORIENTED_EDGE('',*,*,#5029,.F.);
#6277=ORIENTED_EDGE('',*,*,#5031,.T.);
#6278=ORIENTED_EDGE('',*,*,#5032,.T.);
#6279=ORIENTED_EDGE('',*,*,#5033,.F.);
#6280=ORIENTED_EDGE('',*,*,#5034,.F.);
#6281=ORIENTED_EDGE('',*,*,#5035,.T.);
#6282=ORIENTED_EDGE('',*,*,#5034,.T.);
#6283=ORIENTED_EDGE('',*,*,#5036,.F.);
#6284=ORIENTED_EDGE('',*,*,#5037,.F.);
#6285=ORIENTED_EDGE('',*,*,#5038,.T.);
#6286=ORIENTED_EDGE('',*,*,#5037,.T.);
#6287=ORIENTED_EDGE('',*,*,#5039,.F.);
#6288=ORIENTED_EDGE('',*,*,#5032,.F.);
#6289=ORIENTED_EDGE('',*,*,#5040,.T.);
#6290=ORIENTED_EDGE('',*,*,#5041,.T.);
#6291=ORIENTED_EDGE('',*,*,#5042,.F.);
#6292=ORIENTED_EDGE('',*,*,#5043,.F.);
#6293=ORIENTED_EDGE('',*,*,#5044,.T.);
#6294=ORIENTED_EDGE('',*,*,#5043,.T.);
#6295=ORIENTED_EDGE('',*,*,#5045,.F.);
#6296=ORIENTED_EDGE('',*,*,#5046,.F.);
#6297=ORIENTED_EDGE('',*,*,#5047,.T.);
#6298=ORIENTED_EDGE('',*,*,#5046,.T.);
#6299=ORIENTED_EDGE('',*,*,#5048,.F.);
#6300=ORIENTED_EDGE('',*,*,#5041,.F.);
#6301=ORIENTED_EDGE('',*,*,#5049,.T.);
#6302=ORIENTED_EDGE('',*,*,#5050,.T.);
#6303=ORIENTED_EDGE('',*,*,#5051,.F.);
#6304=ORIENTED_EDGE('',*,*,#5052,.F.);
#6305=ORIENTED_EDGE('',*,*,#5053,.T.);
#6306=ORIENTED_EDGE('',*,*,#5052,.T.);
#6307=ORIENTED_EDGE('',*,*,#5054,.F.);
#6308=ORIENTED_EDGE('',*,*,#5055,.F.);
#6309=ORIENTED_EDGE('',*,*,#5056,.T.);
#6310=ORIENTED_EDGE('',*,*,#5055,.T.);
#6311=ORIENTED_EDGE('',*,*,#5057,.F.);
#6312=ORIENTED_EDGE('',*,*,#5050,.F.);
#6313=ORIENTED_EDGE('',*,*,#5058,.T.);
#6314=ORIENTED_EDGE('',*,*,#5059,.T.);
#6315=ORIENTED_EDGE('',*,*,#5060,.F.);
#6316=ORIENTED_EDGE('',*,*,#5061,.F.);
#6317=ORIENTED_EDGE('',*,*,#5062,.T.);
#6318=ORIENTED_EDGE('',*,*,#5061,.T.);
#6319=ORIENTED_EDGE('',*,*,#5063,.F.);
#6320=ORIENTED_EDGE('',*,*,#5064,.F.);
#6321=ORIENTED_EDGE('',*,*,#5065,.T.);
#6322=ORIENTED_EDGE('',*,*,#5064,.T.);
#6323=ORIENTED_EDGE('',*,*,#5066,.F.);
#6324=ORIENTED_EDGE('',*,*,#5059,.F.);
#6325=ORIENTED_EDGE('',*,*,#5067,.T.);
#6326=ORIENTED_EDGE('',*,*,#5068,.T.);
#6327=ORIENTED_EDGE('',*,*,#5069,.F.);
#6328=ORIENTED_EDGE('',*,*,#5070,.F.);
#6329=ORIENTED_EDGE('',*,*,#5071,.T.);
#6330=ORIENTED_EDGE('',*,*,#5070,.T.);
#6331=ORIENTED_EDGE('',*,*,#5072,.F.);
#6332=ORIENTED_EDGE('',*,*,#5073,.F.);
#6333=ORIENTED_EDGE('',*,*,#5074,.T.);
#6334=ORIENTED_EDGE('',*,*,#5073,.T.);
#6335=ORIENTED_EDGE('',*,*,#5075,.F.);
#6336=ORIENTED_EDGE('',*,*,#5068,.F.);
#6337=ORIENTED_EDGE('',*,*,#5076,.T.);
#6338=ORIENTED_EDGE('',*,*,#5077,.T.);
#6339=ORIENTED_EDGE('',*,*,#5078,.F.);
#6340=ORIENTED_EDGE('',*,*,#5079,.F.);
#6341=ORIENTED_EDGE('',*,*,#5080,.T.);
#6342=ORIENTED_EDGE('',*,*,#5079,.T.);
#6343=ORIENTED_EDGE('',*,*,#5081,.F.);
#6344=ORIENTED_EDGE('',*,*,#5082,.F.);
#6345=ORIENTED_EDGE('',*,*,#5083,.T.);
#6346=ORIENTED_EDGE('',*,*,#5082,.T.);
#6347=ORIENTED_EDGE('',*,*,#5084,.F.);
#6348=ORIENTED_EDGE('',*,*,#5077,.F.);
#6349=ORIENTED_EDGE('',*,*,#5085,.T.);
#6350=ORIENTED_EDGE('',*,*,#5086,.T.);
#6351=ORIENTED_EDGE('',*,*,#5087,.F.);
#6352=ORIENTED_EDGE('',*,*,#5088,.F.);
#6353=ORIENTED_EDGE('',*,*,#5089,.T.);
#6354=ORIENTED_EDGE('',*,*,#5088,.T.);
#6355=ORIENTED_EDGE('',*,*,#5090,.F.);
#6356=ORIENTED_EDGE('',*,*,#5091,.F.);
#6357=ORIENTED_EDGE('',*,*,#5092,.T.);
#6358=ORIENTED_EDGE('',*,*,#5091,.T.);
#6359=ORIENTED_EDGE('',*,*,#5093,.F.);
#6360=ORIENTED_EDGE('',*,*,#5086,.F.);
#6361=ORIENTED_EDGE('',*,*,#5094,.T.);
#6362=ORIENTED_EDGE('',*,*,#5095,.T.);
#6363=ORIENTED_EDGE('',*,*,#5096,.F.);
#6364=ORIENTED_EDGE('',*,*,#5097,.F.);
#6365=ORIENTED_EDGE('',*,*,#5098,.T.);
#6366=ORIENTED_EDGE('',*,*,#5097,.T.);
#6367=ORIENTED_EDGE('',*,*,#5099,.F.);
#6368=ORIENTED_EDGE('',*,*,#5100,.F.);
#6369=ORIENTED_EDGE('',*,*,#5101,.T.);
#6370=ORIENTED_EDGE('',*,*,#5100,.T.);
#6371=ORIENTED_EDGE('',*,*,#5102,.F.);
#6372=ORIENTED_EDGE('',*,*,#5095,.F.);
#6373=ORIENTED_EDGE('',*,*,#5103,.T.);
#6374=ORIENTED_EDGE('',*,*,#5104,.T.);
#6375=ORIENTED_EDGE('',*,*,#5105,.F.);
#6376=ORIENTED_EDGE('',*,*,#5106,.F.);
#6377=ORIENTED_EDGE('',*,*,#5107,.T.);
#6378=ORIENTED_EDGE('',*,*,#5106,.T.);
#6379=ORIENTED_EDGE('',*,*,#5108,.F.);
#6380=ORIENTED_EDGE('',*,*,#5109,.F.);
#6381=ORIENTED_EDGE('',*,*,#5110,.T.);
#6382=ORIENTED_EDGE('',*,*,#5109,.T.);
#6383=ORIENTED_EDGE('',*,*,#5111,.F.);
#6384=ORIENTED_EDGE('',*,*,#5104,.F.);
#6385=ORIENTED_EDGE('',*,*,#5112,.T.);
#6386=ORIENTED_EDGE('',*,*,#5113,.T.);
#6387=ORIENTED_EDGE('',*,*,#5114,.F.);
#6388=ORIENTED_EDGE('',*,*,#5115,.F.);
#6389=ORIENTED_EDGE('',*,*,#5116,.T.);
#6390=ORIENTED_EDGE('',*,*,#5115,.T.);
#6391=ORIENTED_EDGE('',*,*,#5117,.F.);
#6392=ORIENTED_EDGE('',*,*,#5118,.F.);
#6393=ORIENTED_EDGE('',*,*,#5119,.T.);
#6394=ORIENTED_EDGE('',*,*,#5118,.T.);
#6395=ORIENTED_EDGE('',*,*,#5120,.F.);
#6396=ORIENTED_EDGE('',*,*,#5113,.F.);
#6397=ORIENTED_EDGE('',*,*,#5121,.T.);
#6398=ORIENTED_EDGE('',*,*,#5122,.T.);
#6399=ORIENTED_EDGE('',*,*,#5123,.F.);
#6400=ORIENTED_EDGE('',*,*,#5124,.F.);
#6401=ORIENTED_EDGE('',*,*,#5125,.T.);
#6402=ORIENTED_EDGE('',*,*,#5124,.T.);
#6403=ORIENTED_EDGE('',*,*,#5126,.F.);
#6404=ORIENTED_EDGE('',*,*,#5127,.F.);
#6405=ORIENTED_EDGE('',*,*,#5128,.T.);
#6406=ORIENTED_EDGE('',*,*,#5127,.T.);
#6407=ORIENTED_EDGE('',*,*,#5129,.F.);
#6408=ORIENTED_EDGE('',*,*,#5122,.F.);
#6409=ORIENTED_EDGE('',*,*,#5130,.T.);
#6410=ORIENTED_EDGE('',*,*,#5131,.T.);
#6411=ORIENTED_EDGE('',*,*,#5132,.F.);
#6412=ORIENTED_EDGE('',*,*,#5133,.F.);
#6413=ORIENTED_EDGE('',*,*,#5134,.T.);
#6414=ORIENTED_EDGE('',*,*,#5133,.T.);
#6415=ORIENTED_EDGE('',*,*,#5135,.F.);
#6416=ORIENTED_EDGE('',*,*,#5136,.F.);
#6417=ORIENTED_EDGE('',*,*,#5137,.T.);
#6418=ORIENTED_EDGE('',*,*,#5136,.T.);
#6419=ORIENTED_EDGE('',*,*,#5138,.F.);
#6420=ORIENTED_EDGE('',*,*,#5131,.F.);
#6421=ORIENTED_EDGE('',*,*,#5139,.T.);
#6422=ORIENTED_EDGE('',*,*,#5140,.T.);
#6423=ORIENTED_EDGE('',*,*,#5141,.F.);
#6424=ORIENTED_EDGE('',*,*,#5142,.F.);
#6425=ORIENTED_EDGE('',*,*,#5143,.T.);
#6426=ORIENTED_EDGE('',*,*,#5142,.T.);
#6427=ORIENTED_EDGE('',*,*,#5144,.F.);
#6428=ORIENTED_EDGE('',*,*,#5145,.F.);
#6429=ORIENTED_EDGE('',*,*,#5146,.T.);
#6430=ORIENTED_EDGE('',*,*,#5145,.T.);
#6431=ORIENTED_EDGE('',*,*,#5147,.F.);
#6432=ORIENTED_EDGE('',*,*,#5140,.F.);
#6433=ORIENTED_EDGE('',*,*,#5148,.F.);
#6434=ORIENTED_EDGE('',*,*,#5149,.T.);
#6435=ORIENTED_EDGE('',*,*,#5150,.T.);
#6436=ORIENTED_EDGE('',*,*,#5149,.F.);
#6437=ORIENTED_EDGE('',*,*,#5151,.T.);
#6438=ORIENTED_EDGE('',*,*,#5152,.T.);
#6439=ORIENTED_EDGE('',*,*,#5153,.F.);
#6440=ORIENTED_EDGE('',*,*,#5154,.F.);
#6441=ORIENTED_EDGE('',*,*,#5155,.T.);
#6442=ORIENTED_EDGE('',*,*,#5154,.T.);
#6443=ORIENTED_EDGE('',*,*,#5156,.F.);
#6444=ORIENTED_EDGE('',*,*,#5157,.F.);
#6445=ORIENTED_EDGE('',*,*,#5158,.T.);
#6446=ORIENTED_EDGE('',*,*,#5157,.T.);
#6447=ORIENTED_EDGE('',*,*,#5159,.F.);
#6448=ORIENTED_EDGE('',*,*,#5152,.F.);
#6449=ORIENTED_EDGE('',*,*,#5160,.T.);
#6450=ORIENTED_EDGE('',*,*,#5161,.T.);
#6451=ORIENTED_EDGE('',*,*,#5162,.F.);
#6452=ORIENTED_EDGE('',*,*,#5163,.F.);
#6453=ORIENTED_EDGE('',*,*,#5164,.T.);
#6454=ORIENTED_EDGE('',*,*,#5163,.T.);
#6455=ORIENTED_EDGE('',*,*,#5165,.F.);
#6456=ORIENTED_EDGE('',*,*,#5166,.F.);
#6457=ORIENTED_EDGE('',*,*,#5167,.T.);
#6458=ORIENTED_EDGE('',*,*,#5166,.T.);
#6459=ORIENTED_EDGE('',*,*,#5168,.F.);
#6460=ORIENTED_EDGE('',*,*,#5161,.F.);
#6461=ORIENTED_EDGE('',*,*,#5169,.T.);
#6462=ORIENTED_EDGE('',*,*,#5170,.T.);
#6463=ORIENTED_EDGE('',*,*,#5171,.F.);
#6464=ORIENTED_EDGE('',*,*,#5172,.F.);
#6465=ORIENTED_EDGE('',*,*,#5173,.T.);
#6466=ORIENTED_EDGE('',*,*,#5172,.T.);
#6467=ORIENTED_EDGE('',*,*,#5174,.F.);
#6468=ORIENTED_EDGE('',*,*,#5175,.F.);
#6469=ORIENTED_EDGE('',*,*,#5176,.T.);
#6470=ORIENTED_EDGE('',*,*,#5175,.T.);
#6471=ORIENTED_EDGE('',*,*,#5177,.F.);
#6472=ORIENTED_EDGE('',*,*,#5170,.F.);
#6473=ORIENTED_EDGE('',*,*,#5178,.T.);
#6474=ORIENTED_EDGE('',*,*,#5179,.T.);
#6475=ORIENTED_EDGE('',*,*,#5180,.F.);
#6476=ORIENTED_EDGE('',*,*,#5181,.F.);
#6477=ORIENTED_EDGE('',*,*,#5182,.T.);
#6478=ORIENTED_EDGE('',*,*,#5181,.T.);
#6479=ORIENTED_EDGE('',*,*,#5183,.F.);
#6480=ORIENTED_EDGE('',*,*,#5184,.F.);
#6481=ORIENTED_EDGE('',*,*,#5185,.T.);
#6482=ORIENTED_EDGE('',*,*,#5184,.T.);
#6483=ORIENTED_EDGE('',*,*,#5186,.F.);
#6484=ORIENTED_EDGE('',*,*,#5179,.F.);
#6485=ORIENTED_EDGE('',*,*,#5187,.T.);
#6486=ORIENTED_EDGE('',*,*,#5188,.T.);
#6487=ORIENTED_EDGE('',*,*,#5189,.F.);
#6488=ORIENTED_EDGE('',*,*,#5190,.F.);
#6489=ORIENTED_EDGE('',*,*,#5191,.T.);
#6490=ORIENTED_EDGE('',*,*,#5190,.T.);
#6491=ORIENTED_EDGE('',*,*,#5192,.F.);
#6492=ORIENTED_EDGE('',*,*,#5193,.F.);
#6493=ORIENTED_EDGE('',*,*,#5194,.T.);
#6494=ORIENTED_EDGE('',*,*,#5193,.T.);
#6495=ORIENTED_EDGE('',*,*,#5195,.F.);
#6496=ORIENTED_EDGE('',*,*,#5188,.F.);
#6497=ORIENTED_EDGE('',*,*,#5196,.T.);
#6498=ORIENTED_EDGE('',*,*,#5197,.T.);
#6499=ORIENTED_EDGE('',*,*,#5198,.F.);
#6500=ORIENTED_EDGE('',*,*,#5199,.F.);
#6501=ORIENTED_EDGE('',*,*,#5200,.T.);
#6502=ORIENTED_EDGE('',*,*,#5199,.T.);
#6503=ORIENTED_EDGE('',*,*,#5201,.F.);
#6504=ORIENTED_EDGE('',*,*,#5202,.F.);
#6505=ORIENTED_EDGE('',*,*,#5203,.T.);
#6506=ORIENTED_EDGE('',*,*,#5202,.T.);
#6507=ORIENTED_EDGE('',*,*,#5204,.F.);
#6508=ORIENTED_EDGE('',*,*,#5197,.F.);
#6509=ORIENTED_EDGE('',*,*,#5205,.T.);
#6510=ORIENTED_EDGE('',*,*,#5206,.T.);
#6511=ORIENTED_EDGE('',*,*,#5207,.F.);
#6512=ORIENTED_EDGE('',*,*,#5208,.F.);
#6513=ORIENTED_EDGE('',*,*,#5209,.T.);
#6514=ORIENTED_EDGE('',*,*,#5208,.T.);
#6515=ORIENTED_EDGE('',*,*,#5210,.F.);
#6516=ORIENTED_EDGE('',*,*,#5211,.F.);
#6517=ORIENTED_EDGE('',*,*,#5212,.T.);
#6518=ORIENTED_EDGE('',*,*,#5211,.T.);
#6519=ORIENTED_EDGE('',*,*,#5213,.F.);
#6520=ORIENTED_EDGE('',*,*,#5206,.F.);
#6521=ORIENTED_EDGE('',*,*,#5214,.T.);
#6522=ORIENTED_EDGE('',*,*,#5215,.T.);
#6523=ORIENTED_EDGE('',*,*,#5216,.F.);
#6524=ORIENTED_EDGE('',*,*,#5217,.F.);
#6525=ORIENTED_EDGE('',*,*,#5218,.T.);
#6526=ORIENTED_EDGE('',*,*,#5217,.T.);
#6527=ORIENTED_EDGE('',*,*,#5219,.F.);
#6528=ORIENTED_EDGE('',*,*,#5220,.F.);
#6529=ORIENTED_EDGE('',*,*,#5221,.T.);
#6530=ORIENTED_EDGE('',*,*,#5220,.T.);
#6531=ORIENTED_EDGE('',*,*,#5222,.F.);
#6532=ORIENTED_EDGE('',*,*,#5215,.F.);
#6533=ORIENTED_EDGE('',*,*,#5223,.T.);
#6534=ORIENTED_EDGE('',*,*,#5224,.T.);
#6535=ORIENTED_EDGE('',*,*,#5225,.F.);
#6536=ORIENTED_EDGE('',*,*,#5226,.F.);
#6537=ORIENTED_EDGE('',*,*,#5227,.T.);
#6538=ORIENTED_EDGE('',*,*,#5226,.T.);
#6539=ORIENTED_EDGE('',*,*,#5228,.F.);
#6540=ORIENTED_EDGE('',*,*,#5229,.F.);
#6541=ORIENTED_EDGE('',*,*,#5230,.T.);
#6542=ORIENTED_EDGE('',*,*,#5229,.T.);
#6543=ORIENTED_EDGE('',*,*,#5231,.F.);
#6544=ORIENTED_EDGE('',*,*,#5224,.F.);
#6545=ORIENTED_EDGE('',*,*,#5232,.T.);
#6546=ORIENTED_EDGE('',*,*,#5233,.T.);
#6547=ORIENTED_EDGE('',*,*,#5234,.F.);
#6548=ORIENTED_EDGE('',*,*,#5235,.F.);
#6549=ORIENTED_EDGE('',*,*,#5236,.T.);
#6550=ORIENTED_EDGE('',*,*,#5235,.T.);
#6551=ORIENTED_EDGE('',*,*,#5237,.F.);
#6552=ORIENTED_EDGE('',*,*,#5238,.F.);
#6553=ORIENTED_EDGE('',*,*,#5239,.T.);
#6554=ORIENTED_EDGE('',*,*,#5238,.T.);
#6555=ORIENTED_EDGE('',*,*,#5240,.F.);
#6556=ORIENTED_EDGE('',*,*,#5233,.F.);
#6557=ORIENTED_EDGE('',*,*,#5241,.T.);
#6558=ORIENTED_EDGE('',*,*,#5242,.T.);
#6559=ORIENTED_EDGE('',*,*,#5243,.F.);
#6560=ORIENTED_EDGE('',*,*,#5244,.F.);
#6561=ORIENTED_EDGE('',*,*,#5245,.T.);
#6562=ORIENTED_EDGE('',*,*,#5244,.T.);
#6563=ORIENTED_EDGE('',*,*,#5246,.F.);
#6564=ORIENTED_EDGE('',*,*,#5247,.F.);
#6565=ORIENTED_EDGE('',*,*,#5248,.T.);
#6566=ORIENTED_EDGE('',*,*,#5247,.T.);
#6567=ORIENTED_EDGE('',*,*,#5249,.F.);
#6568=ORIENTED_EDGE('',*,*,#5242,.F.);
#6569=ORIENTED_EDGE('',*,*,#5250,.T.);
#6570=ORIENTED_EDGE('',*,*,#5251,.T.);
#6571=ORIENTED_EDGE('',*,*,#5252,.F.);
#6572=ORIENTED_EDGE('',*,*,#5253,.F.);
#6573=ORIENTED_EDGE('',*,*,#5254,.T.);
#6574=ORIENTED_EDGE('',*,*,#5253,.T.);
#6575=ORIENTED_EDGE('',*,*,#5255,.F.);
#6576=ORIENTED_EDGE('',*,*,#5256,.F.);
#6577=ORIENTED_EDGE('',*,*,#5257,.T.);
#6578=ORIENTED_EDGE('',*,*,#5256,.T.);
#6579=ORIENTED_EDGE('',*,*,#5258,.F.);
#6580=ORIENTED_EDGE('',*,*,#5251,.F.);
#6581=ORIENTED_EDGE('',*,*,#5259,.T.);
#6582=ORIENTED_EDGE('',*,*,#5260,.T.);
#6583=ORIENTED_EDGE('',*,*,#5261,.F.);
#6584=ORIENTED_EDGE('',*,*,#5262,.F.);
#6585=ORIENTED_EDGE('',*,*,#5263,.T.);
#6586=ORIENTED_EDGE('',*,*,#5262,.T.);
#6587=ORIENTED_EDGE('',*,*,#5264,.F.);
#6588=ORIENTED_EDGE('',*,*,#5265,.F.);
#6589=ORIENTED_EDGE('',*,*,#5266,.T.);
#6590=ORIENTED_EDGE('',*,*,#5265,.T.);
#6591=ORIENTED_EDGE('',*,*,#5267,.F.);
#6592=ORIENTED_EDGE('',*,*,#5260,.F.);
#6593=ORIENTED_EDGE('',*,*,#5268,.T.);
#6594=ORIENTED_EDGE('',*,*,#5269,.T.);
#6595=ORIENTED_EDGE('',*,*,#5270,.F.);
#6596=ORIENTED_EDGE('',*,*,#5271,.F.);
#6597=ORIENTED_EDGE('',*,*,#5272,.T.);
#6598=ORIENTED_EDGE('',*,*,#5271,.T.);
#6599=ORIENTED_EDGE('',*,*,#5273,.F.);
#6600=ORIENTED_EDGE('',*,*,#5274,.F.);
#6601=ORIENTED_EDGE('',*,*,#5275,.T.);
#6602=ORIENTED_EDGE('',*,*,#5274,.T.);
#6603=ORIENTED_EDGE('',*,*,#5276,.F.);
#6604=ORIENTED_EDGE('',*,*,#5269,.F.);
#6605=ORIENTED_EDGE('',*,*,#5277,.T.);
#6606=ORIENTED_EDGE('',*,*,#5278,.T.);
#6607=ORIENTED_EDGE('',*,*,#5279,.F.);
#6608=ORIENTED_EDGE('',*,*,#5280,.F.);
#6609=ORIENTED_EDGE('',*,*,#5281,.T.);
#6610=ORIENTED_EDGE('',*,*,#5280,.T.);
#6611=ORIENTED_EDGE('',*,*,#5282,.F.);
#6612=ORIENTED_EDGE('',*,*,#5283,.F.);
#6613=ORIENTED_EDGE('',*,*,#5284,.T.);
#6614=ORIENTED_EDGE('',*,*,#5283,.T.);
#6615=ORIENTED_EDGE('',*,*,#5285,.F.);
#6616=ORIENTED_EDGE('',*,*,#5278,.F.);
#6617=ORIENTED_EDGE('',*,*,#5286,.T.);
#6618=ORIENTED_EDGE('',*,*,#5287,.T.);
#6619=ORIENTED_EDGE('',*,*,#5288,.F.);
#6620=ORIENTED_EDGE('',*,*,#5289,.F.);
#6621=ORIENTED_EDGE('',*,*,#5290,.T.);
#6622=ORIENTED_EDGE('',*,*,#5289,.T.);
#6623=ORIENTED_EDGE('',*,*,#5291,.F.);
#6624=ORIENTED_EDGE('',*,*,#5292,.F.);
#6625=ORIENTED_EDGE('',*,*,#5293,.T.);
#6626=ORIENTED_EDGE('',*,*,#5292,.T.);
#6627=ORIENTED_EDGE('',*,*,#5294,.F.);
#6628=ORIENTED_EDGE('',*,*,#5287,.F.);
#6629=ORIENTED_EDGE('',*,*,#5295,.T.);
#6630=ORIENTED_EDGE('',*,*,#5296,.T.);
#6631=ORIENTED_EDGE('',*,*,#5297,.F.);
#6632=ORIENTED_EDGE('',*,*,#5298,.F.);
#6633=ORIENTED_EDGE('',*,*,#5299,.T.);
#6634=ORIENTED_EDGE('',*,*,#5298,.T.);
#6635=ORIENTED_EDGE('',*,*,#5300,.F.);
#6636=ORIENTED_EDGE('',*,*,#5301,.F.);
#6637=ORIENTED_EDGE('',*,*,#5302,.T.);
#6638=ORIENTED_EDGE('',*,*,#5301,.T.);
#6639=ORIENTED_EDGE('',*,*,#5303,.F.);
#6640=ORIENTED_EDGE('',*,*,#5296,.F.);
#6641=ORIENTED_EDGE('',*,*,#5304,.T.);
#6642=ORIENTED_EDGE('',*,*,#5305,.T.);
#6643=ORIENTED_EDGE('',*,*,#5306,.F.);
#6644=ORIENTED_EDGE('',*,*,#5307,.F.);
#6645=ORIENTED_EDGE('',*,*,#5308,.T.);
#6646=ORIENTED_EDGE('',*,*,#5307,.T.);
#6647=ORIENTED_EDGE('',*,*,#5309,.F.);
#6648=ORIENTED_EDGE('',*,*,#5310,.F.);
#6649=ORIENTED_EDGE('',*,*,#5311,.T.);
#6650=ORIENTED_EDGE('',*,*,#5310,.T.);
#6651=ORIENTED_EDGE('',*,*,#5312,.F.);
#6652=ORIENTED_EDGE('',*,*,#5305,.F.);
#6653=ORIENTED_EDGE('',*,*,#5313,.T.);
#6654=ORIENTED_EDGE('',*,*,#5314,.T.);
#6655=ORIENTED_EDGE('',*,*,#5315,.F.);
#6656=ORIENTED_EDGE('',*,*,#5316,.F.);
#6657=ORIENTED_EDGE('',*,*,#5317,.T.);
#6658=ORIENTED_EDGE('',*,*,#5316,.T.);
#6659=ORIENTED_EDGE('',*,*,#5318,.F.);
#6660=ORIENTED_EDGE('',*,*,#5319,.F.);
#6661=ORIENTED_EDGE('',*,*,#5320,.T.);
#6662=ORIENTED_EDGE('',*,*,#5319,.T.);
#6663=ORIENTED_EDGE('',*,*,#5321,.F.);
#6664=ORIENTED_EDGE('',*,*,#5314,.F.);
#6665=ORIENTED_EDGE('',*,*,#5322,.T.);
#6666=ORIENTED_EDGE('',*,*,#5323,.T.);
#6667=ORIENTED_EDGE('',*,*,#5324,.F.);
#6668=ORIENTED_EDGE('',*,*,#5325,.F.);
#6669=ORIENTED_EDGE('',*,*,#5326,.T.);
#6670=ORIENTED_EDGE('',*,*,#5325,.T.);
#6671=ORIENTED_EDGE('',*,*,#5327,.F.);
#6672=ORIENTED_EDGE('',*,*,#5328,.F.);
#6673=ORIENTED_EDGE('',*,*,#5329,.T.);
#6674=ORIENTED_EDGE('',*,*,#5328,.T.);
#6675=ORIENTED_EDGE('',*,*,#5330,.F.);
#6676=ORIENTED_EDGE('',*,*,#5323,.F.);
#6677=ORIENTED_EDGE('',*,*,#5331,.T.);
#6678=ORIENTED_EDGE('',*,*,#5332,.T.);
#6679=ORIENTED_EDGE('',*,*,#5333,.F.);
#6680=ORIENTED_EDGE('',*,*,#5334,.F.);
#6681=ORIENTED_EDGE('',*,*,#5335,.T.);
#6682=ORIENTED_EDGE('',*,*,#5334,.T.);
#6683=ORIENTED_EDGE('',*,*,#5336,.F.);
#6684=ORIENTED_EDGE('',*,*,#5337,.F.);
#6685=ORIENTED_EDGE('',*,*,#5338,.T.);
#6686=ORIENTED_EDGE('',*,*,#5337,.T.);
#6687=ORIENTED_EDGE('',*,*,#5339,.F.);
#6688=ORIENTED_EDGE('',*,*,#5332,.F.);
#6689=ORIENTED_EDGE('',*,*,#5340,.T.);
#6690=ORIENTED_EDGE('',*,*,#5341,.T.);
#6691=ORIENTED_EDGE('',*,*,#5342,.F.);
#6692=ORIENTED_EDGE('',*,*,#5343,.F.);
#6693=ORIENTED_EDGE('',*,*,#5344,.T.);
#6694=ORIENTED_EDGE('',*,*,#5343,.T.);
#6695=ORIENTED_EDGE('',*,*,#5345,.F.);
#6696=ORIENTED_EDGE('',*,*,#5346,.F.);
#6697=ORIENTED_EDGE('',*,*,#5347,.T.);
#6698=ORIENTED_EDGE('',*,*,#5346,.T.);
#6699=ORIENTED_EDGE('',*,*,#5348,.F.);
#6700=ORIENTED_EDGE('',*,*,#5341,.F.);
#6701=ORIENTED_EDGE('',*,*,#5349,.T.);
#6702=ORIENTED_EDGE('',*,*,#5350,.T.);
#6703=ORIENTED_EDGE('',*,*,#5351,.F.);
#6704=ORIENTED_EDGE('',*,*,#5352,.F.);
#6705=ORIENTED_EDGE('',*,*,#5353,.T.);
#6706=ORIENTED_EDGE('',*,*,#5352,.T.);
#6707=ORIENTED_EDGE('',*,*,#5354,.F.);
#6708=ORIENTED_EDGE('',*,*,#5355,.F.);
#6709=ORIENTED_EDGE('',*,*,#5356,.T.);
#6710=ORIENTED_EDGE('',*,*,#5355,.T.);
#6711=ORIENTED_EDGE('',*,*,#5357,.F.);
#6712=ORIENTED_EDGE('',*,*,#5350,.F.);
#6713=ORIENTED_EDGE('',*,*,#5358,.T.);
#6714=ORIENTED_EDGE('',*,*,#5359,.T.);
#6715=ORIENTED_EDGE('',*,*,#5360,.F.);
#6716=ORIENTED_EDGE('',*,*,#5361,.F.);
#6717=ORIENTED_EDGE('',*,*,#5362,.T.);
#6718=ORIENTED_EDGE('',*,*,#5361,.T.);
#6719=ORIENTED_EDGE('',*,*,#5363,.F.);
#6720=ORIENTED_EDGE('',*,*,#5364,.F.);
#6721=ORIENTED_EDGE('',*,*,#5365,.T.);
#6722=ORIENTED_EDGE('',*,*,#5364,.T.);
#6723=ORIENTED_EDGE('',*,*,#5366,.F.);
#6724=ORIENTED_EDGE('',*,*,#5359,.F.);
#6725=ORIENTED_EDGE('',*,*,#5367,.T.);
#6726=ORIENTED_EDGE('',*,*,#5368,.T.);
#6727=ORIENTED_EDGE('',*,*,#5369,.F.);
#6728=ORIENTED_EDGE('',*,*,#5370,.F.);
#6729=ORIENTED_EDGE('',*,*,#5371,.T.);
#6730=ORIENTED_EDGE('',*,*,#5370,.T.);
#6731=ORIENTED_EDGE('',*,*,#5372,.F.);
#6732=ORIENTED_EDGE('',*,*,#5373,.F.);
#6733=ORIENTED_EDGE('',*,*,#5374,.T.);
#6734=ORIENTED_EDGE('',*,*,#5373,.T.);
#6735=ORIENTED_EDGE('',*,*,#5375,.F.);
#6736=ORIENTED_EDGE('',*,*,#5368,.F.);
#6737=ORIENTED_EDGE('',*,*,#5376,.T.);
#6738=ORIENTED_EDGE('',*,*,#5377,.T.);
#6739=ORIENTED_EDGE('',*,*,#5378,.F.);
#6740=ORIENTED_EDGE('',*,*,#5379,.F.);
#6741=ORIENTED_EDGE('',*,*,#5380,.T.);
#6742=ORIENTED_EDGE('',*,*,#5379,.T.);
#6743=ORIENTED_EDGE('',*,*,#5381,.F.);
#6744=ORIENTED_EDGE('',*,*,#5382,.F.);
#6745=ORIENTED_EDGE('',*,*,#5383,.T.);
#6746=ORIENTED_EDGE('',*,*,#5382,.T.);
#6747=ORIENTED_EDGE('',*,*,#5384,.F.);
#6748=ORIENTED_EDGE('',*,*,#5377,.F.);
#6749=ORIENTED_EDGE('',*,*,#5385,.T.);
#6750=ORIENTED_EDGE('',*,*,#5386,.T.);
#6751=ORIENTED_EDGE('',*,*,#5387,.F.);
#6752=ORIENTED_EDGE('',*,*,#5388,.F.);
#6753=ORIENTED_EDGE('',*,*,#5389,.T.);
#6754=ORIENTED_EDGE('',*,*,#5388,.T.);
#6755=ORIENTED_EDGE('',*,*,#5390,.F.);
#6756=ORIENTED_EDGE('',*,*,#5391,.F.);
#6757=ORIENTED_EDGE('',*,*,#5392,.T.);
#6758=ORIENTED_EDGE('',*,*,#5391,.T.);
#6759=ORIENTED_EDGE('',*,*,#5393,.F.);
#6760=ORIENTED_EDGE('',*,*,#5386,.F.);
#6761=ORIENTED_EDGE('',*,*,#5394,.T.);
#6762=ORIENTED_EDGE('',*,*,#5395,.T.);
#6763=ORIENTED_EDGE('',*,*,#5396,.F.);
#6764=ORIENTED_EDGE('',*,*,#5397,.F.);
#6765=ORIENTED_EDGE('',*,*,#5398,.T.);
#6766=ORIENTED_EDGE('',*,*,#5397,.T.);
#6767=ORIENTED_EDGE('',*,*,#5399,.F.);
#6768=ORIENTED_EDGE('',*,*,#5400,.F.);
#6769=ORIENTED_EDGE('',*,*,#5401,.T.);
#6770=ORIENTED_EDGE('',*,*,#5400,.T.);
#6771=ORIENTED_EDGE('',*,*,#5402,.F.);
#6772=ORIENTED_EDGE('',*,*,#5395,.F.);
#6773=ORIENTED_EDGE('',*,*,#5403,.T.);
#6774=ORIENTED_EDGE('',*,*,#5404,.T.);
#6775=ORIENTED_EDGE('',*,*,#5405,.F.);
#6776=ORIENTED_EDGE('',*,*,#5406,.F.);
#6777=ORIENTED_EDGE('',*,*,#5407,.T.);
#6778=ORIENTED_EDGE('',*,*,#5406,.T.);
#6779=ORIENTED_EDGE('',*,*,#5408,.F.);
#6780=ORIENTED_EDGE('',*,*,#5409,.F.);
#6781=ORIENTED_EDGE('',*,*,#5410,.T.);
#6782=ORIENTED_EDGE('',*,*,#5409,.T.);
#6783=ORIENTED_EDGE('',*,*,#5411,.F.);
#6784=ORIENTED_EDGE('',*,*,#5404,.F.);
#6785=ORIENTED_EDGE('',*,*,#5412,.T.);
#6786=ORIENTED_EDGE('',*,*,#5413,.T.);
#6787=ORIENTED_EDGE('',*,*,#5414,.F.);
#6788=ORIENTED_EDGE('',*,*,#5415,.F.);
#6789=ORIENTED_EDGE('',*,*,#5416,.T.);
#6790=ORIENTED_EDGE('',*,*,#5415,.T.);
#6791=ORIENTED_EDGE('',*,*,#5417,.F.);
#6792=ORIENTED_EDGE('',*,*,#5418,.F.);
#6793=ORIENTED_EDGE('',*,*,#5419,.T.);
#6794=ORIENTED_EDGE('',*,*,#5418,.T.);
#6795=ORIENTED_EDGE('',*,*,#5420,.F.);
#6796=ORIENTED_EDGE('',*,*,#5413,.F.);
#6797=ORIENTED_EDGE('',*,*,#5421,.T.);
#6798=ORIENTED_EDGE('',*,*,#5422,.T.);
#6799=ORIENTED_EDGE('',*,*,#5423,.F.);
#6800=ORIENTED_EDGE('',*,*,#5424,.F.);
#6801=ORIENTED_EDGE('',*,*,#5425,.T.);
#6802=ORIENTED_EDGE('',*,*,#5424,.T.);
#6803=ORIENTED_EDGE('',*,*,#5426,.F.);
#6804=ORIENTED_EDGE('',*,*,#5427,.F.);
#6805=ORIENTED_EDGE('',*,*,#5428,.T.);
#6806=ORIENTED_EDGE('',*,*,#5427,.T.);
#6807=ORIENTED_EDGE('',*,*,#5429,.F.);
#6808=ORIENTED_EDGE('',*,*,#5422,.F.);
#6809=ORIENTED_EDGE('',*,*,#5430,.T.);
#6810=ORIENTED_EDGE('',*,*,#5431,.T.);
#6811=ORIENTED_EDGE('',*,*,#5432,.F.);
#6812=ORIENTED_EDGE('',*,*,#5433,.F.);
#6813=ORIENTED_EDGE('',*,*,#5434,.T.);
#6814=ORIENTED_EDGE('',*,*,#5433,.T.);
#6815=ORIENTED_EDGE('',*,*,#5435,.F.);
#6816=ORIENTED_EDGE('',*,*,#5436,.F.);
#6817=ORIENTED_EDGE('',*,*,#5437,.T.);
#6818=ORIENTED_EDGE('',*,*,#5436,.T.);
#6819=ORIENTED_EDGE('',*,*,#5438,.F.);
#6820=ORIENTED_EDGE('',*,*,#5431,.F.);
#6821=ORIENTED_EDGE('',*,*,#5439,.T.);
#6822=ORIENTED_EDGE('',*,*,#5440,.T.);
#6823=ORIENTED_EDGE('',*,*,#5441,.F.);
#6824=ORIENTED_EDGE('',*,*,#5442,.F.);
#6825=ORIENTED_EDGE('',*,*,#5443,.T.);
#6826=ORIENTED_EDGE('',*,*,#5442,.T.);
#6827=ORIENTED_EDGE('',*,*,#5444,.F.);
#6828=ORIENTED_EDGE('',*,*,#5445,.F.);
#6829=ORIENTED_EDGE('',*,*,#5446,.T.);
#6830=ORIENTED_EDGE('',*,*,#5445,.T.);
#6831=ORIENTED_EDGE('',*,*,#5447,.F.);
#6832=ORIENTED_EDGE('',*,*,#5440,.F.);
#6833=ORIENTED_EDGE('',*,*,#5448,.T.);
#6834=ORIENTED_EDGE('',*,*,#5449,.T.);
#6835=ORIENTED_EDGE('',*,*,#5450,.F.);
#6836=ORIENTED_EDGE('',*,*,#5451,.F.);
#6837=ORIENTED_EDGE('',*,*,#5452,.T.);
#6838=ORIENTED_EDGE('',*,*,#5451,.T.);
#6839=ORIENTED_EDGE('',*,*,#5453,.F.);
#6840=ORIENTED_EDGE('',*,*,#5454,.F.);
#6841=ORIENTED_EDGE('',*,*,#5455,.T.);
#6842=ORIENTED_EDGE('',*,*,#5454,.T.);
#6843=ORIENTED_EDGE('',*,*,#5456,.F.);
#6844=ORIENTED_EDGE('',*,*,#5449,.F.);
#6845=ORIENTED_EDGE('',*,*,#5457,.T.);
#6846=ORIENTED_EDGE('',*,*,#5458,.T.);
#6847=ORIENTED_EDGE('',*,*,#5459,.F.);
#6848=ORIENTED_EDGE('',*,*,#5460,.F.);
#6849=ORIENTED_EDGE('',*,*,#5461,.T.);
#6850=ORIENTED_EDGE('',*,*,#5460,.T.);
#6851=ORIENTED_EDGE('',*,*,#5462,.F.);
#6852=ORIENTED_EDGE('',*,*,#5463,.F.);
#6853=ORIENTED_EDGE('',*,*,#5464,.T.);
#6854=ORIENTED_EDGE('',*,*,#5463,.T.);
#6855=ORIENTED_EDGE('',*,*,#5465,.F.);
#6856=ORIENTED_EDGE('',*,*,#5458,.F.);
#6857=ORIENTED_EDGE('',*,*,#5466,.T.);
#6858=ORIENTED_EDGE('',*,*,#5467,.T.);
#6859=ORIENTED_EDGE('',*,*,#5468,.F.);
#6860=ORIENTED_EDGE('',*,*,#5469,.F.);
#6861=ORIENTED_EDGE('',*,*,#5470,.T.);
#6862=ORIENTED_EDGE('',*,*,#5469,.T.);
#6863=ORIENTED_EDGE('',*,*,#5471,.F.);
#6864=ORIENTED_EDGE('',*,*,#5472,.F.);
#6865=ORIENTED_EDGE('',*,*,#5473,.T.);
#6866=ORIENTED_EDGE('',*,*,#5472,.T.);
#6867=ORIENTED_EDGE('',*,*,#5474,.F.);
#6868=ORIENTED_EDGE('',*,*,#5467,.F.);
#6869=ORIENTED_EDGE('',*,*,#5475,.T.);
#6870=ORIENTED_EDGE('',*,*,#5476,.T.);
#6871=ORIENTED_EDGE('',*,*,#5477,.F.);
#6872=ORIENTED_EDGE('',*,*,#5478,.F.);
#6873=ORIENTED_EDGE('',*,*,#5479,.T.);
#6874=ORIENTED_EDGE('',*,*,#5478,.T.);
#6875=ORIENTED_EDGE('',*,*,#5480,.F.);
#6876=ORIENTED_EDGE('',*,*,#5481,.F.);
#6877=ORIENTED_EDGE('',*,*,#5482,.T.);
#6878=ORIENTED_EDGE('',*,*,#5481,.T.);
#6879=ORIENTED_EDGE('',*,*,#5483,.F.);
#6880=ORIENTED_EDGE('',*,*,#5476,.F.);
#6881=ORIENTED_EDGE('',*,*,#5484,.T.);
#6882=ORIENTED_EDGE('',*,*,#5485,.T.);
#6883=ORIENTED_EDGE('',*,*,#5486,.F.);
#6884=ORIENTED_EDGE('',*,*,#5487,.F.);
#6885=ORIENTED_EDGE('',*,*,#5488,.T.);
#6886=ORIENTED_EDGE('',*,*,#5487,.T.);
#6887=ORIENTED_EDGE('',*,*,#5489,.F.);
#6888=ORIENTED_EDGE('',*,*,#5490,.F.);
#6889=ORIENTED_EDGE('',*,*,#5491,.T.);
#6890=ORIENTED_EDGE('',*,*,#5490,.T.);
#6891=ORIENTED_EDGE('',*,*,#5492,.F.);
#6892=ORIENTED_EDGE('',*,*,#5485,.F.);
#6893=ORIENTED_EDGE('',*,*,#5493,.T.);
#6894=ORIENTED_EDGE('',*,*,#5494,.T.);
#6895=ORIENTED_EDGE('',*,*,#5495,.F.);
#6896=ORIENTED_EDGE('',*,*,#5496,.F.);
#6897=ORIENTED_EDGE('',*,*,#5497,.T.);
#6898=ORIENTED_EDGE('',*,*,#5496,.T.);
#6899=ORIENTED_EDGE('',*,*,#5498,.F.);
#6900=ORIENTED_EDGE('',*,*,#5499,.F.);
#6901=ORIENTED_EDGE('',*,*,#5500,.T.);
#6902=ORIENTED_EDGE('',*,*,#5499,.T.);
#6903=ORIENTED_EDGE('',*,*,#5501,.F.);
#6904=ORIENTED_EDGE('',*,*,#5494,.F.);
#6905=ORIENTED_EDGE('',*,*,#5502,.T.);
#6906=ORIENTED_EDGE('',*,*,#5503,.T.);
#6907=ORIENTED_EDGE('',*,*,#5504,.F.);
#6908=ORIENTED_EDGE('',*,*,#5505,.F.);
#6909=ORIENTED_EDGE('',*,*,#5506,.T.);
#6910=ORIENTED_EDGE('',*,*,#5505,.T.);
#6911=ORIENTED_EDGE('',*,*,#5507,.F.);
#6912=ORIENTED_EDGE('',*,*,#5508,.F.);
#6913=ORIENTED_EDGE('',*,*,#5509,.T.);
#6914=ORIENTED_EDGE('',*,*,#5508,.T.);
#6915=ORIENTED_EDGE('',*,*,#5510,.F.);
#6916=ORIENTED_EDGE('',*,*,#5503,.F.);
#6917=ORIENTED_EDGE('',*,*,#5511,.T.);
#6918=ORIENTED_EDGE('',*,*,#5512,.T.);
#6919=ORIENTED_EDGE('',*,*,#5513,.F.);
#6920=ORIENTED_EDGE('',*,*,#5514,.F.);
#6921=ORIENTED_EDGE('',*,*,#5515,.T.);
#6922=ORIENTED_EDGE('',*,*,#5514,.T.);
#6923=ORIENTED_EDGE('',*,*,#5516,.F.);
#6924=ORIENTED_EDGE('',*,*,#5517,.F.);
#6925=ORIENTED_EDGE('',*,*,#5518,.T.);
#6926=ORIENTED_EDGE('',*,*,#5517,.T.);
#6927=ORIENTED_EDGE('',*,*,#5519,.F.);
#6928=ORIENTED_EDGE('',*,*,#5512,.F.);
#6929=ORIENTED_EDGE('',*,*,#5520,.T.);
#6930=ORIENTED_EDGE('',*,*,#5521,.T.);
#6931=ORIENTED_EDGE('',*,*,#5522,.F.);
#6932=ORIENTED_EDGE('',*,*,#5523,.F.);
#6933=ORIENTED_EDGE('',*,*,#5524,.T.);
#6934=ORIENTED_EDGE('',*,*,#5523,.T.);
#6935=ORIENTED_EDGE('',*,*,#5525,.F.);
#6936=ORIENTED_EDGE('',*,*,#5526,.F.);
#6937=ORIENTED_EDGE('',*,*,#5527,.T.);
#6938=ORIENTED_EDGE('',*,*,#5526,.T.);
#6939=ORIENTED_EDGE('',*,*,#5528,.F.);
#6940=ORIENTED_EDGE('',*,*,#5521,.F.);
#6941=ORIENTED_EDGE('',*,*,#5529,.T.);
#6942=ORIENTED_EDGE('',*,*,#5530,.T.);
#6943=ORIENTED_EDGE('',*,*,#5531,.F.);
#6944=ORIENTED_EDGE('',*,*,#5532,.F.);
#6945=ORIENTED_EDGE('',*,*,#5533,.T.);
#6946=ORIENTED_EDGE('',*,*,#5532,.T.);
#6947=ORIENTED_EDGE('',*,*,#5534,.F.);
#6948=ORIENTED_EDGE('',*,*,#5535,.F.);
#6949=ORIENTED_EDGE('',*,*,#5536,.T.);
#6950=ORIENTED_EDGE('',*,*,#5535,.T.);
#6951=ORIENTED_EDGE('',*,*,#5537,.F.);
#6952=ORIENTED_EDGE('',*,*,#5530,.F.);
#6953=ORIENTED_EDGE('',*,*,#5538,.T.);
#6954=ORIENTED_EDGE('',*,*,#5539,.T.);
#6955=ORIENTED_EDGE('',*,*,#5540,.F.);
#6956=ORIENTED_EDGE('',*,*,#5541,.F.);
#6957=ORIENTED_EDGE('',*,*,#5542,.T.);
#6958=ORIENTED_EDGE('',*,*,#5541,.T.);
#6959=ORIENTED_EDGE('',*,*,#5543,.F.);
#6960=ORIENTED_EDGE('',*,*,#5544,.F.);
#6961=ORIENTED_EDGE('',*,*,#5545,.T.);
#6962=ORIENTED_EDGE('',*,*,#5544,.T.);
#6963=ORIENTED_EDGE('',*,*,#5546,.F.);
#6964=ORIENTED_EDGE('',*,*,#5539,.F.);
#6965=ORIENTED_EDGE('',*,*,#5547,.T.);
#6966=ORIENTED_EDGE('',*,*,#5548,.T.);
#6967=ORIENTED_EDGE('',*,*,#5549,.F.);
#6968=ORIENTED_EDGE('',*,*,#5550,.F.);
#6969=ORIENTED_EDGE('',*,*,#5551,.T.);
#6970=ORIENTED_EDGE('',*,*,#5550,.T.);
#6971=ORIENTED_EDGE('',*,*,#5552,.F.);
#6972=ORIENTED_EDGE('',*,*,#5553,.F.);
#6973=ORIENTED_EDGE('',*,*,#5554,.T.);
#6974=ORIENTED_EDGE('',*,*,#5553,.T.);
#6975=ORIENTED_EDGE('',*,*,#5555,.F.);
#6976=ORIENTED_EDGE('',*,*,#5548,.F.);
#6977=ORIENTED_EDGE('',*,*,#5556,.T.);
#6978=ORIENTED_EDGE('',*,*,#5557,.T.);
#6979=ORIENTED_EDGE('',*,*,#5558,.F.);
#6980=ORIENTED_EDGE('',*,*,#5559,.F.);
#6981=ORIENTED_EDGE('',*,*,#5560,.T.);
#6982=ORIENTED_EDGE('',*,*,#5559,.T.);
#6983=ORIENTED_EDGE('',*,*,#5561,.F.);
#6984=ORIENTED_EDGE('',*,*,#5562,.F.);
#6985=ORIENTED_EDGE('',*,*,#5563,.T.);
#6986=ORIENTED_EDGE('',*,*,#5562,.T.);
#6987=ORIENTED_EDGE('',*,*,#5564,.F.);
#6988=ORIENTED_EDGE('',*,*,#5557,.F.);
#6989=ORIENTED_EDGE('',*,*,#5565,.T.);
#6990=ORIENTED_EDGE('',*,*,#5566,.T.);
#6991=ORIENTED_EDGE('',*,*,#5567,.F.);
#6992=ORIENTED_EDGE('',*,*,#5568,.F.);
#6993=ORIENTED_EDGE('',*,*,#5569,.T.);
#6994=ORIENTED_EDGE('',*,*,#5568,.T.);
#6995=ORIENTED_EDGE('',*,*,#5570,.F.);
#6996=ORIENTED_EDGE('',*,*,#5571,.F.);
#6997=ORIENTED_EDGE('',*,*,#5572,.T.);
#6998=ORIENTED_EDGE('',*,*,#5571,.T.);
#6999=ORIENTED_EDGE('',*,*,#5573,.F.);
#7000=ORIENTED_EDGE('',*,*,#5566,.F.);
#7001=ORIENTED_EDGE('',*,*,#5574,.T.);
#7002=ORIENTED_EDGE('',*,*,#5575,.T.);
#7003=ORIENTED_EDGE('',*,*,#5576,.F.);
#7004=ORIENTED_EDGE('',*,*,#5577,.F.);
#7005=ORIENTED_EDGE('',*,*,#5578,.T.);
#7006=ORIENTED_EDGE('',*,*,#5577,.T.);
#7007=ORIENTED_EDGE('',*,*,#5579,.F.);
#7008=ORIENTED_EDGE('',*,*,#5580,.F.);
#7009=ORIENTED_EDGE('',*,*,#5581,.T.);
#7010=ORIENTED_EDGE('',*,*,#5580,.T.);
#7011=ORIENTED_EDGE('',*,*,#5582,.F.);
#7012=ORIENTED_EDGE('',*,*,#5575,.F.);
#7013=ORIENTED_EDGE('',*,*,#5583,.T.);
#7014=ORIENTED_EDGE('',*,*,#5584,.T.);
#7015=ORIENTED_EDGE('',*,*,#5585,.F.);
#7016=ORIENTED_EDGE('',*,*,#5586,.F.);
#7017=ORIENTED_EDGE('',*,*,#5587,.T.);
#7018=ORIENTED_EDGE('',*,*,#5586,.T.);
#7019=ORIENTED_EDGE('',*,*,#5588,.F.);
#7020=ORIENTED_EDGE('',*,*,#5589,.F.);
#7021=ORIENTED_EDGE('',*,*,#5590,.T.);
#7022=ORIENTED_EDGE('',*,*,#5589,.T.);
#7023=ORIENTED_EDGE('',*,*,#5591,.F.);
#7024=ORIENTED_EDGE('',*,*,#5584,.F.);
#7025=ORIENTED_EDGE('',*,*,#5592,.T.);
#7026=ORIENTED_EDGE('',*,*,#5593,.T.);
#7027=ORIENTED_EDGE('',*,*,#5594,.F.);
#7028=ORIENTED_EDGE('',*,*,#5595,.F.);
#7029=ORIENTED_EDGE('',*,*,#5596,.T.);
#7030=ORIENTED_EDGE('',*,*,#5595,.T.);
#7031=ORIENTED_EDGE('',*,*,#5597,.F.);
#7032=ORIENTED_EDGE('',*,*,#5598,.F.);
#7033=ORIENTED_EDGE('',*,*,#5599,.T.);
#7034=ORIENTED_EDGE('',*,*,#5598,.T.);
#7035=ORIENTED_EDGE('',*,*,#5600,.F.);
#7036=ORIENTED_EDGE('',*,*,#5593,.F.);
#7037=ORIENTED_EDGE('',*,*,#5601,.T.);
#7038=ORIENTED_EDGE('',*,*,#5602,.T.);
#7039=ORIENTED_EDGE('',*,*,#5603,.F.);
#7040=ORIENTED_EDGE('',*,*,#5604,.F.);
#7041=ORIENTED_EDGE('',*,*,#5605,.T.);
#7042=ORIENTED_EDGE('',*,*,#5604,.T.);
#7043=ORIENTED_EDGE('',*,*,#5606,.F.);
#7044=ORIENTED_EDGE('',*,*,#5607,.F.);
#7045=ORIENTED_EDGE('',*,*,#5608,.T.);
#7046=ORIENTED_EDGE('',*,*,#5607,.T.);
#7047=ORIENTED_EDGE('',*,*,#5609,.F.);
#7048=ORIENTED_EDGE('',*,*,#5602,.F.);
#7049=ORIENTED_EDGE('',*,*,#5610,.T.);
#7050=ORIENTED_EDGE('',*,*,#5611,.T.);
#7051=ORIENTED_EDGE('',*,*,#5612,.F.);
#7052=ORIENTED_EDGE('',*,*,#5613,.F.);
#7053=ORIENTED_EDGE('',*,*,#5614,.T.);
#7054=ORIENTED_EDGE('',*,*,#5613,.T.);
#7055=ORIENTED_EDGE('',*,*,#5615,.F.);
#7056=ORIENTED_EDGE('',*,*,#5616,.F.);
#7057=ORIENTED_EDGE('',*,*,#5617,.T.);
#7058=ORIENTED_EDGE('',*,*,#5616,.T.);
#7059=ORIENTED_EDGE('',*,*,#5618,.F.);
#7060=ORIENTED_EDGE('',*,*,#5611,.F.);
#7061=ORIENTED_EDGE('',*,*,#5619,.F.);
#7062=ORIENTED_EDGE('',*,*,#5620,.T.);
#7063=ORIENTED_EDGE('',*,*,#5621,.T.);
#7064=ORIENTED_EDGE('',*,*,#5620,.F.);
#7065=ORIENTED_EDGE('',*,*,#5622,.T.);
#7066=ORIENTED_EDGE('',*,*,#5623,.T.);
#7067=ORIENTED_EDGE('',*,*,#5624,.F.);
#7068=ORIENTED_EDGE('',*,*,#5625,.F.);
#7069=ORIENTED_EDGE('',*,*,#5626,.T.);
#7070=ORIENTED_EDGE('',*,*,#5625,.T.);
#7071=ORIENTED_EDGE('',*,*,#5627,.F.);
#7072=ORIENTED_EDGE('',*,*,#5628,.F.);
#7073=ORIENTED_EDGE('',*,*,#5629,.T.);
#7074=ORIENTED_EDGE('',*,*,#5628,.T.);
#7075=ORIENTED_EDGE('',*,*,#5630,.F.);
#7076=ORIENTED_EDGE('',*,*,#5623,.F.);
#7077=ORIENTED_EDGE('',*,*,#5631,.T.);
#7078=ORIENTED_EDGE('',*,*,#5632,.T.);
#7079=ORIENTED_EDGE('',*,*,#5633,.F.);
#7080=ORIENTED_EDGE('',*,*,#5634,.F.);
#7081=ORIENTED_EDGE('',*,*,#5635,.T.);
#7082=ORIENTED_EDGE('',*,*,#5634,.T.);
#7083=ORIENTED_EDGE('',*,*,#5636,.F.);
#7084=ORIENTED_EDGE('',*,*,#5637,.F.);
#7085=ORIENTED_EDGE('',*,*,#5638,.T.);
#7086=ORIENTED_EDGE('',*,*,#5637,.T.);
#7087=ORIENTED_EDGE('',*,*,#5639,.F.);
#7088=ORIENTED_EDGE('',*,*,#5632,.F.);
#7089=ORIENTED_EDGE('',*,*,#5640,.T.);
#7090=ORIENTED_EDGE('',*,*,#5641,.T.);
#7091=ORIENTED_EDGE('',*,*,#5642,.F.);
#7092=ORIENTED_EDGE('',*,*,#5643,.F.);
#7093=ORIENTED_EDGE('',*,*,#5644,.T.);
#7094=ORIENTED_EDGE('',*,*,#5643,.T.);
#7095=ORIENTED_EDGE('',*,*,#5645,.F.);
#7096=ORIENTED_EDGE('',*,*,#5646,.F.);
#7097=ORIENTED_EDGE('',*,*,#5647,.T.);
#7098=ORIENTED_EDGE('',*,*,#5646,.T.);
#7099=ORIENTED_EDGE('',*,*,#5648,.F.);
#7100=ORIENTED_EDGE('',*,*,#5641,.F.);
#7101=ORIENTED_EDGE('',*,*,#5649,.T.);
#7102=ORIENTED_EDGE('',*,*,#5650,.T.);
#7103=ORIENTED_EDGE('',*,*,#5651,.F.);
#7104=ORIENTED_EDGE('',*,*,#5652,.F.);
#7105=ORIENTED_EDGE('',*,*,#5653,.T.);
#7106=ORIENTED_EDGE('',*,*,#5652,.T.);
#7107=ORIENTED_EDGE('',*,*,#5654,.F.);
#7108=ORIENTED_EDGE('',*,*,#5655,.F.);
#7109=ORIENTED_EDGE('',*,*,#5656,.T.);
#7110=ORIENTED_EDGE('',*,*,#5655,.T.);
#7111=ORIENTED_EDGE('',*,*,#5657,.F.);
#7112=ORIENTED_EDGE('',*,*,#5650,.F.);
#7113=ORIENTED_EDGE('',*,*,#5658,.T.);
#7114=ORIENTED_EDGE('',*,*,#5659,.T.);
#7115=ORIENTED_EDGE('',*,*,#5660,.F.);
#7116=ORIENTED_EDGE('',*,*,#5661,.F.);
#7117=ORIENTED_EDGE('',*,*,#5662,.T.);
#7118=ORIENTED_EDGE('',*,*,#5661,.T.);
#7119=ORIENTED_EDGE('',*,*,#5663,.F.);
#7120=ORIENTED_EDGE('',*,*,#5664,.F.);
#7121=ORIENTED_EDGE('',*,*,#5665,.T.);
#7122=ORIENTED_EDGE('',*,*,#5664,.T.);
#7123=ORIENTED_EDGE('',*,*,#5666,.F.);
#7124=ORIENTED_EDGE('',*,*,#5659,.F.);
#7125=ORIENTED_EDGE('',*,*,#5667,.T.);
#7126=ORIENTED_EDGE('',*,*,#5668,.T.);
#7127=ORIENTED_EDGE('',*,*,#5669,.F.);
#7128=ORIENTED_EDGE('',*,*,#5670,.F.);
#7129=ORIENTED_EDGE('',*,*,#5671,.T.);
#7130=ORIENTED_EDGE('',*,*,#5670,.T.);
#7131=ORIENTED_EDGE('',*,*,#5672,.F.);
#7132=ORIENTED_EDGE('',*,*,#5673,.F.);
#7133=ORIENTED_EDGE('',*,*,#5674,.T.);
#7134=ORIENTED_EDGE('',*,*,#5673,.T.);
#7135=ORIENTED_EDGE('',*,*,#5675,.F.);
#7136=ORIENTED_EDGE('',*,*,#5668,.F.);
#7137=ORIENTED_EDGE('',*,*,#5676,.T.);
#7138=ORIENTED_EDGE('',*,*,#5677,.T.);
#7139=ORIENTED_EDGE('',*,*,#5678,.F.);
#7140=ORIENTED_EDGE('',*,*,#5679,.F.);
#7141=ORIENTED_EDGE('',*,*,#5680,.T.);
#7142=ORIENTED_EDGE('',*,*,#5679,.T.);
#7143=ORIENTED_EDGE('',*,*,#5681,.F.);
#7144=ORIENTED_EDGE('',*,*,#5682,.F.);
#7145=ORIENTED_EDGE('',*,*,#5683,.T.);
#7146=ORIENTED_EDGE('',*,*,#5682,.T.);
#7147=ORIENTED_EDGE('',*,*,#5684,.F.);
#7148=ORIENTED_EDGE('',*,*,#5677,.F.);
#7149=ORIENTED_EDGE('',*,*,#5685,.T.);
#7150=ORIENTED_EDGE('',*,*,#5686,.T.);
#7151=ORIENTED_EDGE('',*,*,#5687,.F.);
#7152=ORIENTED_EDGE('',*,*,#5688,.F.);
#7153=ORIENTED_EDGE('',*,*,#5689,.T.);
#7154=ORIENTED_EDGE('',*,*,#5688,.T.);
#7155=ORIENTED_EDGE('',*,*,#5690,.F.);
#7156=ORIENTED_EDGE('',*,*,#5691,.F.);
#7157=ORIENTED_EDGE('',*,*,#5692,.T.);
#7158=ORIENTED_EDGE('',*,*,#5691,.T.);
#7159=ORIENTED_EDGE('',*,*,#5693,.F.);
#7160=ORIENTED_EDGE('',*,*,#5686,.F.);
#7161=ORIENTED_EDGE('',*,*,#5694,.T.);
#7162=ORIENTED_EDGE('',*,*,#5695,.T.);
#7163=ORIENTED_EDGE('',*,*,#5696,.F.);
#7164=ORIENTED_EDGE('',*,*,#5697,.F.);
#7165=ORIENTED_EDGE('',*,*,#5698,.T.);
#7166=ORIENTED_EDGE('',*,*,#5697,.T.);
#7167=ORIENTED_EDGE('',*,*,#5699,.F.);
#7168=ORIENTED_EDGE('',*,*,#5700,.F.);
#7169=ORIENTED_EDGE('',*,*,#5701,.T.);
#7170=ORIENTED_EDGE('',*,*,#5700,.T.);
#7171=ORIENTED_EDGE('',*,*,#5702,.F.);
#7172=ORIENTED_EDGE('',*,*,#5695,.F.);
#7173=ORIENTED_EDGE('',*,*,#5703,.T.);
#7174=ORIENTED_EDGE('',*,*,#5704,.T.);
#7175=ORIENTED_EDGE('',*,*,#5705,.F.);
#7176=ORIENTED_EDGE('',*,*,#5706,.F.);
#7177=ORIENTED_EDGE('',*,*,#5707,.T.);
#7178=ORIENTED_EDGE('',*,*,#5706,.T.);
#7179=ORIENTED_EDGE('',*,*,#5708,.F.);
#7180=ORIENTED_EDGE('',*,*,#5709,.F.);
#7181=ORIENTED_EDGE('',*,*,#5710,.T.);
#7182=ORIENTED_EDGE('',*,*,#5709,.T.);
#7183=ORIENTED_EDGE('',*,*,#5711,.F.);
#7184=ORIENTED_EDGE('',*,*,#5704,.F.);
#7185=ORIENTED_EDGE('',*,*,#5712,.T.);
#7186=ORIENTED_EDGE('',*,*,#5713,.T.);
#7187=ORIENTED_EDGE('',*,*,#5714,.F.);
#7188=ORIENTED_EDGE('',*,*,#5715,.F.);
#7189=ORIENTED_EDGE('',*,*,#5716,.T.);
#7190=ORIENTED_EDGE('',*,*,#5715,.T.);
#7191=ORIENTED_EDGE('',*,*,#5717,.F.);
#7192=ORIENTED_EDGE('',*,*,#5718,.F.);
#7193=ORIENTED_EDGE('',*,*,#5719,.T.);
#7194=ORIENTED_EDGE('',*,*,#5718,.T.);
#7195=ORIENTED_EDGE('',*,*,#5720,.F.);
#7196=ORIENTED_EDGE('',*,*,#5713,.F.);
#7197=ORIENTED_EDGE('',*,*,#5721,.T.);
#7198=ORIENTED_EDGE('',*,*,#5722,.T.);
#7199=ORIENTED_EDGE('',*,*,#5723,.F.);
#7200=ORIENTED_EDGE('',*,*,#5724,.F.);
#7201=ORIENTED_EDGE('',*,*,#5725,.T.);
#7202=ORIENTED_EDGE('',*,*,#5724,.T.);
#7203=ORIENTED_EDGE('',*,*,#5726,.F.);
#7204=ORIENTED_EDGE('',*,*,#5727,.F.);
#7205=ORIENTED_EDGE('',*,*,#5728,.T.);
#7206=ORIENTED_EDGE('',*,*,#5727,.T.);
#7207=ORIENTED_EDGE('',*,*,#5729,.F.);
#7208=ORIENTED_EDGE('',*,*,#5722,.F.);
#7209=ORIENTED_EDGE('',*,*,#5730,.T.);
#7210=ORIENTED_EDGE('',*,*,#5731,.T.);
#7211=ORIENTED_EDGE('',*,*,#5732,.F.);
#7212=ORIENTED_EDGE('',*,*,#5733,.F.);
#7213=ORIENTED_EDGE('',*,*,#5734,.T.);
#7214=ORIENTED_EDGE('',*,*,#5733,.T.);
#7215=ORIENTED_EDGE('',*,*,#5735,.F.);
#7216=ORIENTED_EDGE('',*,*,#5736,.F.);
#7217=ORIENTED_EDGE('',*,*,#5737,.T.);
#7218=ORIENTED_EDGE('',*,*,#5736,.T.);
#7219=ORIENTED_EDGE('',*,*,#5738,.F.);
#7220=ORIENTED_EDGE('',*,*,#5731,.F.);
#7221=ORIENTED_EDGE('',*,*,#5739,.T.);
#7222=ORIENTED_EDGE('',*,*,#5740,.T.);
#7223=ORIENTED_EDGE('',*,*,#5741,.F.);
#7224=ORIENTED_EDGE('',*,*,#5742,.F.);
#7225=ORIENTED_EDGE('',*,*,#5743,.T.);
#7226=ORIENTED_EDGE('',*,*,#5742,.T.);
#7227=ORIENTED_EDGE('',*,*,#5744,.F.);
#7228=ORIENTED_EDGE('',*,*,#5745,.F.);
#7229=ORIENTED_EDGE('',*,*,#5746,.T.);
#7230=ORIENTED_EDGE('',*,*,#5745,.T.);
#7231=ORIENTED_EDGE('',*,*,#5747,.F.);
#7232=ORIENTED_EDGE('',*,*,#5740,.F.);
#7233=ORIENTED_EDGE('',*,*,#5748,.T.);
#7234=ORIENTED_EDGE('',*,*,#5749,.T.);
#7235=ORIENTED_EDGE('',*,*,#5750,.F.);
#7236=ORIENTED_EDGE('',*,*,#5751,.F.);
#7237=ORIENTED_EDGE('',*,*,#5752,.T.);
#7238=ORIENTED_EDGE('',*,*,#5751,.T.);
#7239=ORIENTED_EDGE('',*,*,#5753,.F.);
#7240=ORIENTED_EDGE('',*,*,#5754,.F.);
#7241=ORIENTED_EDGE('',*,*,#5755,.T.);
#7242=ORIENTED_EDGE('',*,*,#5754,.T.);
#7243=ORIENTED_EDGE('',*,*,#5756,.F.);
#7244=ORIENTED_EDGE('',*,*,#5749,.F.);
#7245=ORIENTED_EDGE('',*,*,#5757,.T.);
#7246=ORIENTED_EDGE('',*,*,#5758,.T.);
#7247=ORIENTED_EDGE('',*,*,#5759,.F.);
#7248=ORIENTED_EDGE('',*,*,#5760,.F.);
#7249=ORIENTED_EDGE('',*,*,#5761,.T.);
#7250=ORIENTED_EDGE('',*,*,#5760,.T.);
#7251=ORIENTED_EDGE('',*,*,#5762,.F.);
#7252=ORIENTED_EDGE('',*,*,#5763,.F.);
#7253=ORIENTED_EDGE('',*,*,#5764,.T.);
#7254=ORIENTED_EDGE('',*,*,#5763,.T.);
#7255=ORIENTED_EDGE('',*,*,#5765,.F.);
#7256=ORIENTED_EDGE('',*,*,#5758,.F.);
#7257=ORIENTED_EDGE('',*,*,#5766,.T.);
#7258=ORIENTED_EDGE('',*,*,#5767,.T.);
#7259=ORIENTED_EDGE('',*,*,#5768,.F.);
#7260=ORIENTED_EDGE('',*,*,#5769,.F.);
#7261=ORIENTED_EDGE('',*,*,#5770,.T.);
#7262=ORIENTED_EDGE('',*,*,#5769,.T.);
#7263=ORIENTED_EDGE('',*,*,#5771,.F.);
#7264=ORIENTED_EDGE('',*,*,#5772,.F.);
#7265=ORIENTED_EDGE('',*,*,#5773,.T.);
#7266=ORIENTED_EDGE('',*,*,#5772,.T.);
#7267=ORIENTED_EDGE('',*,*,#5774,.F.);
#7268=ORIENTED_EDGE('',*,*,#5767,.F.);
#7269=ORIENTED_EDGE('',*,*,#5775,.T.);
#7270=ORIENTED_EDGE('',*,*,#5776,.T.);
#7271=ORIENTED_EDGE('',*,*,#5777,.F.);
#7272=ORIENTED_EDGE('',*,*,#5778,.F.);
#7273=ORIENTED_EDGE('',*,*,#5779,.T.);
#7274=ORIENTED_EDGE('',*,*,#5778,.T.);
#7275=ORIENTED_EDGE('',*,*,#5780,.F.);
#7276=ORIENTED_EDGE('',*,*,#5781,.F.);
#7277=ORIENTED_EDGE('',*,*,#5782,.T.);
#7278=ORIENTED_EDGE('',*,*,#5781,.T.);
#7279=ORIENTED_EDGE('',*,*,#5783,.F.);
#7280=ORIENTED_EDGE('',*,*,#5776,.F.);
#7281=ORIENTED_EDGE('',*,*,#5784,.T.);
#7282=ORIENTED_EDGE('',*,*,#5785,.T.);
#7283=ORIENTED_EDGE('',*,*,#5786,.F.);
#7284=ORIENTED_EDGE('',*,*,#5787,.F.);
#7285=ORIENTED_EDGE('',*,*,#5788,.T.);
#7286=ORIENTED_EDGE('',*,*,#5787,.T.);
#7287=ORIENTED_EDGE('',*,*,#5789,.F.);
#7288=ORIENTED_EDGE('',*,*,#5790,.F.);
#7289=ORIENTED_EDGE('',*,*,#5791,.T.);
#7290=ORIENTED_EDGE('',*,*,#5790,.T.);
#7291=ORIENTED_EDGE('',*,*,#5792,.F.);
#7292=ORIENTED_EDGE('',*,*,#5785,.F.);
#7293=ORIENTED_EDGE('',*,*,#5793,.T.);
#7294=ORIENTED_EDGE('',*,*,#5794,.T.);
#7295=ORIENTED_EDGE('',*,*,#5795,.F.);
#7296=ORIENTED_EDGE('',*,*,#5796,.F.);
#7297=ORIENTED_EDGE('',*,*,#5797,.T.);
#7298=ORIENTED_EDGE('',*,*,#5796,.T.);
#7299=ORIENTED_EDGE('',*,*,#5798,.F.);
#7300=ORIENTED_EDGE('',*,*,#5799,.F.);
#7301=ORIENTED_EDGE('',*,*,#5800,.T.);
#7302=ORIENTED_EDGE('',*,*,#5799,.T.);
#7303=ORIENTED_EDGE('',*,*,#5801,.F.);
#7304=ORIENTED_EDGE('',*,*,#5794,.F.);
#7305=ORIENTED_EDGE('',*,*,#5802,.T.);
#7306=ORIENTED_EDGE('',*,*,#5803,.T.);
#7307=ORIENTED_EDGE('',*,*,#5804,.F.);
#7308=ORIENTED_EDGE('',*,*,#5805,.F.);
#7309=ORIENTED_EDGE('',*,*,#5806,.T.);
#7310=ORIENTED_EDGE('',*,*,#5805,.T.);
#7311=ORIENTED_EDGE('',*,*,#5807,.F.);
#7312=ORIENTED_EDGE('',*,*,#5808,.F.);
#7313=ORIENTED_EDGE('',*,*,#5809,.T.);
#7314=ORIENTED_EDGE('',*,*,#5808,.T.);
#7315=ORIENTED_EDGE('',*,*,#5810,.F.);
#7316=ORIENTED_EDGE('',*,*,#5803,.F.);
#7317=ORIENTED_EDGE('',*,*,#5811,.T.);
#7318=ORIENTED_EDGE('',*,*,#5812,.T.);
#7319=ORIENTED_EDGE('',*,*,#5813,.F.);
#7320=ORIENTED_EDGE('',*,*,#5814,.F.);
#7321=ORIENTED_EDGE('',*,*,#5815,.T.);
#7322=ORIENTED_EDGE('',*,*,#5814,.T.);
#7323=ORIENTED_EDGE('',*,*,#5816,.F.);
#7324=ORIENTED_EDGE('',*,*,#5817,.F.);
#7325=ORIENTED_EDGE('',*,*,#5818,.T.);
#7326=ORIENTED_EDGE('',*,*,#5817,.T.);
#7327=ORIENTED_EDGE('',*,*,#5819,.F.);
#7328=ORIENTED_EDGE('',*,*,#5812,.F.);
#7329=ORIENTED_EDGE('',*,*,#5820,.T.);
#7330=ORIENTED_EDGE('',*,*,#5821,.T.);
#7331=ORIENTED_EDGE('',*,*,#5822,.F.);
#7332=ORIENTED_EDGE('',*,*,#5823,.F.);
#7333=ORIENTED_EDGE('',*,*,#5824,.T.);
#7334=ORIENTED_EDGE('',*,*,#5823,.T.);
#7335=ORIENTED_EDGE('',*,*,#5825,.F.);
#7336=ORIENTED_EDGE('',*,*,#5826,.F.);
#7337=ORIENTED_EDGE('',*,*,#5827,.T.);
#7338=ORIENTED_EDGE('',*,*,#5826,.T.);
#7339=ORIENTED_EDGE('',*,*,#5828,.F.);
#7340=ORIENTED_EDGE('',*,*,#5821,.F.);
#7341=ORIENTED_EDGE('',*,*,#5829,.T.);
#7342=ORIENTED_EDGE('',*,*,#5830,.T.);
#7343=ORIENTED_EDGE('',*,*,#5831,.F.);
#7344=ORIENTED_EDGE('',*,*,#5832,.F.);
#7345=ORIENTED_EDGE('',*,*,#5833,.T.);
#7346=ORIENTED_EDGE('',*,*,#5832,.T.);
#7347=ORIENTED_EDGE('',*,*,#5834,.F.);
#7348=ORIENTED_EDGE('',*,*,#5835,.F.);
#7349=ORIENTED_EDGE('',*,*,#5836,.T.);
#7350=ORIENTED_EDGE('',*,*,#5835,.T.);
#7351=ORIENTED_EDGE('',*,*,#5837,.F.);
#7352=ORIENTED_EDGE('',*,*,#5830,.F.);
#7353=ORIENTED_EDGE('',*,*,#5838,.T.);
#7354=ORIENTED_EDGE('',*,*,#5839,.T.);
#7355=ORIENTED_EDGE('',*,*,#5840,.F.);
#7356=ORIENTED_EDGE('',*,*,#5841,.F.);
#7357=ORIENTED_EDGE('',*,*,#5842,.T.);
#7358=ORIENTED_EDGE('',*,*,#5841,.T.);
#7359=ORIENTED_EDGE('',*,*,#5843,.F.);
#7360=ORIENTED_EDGE('',*,*,#5844,.F.);
#7361=ORIENTED_EDGE('',*,*,#5845,.T.);
#7362=ORIENTED_EDGE('',*,*,#5844,.T.);
#7363=ORIENTED_EDGE('',*,*,#5846,.F.);
#7364=ORIENTED_EDGE('',*,*,#5839,.F.);
#7365=ORIENTED_EDGE('',*,*,#5847,.T.);
#7366=ORIENTED_EDGE('',*,*,#5848,.T.);
#7367=ORIENTED_EDGE('',*,*,#5849,.F.);
#7368=ORIENTED_EDGE('',*,*,#5850,.F.);
#7369=ORIENTED_EDGE('',*,*,#5851,.T.);
#7370=ORIENTED_EDGE('',*,*,#5850,.T.);
#7371=ORIENTED_EDGE('',*,*,#5852,.F.);
#7372=ORIENTED_EDGE('',*,*,#5853,.F.);
#7373=ORIENTED_EDGE('',*,*,#5854,.T.);
#7374=ORIENTED_EDGE('',*,*,#5853,.T.);
#7375=ORIENTED_EDGE('',*,*,#5855,.F.);
#7376=ORIENTED_EDGE('',*,*,#5848,.F.);
#7377=ORIENTED_EDGE('',*,*,#5856,.T.);
#7378=ORIENTED_EDGE('',*,*,#5857,.T.);
#7379=ORIENTED_EDGE('',*,*,#5858,.F.);
#7380=ORIENTED_EDGE('',*,*,#5859,.F.);
#7381=ORIENTED_EDGE('',*,*,#5860,.T.);
#7382=ORIENTED_EDGE('',*,*,#5859,.T.);
#7383=ORIENTED_EDGE('',*,*,#5861,.F.);
#7384=ORIENTED_EDGE('',*,*,#5862,.F.);
#7385=ORIENTED_EDGE('',*,*,#5863,.T.);
#7386=ORIENTED_EDGE('',*,*,#5862,.T.);
#7387=ORIENTED_EDGE('',*,*,#5864,.F.);
#7388=ORIENTED_EDGE('',*,*,#5857,.F.);
#7389=ORIENTED_EDGE('',*,*,#5865,.T.);
#7390=ORIENTED_EDGE('',*,*,#5866,.T.);
#7391=ORIENTED_EDGE('',*,*,#5867,.F.);
#7392=ORIENTED_EDGE('',*,*,#5868,.F.);
#7393=ORIENTED_EDGE('',*,*,#5869,.T.);
#7394=ORIENTED_EDGE('',*,*,#5868,.T.);
#7395=ORIENTED_EDGE('',*,*,#5870,.F.);
#7396=ORIENTED_EDGE('',*,*,#5871,.F.);
#7397=ORIENTED_EDGE('',*,*,#5872,.T.);
#7398=ORIENTED_EDGE('',*,*,#5871,.T.);
#7399=ORIENTED_EDGE('',*,*,#5873,.F.);
#7400=ORIENTED_EDGE('',*,*,#5866,.F.);
#7401=ORIENTED_EDGE('',*,*,#5874,.T.);
#7402=ORIENTED_EDGE('',*,*,#5875,.T.);
#7403=ORIENTED_EDGE('',*,*,#5876,.F.);
#7404=ORIENTED_EDGE('',*,*,#5877,.F.);
#7405=ORIENTED_EDGE('',*,*,#5878,.T.);
#7406=ORIENTED_EDGE('',*,*,#5877,.T.);
#7407=ORIENTED_EDGE('',*,*,#5879,.F.);
#7408=ORIENTED_EDGE('',*,*,#5880,.F.);
#7409=ORIENTED_EDGE('',*,*,#5881,.T.);
#7410=ORIENTED_EDGE('',*,*,#5880,.T.);
#7411=ORIENTED_EDGE('',*,*,#5882,.F.);
#7412=ORIENTED_EDGE('',*,*,#5875,.F.);
#7413=ORIENTED_EDGE('',*,*,#5883,.T.);
#7414=ORIENTED_EDGE('',*,*,#5884,.T.);
#7415=ORIENTED_EDGE('',*,*,#5885,.F.);
#7416=ORIENTED_EDGE('',*,*,#5886,.F.);
#7417=ORIENTED_EDGE('',*,*,#5887,.T.);
#7418=ORIENTED_EDGE('',*,*,#5886,.T.);
#7419=ORIENTED_EDGE('',*,*,#5888,.F.);
#7420=ORIENTED_EDGE('',*,*,#5889,.F.);
#7421=ORIENTED_EDGE('',*,*,#5890,.T.);
#7422=ORIENTED_EDGE('',*,*,#5889,.T.);
#7423=ORIENTED_EDGE('',*,*,#5891,.F.);
#7424=ORIENTED_EDGE('',*,*,#5884,.F.);
#7425=ORIENTED_EDGE('',*,*,#5892,.T.);
#7426=ORIENTED_EDGE('',*,*,#5893,.T.);
#7427=ORIENTED_EDGE('',*,*,#5894,.F.);
#7428=ORIENTED_EDGE('',*,*,#5895,.F.);
#7429=ORIENTED_EDGE('',*,*,#5896,.T.);
#7430=ORIENTED_EDGE('',*,*,#5895,.T.);
#7431=ORIENTED_EDGE('',*,*,#5897,.F.);
#7432=ORIENTED_EDGE('',*,*,#5898,.F.);
#7433=ORIENTED_EDGE('',*,*,#5899,.T.);
#7434=ORIENTED_EDGE('',*,*,#5898,.T.);
#7435=ORIENTED_EDGE('',*,*,#5900,.F.);
#7436=ORIENTED_EDGE('',*,*,#5893,.F.);
#7437=ORIENTED_EDGE('',*,*,#5901,.T.);
#7438=ORIENTED_EDGE('',*,*,#5902,.T.);
#7439=ORIENTED_EDGE('',*,*,#5903,.F.);
#7440=ORIENTED_EDGE('',*,*,#5904,.F.);
#7441=ORIENTED_EDGE('',*,*,#5905,.T.);
#7442=ORIENTED_EDGE('',*,*,#5904,.T.);
#7443=ORIENTED_EDGE('',*,*,#5906,.F.);
#7444=ORIENTED_EDGE('',*,*,#5907,.F.);
#7445=ORIENTED_EDGE('',*,*,#5908,.T.);
#7446=ORIENTED_EDGE('',*,*,#5907,.T.);
#7447=ORIENTED_EDGE('',*,*,#5909,.F.);
#7448=ORIENTED_EDGE('',*,*,#5902,.F.);
#7449=ORIENTED_EDGE('',*,*,#5910,.T.);
#7450=ORIENTED_EDGE('',*,*,#5911,.T.);
#7451=ORIENTED_EDGE('',*,*,#5912,.F.);
#7452=ORIENTED_EDGE('',*,*,#5913,.F.);
#7453=ORIENTED_EDGE('',*,*,#5914,.T.);
#7454=ORIENTED_EDGE('',*,*,#5913,.T.);
#7455=ORIENTED_EDGE('',*,*,#5915,.F.);
#7456=ORIENTED_EDGE('',*,*,#5916,.F.);
#7457=ORIENTED_EDGE('',*,*,#5917,.T.);
#7458=ORIENTED_EDGE('',*,*,#5916,.T.);
#7459=ORIENTED_EDGE('',*,*,#5918,.F.);
#7460=ORIENTED_EDGE('',*,*,#5911,.F.);
#7461=ORIENTED_EDGE('',*,*,#5919,.T.);
#7462=ORIENTED_EDGE('',*,*,#5920,.T.);
#7463=ORIENTED_EDGE('',*,*,#5921,.F.);
#7464=ORIENTED_EDGE('',*,*,#5922,.F.);
#7465=ORIENTED_EDGE('',*,*,#5923,.T.);
#7466=ORIENTED_EDGE('',*,*,#5922,.T.);
#7467=ORIENTED_EDGE('',*,*,#5924,.F.);
#7468=ORIENTED_EDGE('',*,*,#5925,.F.);
#7469=ORIENTED_EDGE('',*,*,#5926,.T.);
#7470=ORIENTED_EDGE('',*,*,#5925,.T.);
#7471=ORIENTED_EDGE('',*,*,#5927,.F.);
#7472=ORIENTED_EDGE('',*,*,#5920,.F.);
#7473=ORIENTED_EDGE('',*,*,#5928,.T.);
#7474=ORIENTED_EDGE('',*,*,#5929,.T.);
#7475=ORIENTED_EDGE('',*,*,#5930,.F.);
#7476=ORIENTED_EDGE('',*,*,#5931,.F.);
#7477=ORIENTED_EDGE('',*,*,#5932,.T.);
#7478=ORIENTED_EDGE('',*,*,#5931,.T.);
#7479=ORIENTED_EDGE('',*,*,#5933,.F.);
#7480=ORIENTED_EDGE('',*,*,#5934,.F.);
#7481=ORIENTED_EDGE('',*,*,#5935,.T.);
#7482=ORIENTED_EDGE('',*,*,#5934,.T.);
#7483=ORIENTED_EDGE('',*,*,#5936,.F.);
#7484=ORIENTED_EDGE('',*,*,#5929,.F.);
#7485=ORIENTED_EDGE('',*,*,#5937,.T.);
#7486=ORIENTED_EDGE('',*,*,#5938,.T.);
#7487=ORIENTED_EDGE('',*,*,#5939,.F.);
#7488=ORIENTED_EDGE('',*,*,#5940,.F.);
#7489=ORIENTED_EDGE('',*,*,#5941,.T.);
#7490=ORIENTED_EDGE('',*,*,#5940,.T.);
#7491=ORIENTED_EDGE('',*,*,#5942,.F.);
#7492=ORIENTED_EDGE('',*,*,#5943,.F.);
#7493=ORIENTED_EDGE('',*,*,#5944,.T.);
#7494=ORIENTED_EDGE('',*,*,#5943,.T.);
#7495=ORIENTED_EDGE('',*,*,#5945,.F.);
#7496=ORIENTED_EDGE('',*,*,#5938,.F.);
#7497=ORIENTED_EDGE('',*,*,#5946,.T.);
#7498=ORIENTED_EDGE('',*,*,#5947,.T.);
#7499=ORIENTED_EDGE('',*,*,#5948,.F.);
#7500=ORIENTED_EDGE('',*,*,#5949,.F.);
#7501=ORIENTED_EDGE('',*,*,#5950,.T.);
#7502=ORIENTED_EDGE('',*,*,#5949,.T.);
#7503=ORIENTED_EDGE('',*,*,#5951,.F.);
#7504=ORIENTED_EDGE('',*,*,#5952,.F.);
#7505=ORIENTED_EDGE('',*,*,#5953,.T.);
#7506=ORIENTED_EDGE('',*,*,#5952,.T.);
#7507=ORIENTED_EDGE('',*,*,#5954,.F.);
#7508=ORIENTED_EDGE('',*,*,#5947,.F.);
#7509=ORIENTED_EDGE('',*,*,#5955,.T.);
#7510=ORIENTED_EDGE('',*,*,#5956,.T.);
#7511=ORIENTED_EDGE('',*,*,#5957,.F.);
#7512=ORIENTED_EDGE('',*,*,#5958,.F.);
#7513=ORIENTED_EDGE('',*,*,#5959,.T.);
#7514=ORIENTED_EDGE('',*,*,#5958,.T.);
#7515=ORIENTED_EDGE('',*,*,#5960,.F.);
#7516=ORIENTED_EDGE('',*,*,#5961,.F.);
#7517=ORIENTED_EDGE('',*,*,#5962,.T.);
#7518=ORIENTED_EDGE('',*,*,#5961,.T.);
#7519=ORIENTED_EDGE('',*,*,#5963,.F.);
#7520=ORIENTED_EDGE('',*,*,#5956,.F.);
#7521=ORIENTED_EDGE('',*,*,#5964,.T.);
#7522=ORIENTED_EDGE('',*,*,#5965,.T.);
#7523=ORIENTED_EDGE('',*,*,#5966,.F.);
#7524=ORIENTED_EDGE('',*,*,#5967,.F.);
#7525=ORIENTED_EDGE('',*,*,#5968,.T.);
#7526=ORIENTED_EDGE('',*,*,#5967,.T.);
#7527=ORIENTED_EDGE('',*,*,#5969,.F.);
#7528=ORIENTED_EDGE('',*,*,#5970,.F.);
#7529=ORIENTED_EDGE('',*,*,#5971,.T.);
#7530=ORIENTED_EDGE('',*,*,#5970,.T.);
#7531=ORIENTED_EDGE('',*,*,#5972,.F.);
#7532=ORIENTED_EDGE('',*,*,#5965,.F.);
#7533=ORIENTED_EDGE('',*,*,#5973,.T.);
#7534=ORIENTED_EDGE('',*,*,#5974,.T.);
#7535=ORIENTED_EDGE('',*,*,#5975,.F.);
#7536=ORIENTED_EDGE('',*,*,#5976,.F.);
#7537=ORIENTED_EDGE('',*,*,#5977,.T.);
#7538=ORIENTED_EDGE('',*,*,#5976,.T.);
#7539=ORIENTED_EDGE('',*,*,#5978,.F.);
#7540=ORIENTED_EDGE('',*,*,#5979,.F.);
#7541=ORIENTED_EDGE('',*,*,#5980,.T.);
#7542=ORIENTED_EDGE('',*,*,#5979,.T.);
#7543=ORIENTED_EDGE('',*,*,#5981,.F.);
#7544=ORIENTED_EDGE('',*,*,#5974,.F.);
#7545=ORIENTED_EDGE('',*,*,#5982,.T.);
#7546=ORIENTED_EDGE('',*,*,#5983,.T.);
#7547=ORIENTED_EDGE('',*,*,#5984,.F.);
#7548=ORIENTED_EDGE('',*,*,#5985,.F.);
#7549=ORIENTED_EDGE('',*,*,#5986,.T.);
#7550=ORIENTED_EDGE('',*,*,#5985,.T.);
#7551=ORIENTED_EDGE('',*,*,#5987,.F.);
#7552=ORIENTED_EDGE('',*,*,#5988,.F.);
#7553=ORIENTED_EDGE('',*,*,#5989,.T.);
#7554=ORIENTED_EDGE('',*,*,#5988,.T.);
#7555=ORIENTED_EDGE('',*,*,#5990,.F.);
#7556=ORIENTED_EDGE('',*,*,#5983,.F.);
#7557=ORIENTED_EDGE('',*,*,#5991,.T.);
#7558=ORIENTED_EDGE('',*,*,#5992,.T.);
#7559=ORIENTED_EDGE('',*,*,#5993,.F.);
#7560=ORIENTED_EDGE('',*,*,#5994,.F.);
#7561=ORIENTED_EDGE('',*,*,#5995,.T.);
#7562=ORIENTED_EDGE('',*,*,#5994,.T.);
#7563=ORIENTED_EDGE('',*,*,#5996,.F.);
#7564=ORIENTED_EDGE('',*,*,#5997,.F.);
#7565=ORIENTED_EDGE('',*,*,#5998,.T.);
#7566=ORIENTED_EDGE('',*,*,#5997,.T.);
#7567=ORIENTED_EDGE('',*,*,#5999,.F.);
#7568=ORIENTED_EDGE('',*,*,#5992,.F.);
#7569=ORIENTED_EDGE('',*,*,#6000,.T.);
#7570=ORIENTED_EDGE('',*,*,#6001,.T.);
#7571=ORIENTED_EDGE('',*,*,#6002,.F.);
#7572=ORIENTED_EDGE('',*,*,#6003,.F.);
#7573=ORIENTED_EDGE('',*,*,#6004,.T.);
#7574=ORIENTED_EDGE('',*,*,#6003,.T.);
#7575=ORIENTED_EDGE('',*,*,#6005,.F.);
#7576=ORIENTED_EDGE('',*,*,#6006,.F.);
#7577=ORIENTED_EDGE('',*,*,#6007,.T.);
#7578=ORIENTED_EDGE('',*,*,#6006,.T.);
#7579=ORIENTED_EDGE('',*,*,#6008,.F.);
#7580=ORIENTED_EDGE('',*,*,#6001,.F.);
#7581=ORIENTED_EDGE('',*,*,#6009,.T.);
#7582=ORIENTED_EDGE('',*,*,#6010,.T.);
#7583=ORIENTED_EDGE('',*,*,#6011,.F.);
#7584=ORIENTED_EDGE('',*,*,#6012,.F.);
#7585=ORIENTED_EDGE('',*,*,#6013,.T.);
#7586=ORIENTED_EDGE('',*,*,#6012,.T.);
#7587=ORIENTED_EDGE('',*,*,#6014,.F.);
#7588=ORIENTED_EDGE('',*,*,#6015,.F.);
#7589=ORIENTED_EDGE('',*,*,#6016,.T.);
#7590=ORIENTED_EDGE('',*,*,#6015,.T.);
#7591=ORIENTED_EDGE('',*,*,#6017,.F.);
#7592=ORIENTED_EDGE('',*,*,#6010,.F.);
#7593=ORIENTED_EDGE('',*,*,#6018,.T.);
#7594=ORIENTED_EDGE('',*,*,#6019,.T.);
#7595=ORIENTED_EDGE('',*,*,#6020,.F.);
#7596=ORIENTED_EDGE('',*,*,#6021,.F.);
#7597=ORIENTED_EDGE('',*,*,#6022,.T.);
#7598=ORIENTED_EDGE('',*,*,#6021,.T.);
#7599=ORIENTED_EDGE('',*,*,#6023,.F.);
#7600=ORIENTED_EDGE('',*,*,#6024,.F.);
#7601=ORIENTED_EDGE('',*,*,#6025,.T.);
#7602=ORIENTED_EDGE('',*,*,#6024,.T.);
#7603=ORIENTED_EDGE('',*,*,#6026,.F.);
#7604=ORIENTED_EDGE('',*,*,#6019,.F.);
#7605=ORIENTED_EDGE('',*,*,#6027,.T.);
#7606=ORIENTED_EDGE('',*,*,#6028,.T.);
#7607=ORIENTED_EDGE('',*,*,#6029,.F.);
#7608=ORIENTED_EDGE('',*,*,#6030,.F.);
#7609=ORIENTED_EDGE('',*,*,#6031,.T.);
#7610=ORIENTED_EDGE('',*,*,#6030,.T.);
#7611=ORIENTED_EDGE('',*,*,#6032,.F.);
#7612=ORIENTED_EDGE('',*,*,#6033,.F.);
#7613=ORIENTED_EDGE('',*,*,#6034,.T.);
#7614=ORIENTED_EDGE('',*,*,#6033,.T.);
#7615=ORIENTED_EDGE('',*,*,#6035,.F.);
#7616=ORIENTED_EDGE('',*,*,#6028,.F.);
#7617=ORIENTED_EDGE('',*,*,#6036,.T.);
#7618=ORIENTED_EDGE('',*,*,#6037,.T.);
#7619=ORIENTED_EDGE('',*,*,#6038,.F.);
#7620=ORIENTED_EDGE('',*,*,#6039,.F.);
#7621=ORIENTED_EDGE('',*,*,#6040,.T.);
#7622=ORIENTED_EDGE('',*,*,#6039,.T.);
#7623=ORIENTED_EDGE('',*,*,#6041,.F.);
#7624=ORIENTED_EDGE('',*,*,#6042,.F.);
#7625=ORIENTED_EDGE('',*,*,#6043,.T.);
#7626=ORIENTED_EDGE('',*,*,#6042,.T.);
#7627=ORIENTED_EDGE('',*,*,#6044,.F.);
#7628=ORIENTED_EDGE('',*,*,#6037,.F.);
#7629=ORIENTED_EDGE('',*,*,#6045,.T.);
#7630=ORIENTED_EDGE('',*,*,#6046,.T.);
#7631=ORIENTED_EDGE('',*,*,#6047,.F.);
#7632=ORIENTED_EDGE('',*,*,#6048,.F.);
#7633=ORIENTED_EDGE('',*,*,#6049,.T.);
#7634=ORIENTED_EDGE('',*,*,#6048,.T.);
#7635=ORIENTED_EDGE('',*,*,#6050,.F.);
#7636=ORIENTED_EDGE('',*,*,#6051,.F.);
#7637=ORIENTED_EDGE('',*,*,#6052,.T.);
#7638=ORIENTED_EDGE('',*,*,#6051,.T.);
#7639=ORIENTED_EDGE('',*,*,#6053,.F.);
#7640=ORIENTED_EDGE('',*,*,#6046,.F.);
#7641=ORIENTED_EDGE('',*,*,#6054,.T.);
#7642=ORIENTED_EDGE('',*,*,#6055,.T.);
#7643=ORIENTED_EDGE('',*,*,#6056,.F.);
#7644=ORIENTED_EDGE('',*,*,#6057,.F.);
#7645=ORIENTED_EDGE('',*,*,#6058,.T.);
#7646=ORIENTED_EDGE('',*,*,#6057,.T.);
#7647=ORIENTED_EDGE('',*,*,#6059,.F.);
#7648=ORIENTED_EDGE('',*,*,#6060,.F.);
#7649=ORIENTED_EDGE('',*,*,#6061,.T.);
#7650=ORIENTED_EDGE('',*,*,#6060,.T.);
#7651=ORIENTED_EDGE('',*,*,#6062,.F.);
#7652=ORIENTED_EDGE('',*,*,#6055,.F.);
#7653=ORIENTED_EDGE('',*,*,#6063,.T.);
#7654=ORIENTED_EDGE('',*,*,#6064,.T.);
#7655=ORIENTED_EDGE('',*,*,#6065,.F.);
#7656=ORIENTED_EDGE('',*,*,#6066,.F.);
#7657=ORIENTED_EDGE('',*,*,#6067,.T.);
#7658=ORIENTED_EDGE('',*,*,#6066,.T.);
#7659=ORIENTED_EDGE('',*,*,#6068,.F.);
#7660=ORIENTED_EDGE('',*,*,#6069,.F.);
#7661=ORIENTED_EDGE('',*,*,#6070,.T.);
#7662=ORIENTED_EDGE('',*,*,#6069,.T.);
#7663=ORIENTED_EDGE('',*,*,#6071,.F.);
#7664=ORIENTED_EDGE('',*,*,#6064,.F.);
#7665=ORIENTED_EDGE('',*,*,#6072,.T.);
#7666=ORIENTED_EDGE('',*,*,#6073,.T.);
#7667=ORIENTED_EDGE('',*,*,#6074,.F.);
#7668=ORIENTED_EDGE('',*,*,#6075,.F.);
#7669=ORIENTED_EDGE('',*,*,#6076,.T.);
#7670=ORIENTED_EDGE('',*,*,#6075,.T.);
#7671=ORIENTED_EDGE('',*,*,#6077,.F.);
#7672=ORIENTED_EDGE('',*,*,#6078,.F.);
#7673=ORIENTED_EDGE('',*,*,#6079,.T.);
#7674=ORIENTED_EDGE('',*,*,#6078,.T.);
#7675=ORIENTED_EDGE('',*,*,#6080,.F.);
#7676=ORIENTED_EDGE('',*,*,#6073,.F.);
#7677=ORIENTED_EDGE('',*,*,#6081,.F.);
#7678=ORIENTED_EDGE('',*,*,#6082,.T.);
#7679=ORIENTED_EDGE('',*,*,#6083,.T.);
#7680=ORIENTED_EDGE('',*,*,#6082,.F.);
#7681=ORIENTED_EDGE('',*,*,#6084,.T.);
#7682=ORIENTED_EDGE('',*,*,#6085,.T.);
#7683=ORIENTED_EDGE('',*,*,#6086,.F.);
#7684=ORIENTED_EDGE('',*,*,#6087,.F.);
#7685=ORIENTED_EDGE('',*,*,#6088,.T.);
#7686=ORIENTED_EDGE('',*,*,#6087,.T.);
#7687=ORIENTED_EDGE('',*,*,#6089,.F.);
#7688=ORIENTED_EDGE('',*,*,#6090,.F.);
#7689=ORIENTED_EDGE('',*,*,#6091,.T.);
#7690=ORIENTED_EDGE('',*,*,#6090,.T.);
#7691=ORIENTED_EDGE('',*,*,#6092,.F.);
#7692=ORIENTED_EDGE('',*,*,#6085,.F.);
#7693=ORIENTED_EDGE('',*,*,#6093,.T.);
#7694=ORIENTED_EDGE('',*,*,#6094,.T.);
#7695=ORIENTED_EDGE('',*,*,#6095,.F.);
#7696=ORIENTED_EDGE('',*,*,#6096,.F.);
#7697=ORIENTED_EDGE('',*,*,#6097,.T.);
#7698=ORIENTED_EDGE('',*,*,#6096,.T.);
#7699=ORIENTED_EDGE('',*,*,#6098,.F.);
#7700=ORIENTED_EDGE('',*,*,#6099,.F.);
#7701=ORIENTED_EDGE('',*,*,#6100,.T.);
#7702=ORIENTED_EDGE('',*,*,#6099,.T.);
#7703=ORIENTED_EDGE('',*,*,#6101,.F.);
#7704=ORIENTED_EDGE('',*,*,#6094,.F.);
#7705=ORIENTED_EDGE('',*,*,#6102,.T.);
#7706=ORIENTED_EDGE('',*,*,#6103,.T.);
#7707=ORIENTED_EDGE('',*,*,#6104,.F.);
#7708=ORIENTED_EDGE('',*,*,#6105,.F.);
#7709=ORIENTED_EDGE('',*,*,#6106,.T.);
#7710=ORIENTED_EDGE('',*,*,#6105,.T.);
#7711=ORIENTED_EDGE('',*,*,#6107,.F.);
#7712=ORIENTED_EDGE('',*,*,#6108,.F.);
#7713=ORIENTED_EDGE('',*,*,#6109,.T.);
#7714=ORIENTED_EDGE('',*,*,#6108,.T.);
#7715=ORIENTED_EDGE('',*,*,#6110,.F.);
#7716=ORIENTED_EDGE('',*,*,#6103,.F.);
#7717=ORIENTED_EDGE('',*,*,#6111,.T.);
#7718=ORIENTED_EDGE('',*,*,#6112,.T.);
#7719=ORIENTED_EDGE('',*,*,#6113,.F.);
#7720=ORIENTED_EDGE('',*,*,#6114,.F.);
#7721=ORIENTED_EDGE('',*,*,#6115,.T.);
#7722=ORIENTED_EDGE('',*,*,#6114,.T.);
#7723=ORIENTED_EDGE('',*,*,#6116,.F.);
#7724=ORIENTED_EDGE('',*,*,#6117,.F.);
#7725=ORIENTED_EDGE('',*,*,#6118,.T.);
#7726=ORIENTED_EDGE('',*,*,#6117,.T.);
#7727=ORIENTED_EDGE('',*,*,#6119,.F.);
#7728=ORIENTED_EDGE('',*,*,#6112,.F.);
#7729=ORIENTED_EDGE('',*,*,#6120,.T.);
#7730=ORIENTED_EDGE('',*,*,#6121,.T.);
#7731=ORIENTED_EDGE('',*,*,#6122,.F.);
#7732=ORIENTED_EDGE('',*,*,#6123,.F.);
#7733=ORIENTED_EDGE('',*,*,#6124,.T.);
#7734=ORIENTED_EDGE('',*,*,#6123,.T.);
#7735=ORIENTED_EDGE('',*,*,#6125,.F.);
#7736=ORIENTED_EDGE('',*,*,#6126,.F.);
#7737=ORIENTED_EDGE('',*,*,#6127,.T.);
#7738=ORIENTED_EDGE('',*,*,#6126,.T.);
#7739=ORIENTED_EDGE('',*,*,#6128,.F.);
#7740=ORIENTED_EDGE('',*,*,#6121,.F.);
#7741=ORIENTED_EDGE('',*,*,#6129,.T.);
#7742=ORIENTED_EDGE('',*,*,#6130,.T.);
#7743=ORIENTED_EDGE('',*,*,#6131,.F.);
#7744=ORIENTED_EDGE('',*,*,#6132,.F.);
#7745=ORIENTED_EDGE('',*,*,#6133,.T.);
#7746=ORIENTED_EDGE('',*,*,#6132,.T.);
#7747=ORIENTED_EDGE('',*,*,#6134,.F.);
#7748=ORIENTED_EDGE('',*,*,#6135,.F.);
#7749=ORIENTED_EDGE('',*,*,#6136,.T.);
#7750=ORIENTED_EDGE('',*,*,#6135,.T.);
#7751=ORIENTED_EDGE('',*,*,#6137,.F.);
#7752=ORIENTED_EDGE('',*,*,#6130,.F.);
#7753=ORIENTED_EDGE('',*,*,#6138,.T.);
#7754=ORIENTED_EDGE('',*,*,#6139,.T.);
#7755=ORIENTED_EDGE('',*,*,#6140,.F.);
#7756=ORIENTED_EDGE('',*,*,#6141,.F.);
#7757=ORIENTED_EDGE('',*,*,#6142,.T.);
#7758=ORIENTED_EDGE('',*,*,#6141,.T.);
#7759=ORIENTED_EDGE('',*,*,#6143,.F.);
#7760=ORIENTED_EDGE('',*,*,#6144,.F.);
#7761=ORIENTED_EDGE('',*,*,#6145,.T.);
#7762=ORIENTED_EDGE('',*,*,#6144,.T.);
#7763=ORIENTED_EDGE('',*,*,#6146,.F.);
#7764=ORIENTED_EDGE('',*,*,#6139,.F.);
#7765=ORIENTED_EDGE('',*,*,#6147,.T.);
#7766=ORIENTED_EDGE('',*,*,#6148,.T.);
#7767=ORIENTED_EDGE('',*,*,#6149,.F.);
#7768=ORIENTED_EDGE('',*,*,#6150,.F.);
#7769=ORIENTED_EDGE('',*,*,#6151,.T.);
#7770=ORIENTED_EDGE('',*,*,#6150,.T.);
#7771=ORIENTED_EDGE('',*,*,#6152,.F.);
#7772=ORIENTED_EDGE('',*,*,#6153,.F.);
#7773=ORIENTED_EDGE('',*,*,#6154,.T.);
#7774=ORIENTED_EDGE('',*,*,#6153,.T.);
#7775=ORIENTED_EDGE('',*,*,#6155,.F.);
#7776=ORIENTED_EDGE('',*,*,#6148,.F.);
#7777=ORIENTED_EDGE('',*,*,#6156,.T.);
#7778=ORIENTED_EDGE('',*,*,#6157,.T.);
#7779=ORIENTED_EDGE('',*,*,#6158,.F.);
#7780=ORIENTED_EDGE('',*,*,#6159,.F.);
#7781=ORIENTED_EDGE('',*,*,#6160,.T.);
#7782=ORIENTED_EDGE('',*,*,#6159,.T.);
#7783=ORIENTED_EDGE('',*,*,#6161,.F.);
#7784=ORIENTED_EDGE('',*,*,#6162,.F.);
#7785=ORIENTED_EDGE('',*,*,#6163,.T.);
#7786=ORIENTED_EDGE('',*,*,#6162,.T.);
#7787=ORIENTED_EDGE('',*,*,#6164,.F.);
#7788=ORIENTED_EDGE('',*,*,#6157,.F.);
#7789=ORIENTED_EDGE('',*,*,#6165,.F.);
#7790=ORIENTED_EDGE('',*,*,#6166,.T.);
#7791=ORIENTED_EDGE('',*,*,#6167,.F.);
#7792=ORIENTED_EDGE('',*,*,#6168,.F.);
#7793=ORIENTED_EDGE('',*,*,#6169,.F.);
#7794=ORIENTED_EDGE('',*,*,#6168,.T.);
#7795=ORIENTED_EDGE('',*,*,#6170,.F.);
#7796=ORIENTED_EDGE('',*,*,#6171,.F.);
#7797=ORIENTED_EDGE('',*,*,#6172,.F.);
#7798=ORIENTED_EDGE('',*,*,#6171,.T.);
#7799=ORIENTED_EDGE('',*,*,#6173,.F.);
#7800=ORIENTED_EDGE('',*,*,#6174,.F.);
#7801=ORIENTED_EDGE('',*,*,#6175,.F.);
#7802=ORIENTED_EDGE('',*,*,#6174,.T.);
#7803=ORIENTED_EDGE('',*,*,#6176,.F.);
#7804=ORIENTED_EDGE('',*,*,#6166,.F.);
#7805=ORIENTED_EDGE('',*,*,#6176,.T.);
#7806=ORIENTED_EDGE('',*,*,#6173,.T.);
#7807=ORIENTED_EDGE('',*,*,#6170,.T.);
#7808=ORIENTED_EDGE('',*,*,#6167,.T.);
#7809=ORIENTED_EDGE('',*,*,#6164,.T.);
#7810=ORIENTED_EDGE('',*,*,#6161,.T.);
#7811=ORIENTED_EDGE('',*,*,#6158,.T.);
#7812=ORIENTED_EDGE('',*,*,#6155,.T.);
#7813=ORIENTED_EDGE('',*,*,#6152,.T.);
#7814=ORIENTED_EDGE('',*,*,#6149,.T.);
#7815=ORIENTED_EDGE('',*,*,#6146,.T.);
#7816=ORIENTED_EDGE('',*,*,#6143,.T.);
#7817=ORIENTED_EDGE('',*,*,#6140,.T.);
#7818=ORIENTED_EDGE('',*,*,#6137,.T.);
#7819=ORIENTED_EDGE('',*,*,#6134,.T.);
#7820=ORIENTED_EDGE('',*,*,#6131,.T.);
#7821=ORIENTED_EDGE('',*,*,#6128,.T.);
#7822=ORIENTED_EDGE('',*,*,#6125,.T.);
#7823=ORIENTED_EDGE('',*,*,#6122,.T.);
#7824=ORIENTED_EDGE('',*,*,#6119,.T.);
#7825=ORIENTED_EDGE('',*,*,#6116,.T.);
#7826=ORIENTED_EDGE('',*,*,#6113,.T.);
#7827=ORIENTED_EDGE('',*,*,#6110,.T.);
#7828=ORIENTED_EDGE('',*,*,#6107,.T.);
#7829=ORIENTED_EDGE('',*,*,#6104,.T.);
#7830=ORIENTED_EDGE('',*,*,#6101,.T.);
#7831=ORIENTED_EDGE('',*,*,#6098,.T.);
#7832=ORIENTED_EDGE('',*,*,#6095,.T.);
#7833=ORIENTED_EDGE('',*,*,#6092,.T.);
#7834=ORIENTED_EDGE('',*,*,#6089,.T.);
#7835=ORIENTED_EDGE('',*,*,#6086,.T.);
#7836=ORIENTED_EDGE('',*,*,#6081,.T.);
#7837=ORIENTED_EDGE('',*,*,#6080,.T.);
#7838=ORIENTED_EDGE('',*,*,#6077,.T.);
#7839=ORIENTED_EDGE('',*,*,#6074,.T.);
#7840=ORIENTED_EDGE('',*,*,#6071,.T.);
#7841=ORIENTED_EDGE('',*,*,#6068,.T.);
#7842=ORIENTED_EDGE('',*,*,#6065,.T.);
#7843=ORIENTED_EDGE('',*,*,#6062,.T.);
#7844=ORIENTED_EDGE('',*,*,#6059,.T.);
#7845=ORIENTED_EDGE('',*,*,#6056,.T.);
#7846=ORIENTED_EDGE('',*,*,#6053,.T.);
#7847=ORIENTED_EDGE('',*,*,#6050,.T.);
#7848=ORIENTED_EDGE('',*,*,#6047,.T.);
#7849=ORIENTED_EDGE('',*,*,#6044,.T.);
#7850=ORIENTED_EDGE('',*,*,#6041,.T.);
#7851=ORIENTED_EDGE('',*,*,#6038,.T.);
#7852=ORIENTED_EDGE('',*,*,#6035,.T.);
#7853=ORIENTED_EDGE('',*,*,#6032,.T.);
#7854=ORIENTED_EDGE('',*,*,#6029,.T.);
#7855=ORIENTED_EDGE('',*,*,#6026,.T.);
#7856=ORIENTED_EDGE('',*,*,#6023,.T.);
#7857=ORIENTED_EDGE('',*,*,#6020,.T.);
#7858=ORIENTED_EDGE('',*,*,#5009,.T.);
#7859=ORIENTED_EDGE('',*,*,#5003,.T.);
#7860=ORIENTED_EDGE('',*,*,#6017,.T.);
#7861=ORIENTED_EDGE('',*,*,#6014,.T.);
#7862=ORIENTED_EDGE('',*,*,#6011,.T.);
#7863=ORIENTED_EDGE('',*,*,#6008,.T.);
#7864=ORIENTED_EDGE('',*,*,#6005,.T.);
#7865=ORIENTED_EDGE('',*,*,#6002,.T.);
#7866=ORIENTED_EDGE('',*,*,#5999,.T.);
#7867=ORIENTED_EDGE('',*,*,#5996,.T.);
#7868=ORIENTED_EDGE('',*,*,#5993,.T.);
#7869=ORIENTED_EDGE('',*,*,#5990,.T.);
#7870=ORIENTED_EDGE('',*,*,#5987,.T.);
#7871=ORIENTED_EDGE('',*,*,#5984,.T.);
#7872=ORIENTED_EDGE('',*,*,#5981,.T.);
#7873=ORIENTED_EDGE('',*,*,#5978,.T.);
#7874=ORIENTED_EDGE('',*,*,#5975,.T.);
#7875=ORIENTED_EDGE('',*,*,#5972,.T.);
#7876=ORIENTED_EDGE('',*,*,#5969,.T.);
#7877=ORIENTED_EDGE('',*,*,#5966,.T.);
#7878=ORIENTED_EDGE('',*,*,#4995,.T.);
#7879=ORIENTED_EDGE('',*,*,#5001,.T.);
#7880=ORIENTED_EDGE('',*,*,#5963,.T.);
#7881=ORIENTED_EDGE('',*,*,#5960,.T.);
#7882=ORIENTED_EDGE('',*,*,#5957,.T.);
#7883=ORIENTED_EDGE('',*,*,#5954,.T.);
#7884=ORIENTED_EDGE('',*,*,#5951,.T.);
#7885=ORIENTED_EDGE('',*,*,#5948,.T.);
#7886=ORIENTED_EDGE('',*,*,#5945,.T.);
#7887=ORIENTED_EDGE('',*,*,#5942,.T.);
#7888=ORIENTED_EDGE('',*,*,#5939,.T.);
#7889=ORIENTED_EDGE('',*,*,#5936,.T.);
#7890=ORIENTED_EDGE('',*,*,#5933,.T.);
#7891=ORIENTED_EDGE('',*,*,#5930,.T.);
#7892=ORIENTED_EDGE('',*,*,#5927,.T.);
#7893=ORIENTED_EDGE('',*,*,#5924,.T.);
#7894=ORIENTED_EDGE('',*,*,#5921,.T.);
#7895=ORIENTED_EDGE('',*,*,#5918,.T.);
#7896=ORIENTED_EDGE('',*,*,#5915,.T.);
#7897=ORIENTED_EDGE('',*,*,#5912,.T.);
#7898=ORIENTED_EDGE('',*,*,#5909,.T.);
#7899=ORIENTED_EDGE('',*,*,#5906,.T.);
#7900=ORIENTED_EDGE('',*,*,#5903,.T.);
#7901=ORIENTED_EDGE('',*,*,#5900,.T.);
#7902=ORIENTED_EDGE('',*,*,#5897,.T.);
#7903=ORIENTED_EDGE('',*,*,#5894,.T.);
#7904=ORIENTED_EDGE('',*,*,#5891,.T.);
#7905=ORIENTED_EDGE('',*,*,#5888,.T.);
#7906=ORIENTED_EDGE('',*,*,#5885,.T.);
#7907=ORIENTED_EDGE('',*,*,#5882,.T.);
#7908=ORIENTED_EDGE('',*,*,#5879,.T.);
#7909=ORIENTED_EDGE('',*,*,#5876,.T.);
#7910=ORIENTED_EDGE('',*,*,#5873,.T.);
#7911=ORIENTED_EDGE('',*,*,#5870,.T.);
#7912=ORIENTED_EDGE('',*,*,#5867,.T.);
#7913=ORIENTED_EDGE('',*,*,#5864,.T.);
#7914=ORIENTED_EDGE('',*,*,#5861,.T.);
#7915=ORIENTED_EDGE('',*,*,#5858,.T.);
#7916=ORIENTED_EDGE('',*,*,#5855,.T.);
#7917=ORIENTED_EDGE('',*,*,#5852,.T.);
#7918=ORIENTED_EDGE('',*,*,#5849,.T.);
#7919=ORIENTED_EDGE('',*,*,#5846,.T.);
#7920=ORIENTED_EDGE('',*,*,#5843,.T.);
#7921=ORIENTED_EDGE('',*,*,#5840,.T.);
#7922=ORIENTED_EDGE('',*,*,#5837,.T.);
#7923=ORIENTED_EDGE('',*,*,#5834,.T.);
#7924=ORIENTED_EDGE('',*,*,#5831,.T.);
#7925=ORIENTED_EDGE('',*,*,#5828,.T.);
#7926=ORIENTED_EDGE('',*,*,#5825,.T.);
#7927=ORIENTED_EDGE('',*,*,#5822,.T.);
#7928=ORIENTED_EDGE('',*,*,#5819,.T.);
#7929=ORIENTED_EDGE('',*,*,#5816,.T.);
#7930=ORIENTED_EDGE('',*,*,#5813,.T.);
#7931=ORIENTED_EDGE('',*,*,#5810,.T.);
#7932=ORIENTED_EDGE('',*,*,#5807,.T.);
#7933=ORIENTED_EDGE('',*,*,#5804,.T.);
#7934=ORIENTED_EDGE('',*,*,#5801,.T.);
#7935=ORIENTED_EDGE('',*,*,#5798,.T.);
#7936=ORIENTED_EDGE('',*,*,#5795,.T.);
#7937=ORIENTED_EDGE('',*,*,#5792,.T.);
#7938=ORIENTED_EDGE('',*,*,#5789,.T.);
#7939=ORIENTED_EDGE('',*,*,#5786,.T.);
#7940=ORIENTED_EDGE('',*,*,#5783,.T.);
#7941=ORIENTED_EDGE('',*,*,#5780,.T.);
#7942=ORIENTED_EDGE('',*,*,#5777,.T.);
#7943=ORIENTED_EDGE('',*,*,#5774,.T.);
#7944=ORIENTED_EDGE('',*,*,#5771,.T.);
#7945=ORIENTED_EDGE('',*,*,#5768,.T.);
#7946=ORIENTED_EDGE('',*,*,#5765,.T.);
#7947=ORIENTED_EDGE('',*,*,#5762,.T.);
#7948=ORIENTED_EDGE('',*,*,#5759,.T.);
#7949=ORIENTED_EDGE('',*,*,#5756,.T.);
#7950=ORIENTED_EDGE('',*,*,#5753,.T.);
#7951=ORIENTED_EDGE('',*,*,#5750,.T.);
#7952=ORIENTED_EDGE('',*,*,#5747,.T.);
#7953=ORIENTED_EDGE('',*,*,#5744,.T.);
#7954=ORIENTED_EDGE('',*,*,#5741,.T.);
#7955=ORIENTED_EDGE('',*,*,#5738,.T.);
#7956=ORIENTED_EDGE('',*,*,#5735,.T.);
#7957=ORIENTED_EDGE('',*,*,#5732,.T.);
#7958=ORIENTED_EDGE('',*,*,#5729,.T.);
#7959=ORIENTED_EDGE('',*,*,#5726,.T.);
#7960=ORIENTED_EDGE('',*,*,#5723,.T.);
#7961=ORIENTED_EDGE('',*,*,#5720,.T.);
#7962=ORIENTED_EDGE('',*,*,#5717,.T.);
#7963=ORIENTED_EDGE('',*,*,#5714,.T.);
#7964=ORIENTED_EDGE('',*,*,#5711,.T.);
#7965=ORIENTED_EDGE('',*,*,#5708,.T.);
#7966=ORIENTED_EDGE('',*,*,#5705,.T.);
#7967=ORIENTED_EDGE('',*,*,#5702,.T.);
#7968=ORIENTED_EDGE('',*,*,#5699,.T.);
#7969=ORIENTED_EDGE('',*,*,#5696,.T.);
#7970=ORIENTED_EDGE('',*,*,#5693,.T.);
#7971=ORIENTED_EDGE('',*,*,#5690,.T.);
#7972=ORIENTED_EDGE('',*,*,#5687,.T.);
#7973=ORIENTED_EDGE('',*,*,#5684,.T.);
#7974=ORIENTED_EDGE('',*,*,#5681,.T.);
#7975=ORIENTED_EDGE('',*,*,#5678,.T.);
#7976=ORIENTED_EDGE('',*,*,#5675,.T.);
#7977=ORIENTED_EDGE('',*,*,#5672,.T.);
#7978=ORIENTED_EDGE('',*,*,#5669,.T.);
#7979=ORIENTED_EDGE('',*,*,#5666,.T.);
#7980=ORIENTED_EDGE('',*,*,#5663,.T.);
#7981=ORIENTED_EDGE('',*,*,#5660,.T.);
#7982=ORIENTED_EDGE('',*,*,#5657,.T.);
#7983=ORIENTED_EDGE('',*,*,#5654,.T.);
#7984=ORIENTED_EDGE('',*,*,#5651,.T.);
#7985=ORIENTED_EDGE('',*,*,#5648,.T.);
#7986=ORIENTED_EDGE('',*,*,#5645,.T.);
#7987=ORIENTED_EDGE('',*,*,#5642,.T.);
#7988=ORIENTED_EDGE('',*,*,#5639,.T.);
#7989=ORIENTED_EDGE('',*,*,#5636,.T.);
#7990=ORIENTED_EDGE('',*,*,#5633,.T.);
#7991=ORIENTED_EDGE('',*,*,#5630,.T.);
#7992=ORIENTED_EDGE('',*,*,#5627,.T.);
#7993=ORIENTED_EDGE('',*,*,#5624,.T.);
#7994=ORIENTED_EDGE('',*,*,#5619,.T.);
#7995=ORIENTED_EDGE('',*,*,#5618,.T.);
#7996=ORIENTED_EDGE('',*,*,#5615,.T.);
#7997=ORIENTED_EDGE('',*,*,#5612,.T.);
#7998=ORIENTED_EDGE('',*,*,#5609,.T.);
#7999=ORIENTED_EDGE('',*,*,#5606,.T.);
#8000=ORIENTED_EDGE('',*,*,#5603,.T.);
#8001=ORIENTED_EDGE('',*,*,#5600,.T.);
#8002=ORIENTED_EDGE('',*,*,#5597,.T.);
#8003=ORIENTED_EDGE('',*,*,#5594,.T.);
#8004=ORIENTED_EDGE('',*,*,#5591,.T.);
#8005=ORIENTED_EDGE('',*,*,#5588,.T.);
#8006=ORIENTED_EDGE('',*,*,#5585,.T.);
#8007=ORIENTED_EDGE('',*,*,#5582,.T.);
#8008=ORIENTED_EDGE('',*,*,#5579,.T.);
#8009=ORIENTED_EDGE('',*,*,#5576,.T.);
#8010=ORIENTED_EDGE('',*,*,#5573,.T.);
#8011=ORIENTED_EDGE('',*,*,#5570,.T.);
#8012=ORIENTED_EDGE('',*,*,#5567,.T.);
#8013=ORIENTED_EDGE('',*,*,#5564,.T.);
#8014=ORIENTED_EDGE('',*,*,#5561,.T.);
#8015=ORIENTED_EDGE('',*,*,#5558,.T.);
#8016=ORIENTED_EDGE('',*,*,#5555,.T.);
#8017=ORIENTED_EDGE('',*,*,#5552,.T.);
#8018=ORIENTED_EDGE('',*,*,#5549,.T.);
#8019=ORIENTED_EDGE('',*,*,#5546,.T.);
#8020=ORIENTED_EDGE('',*,*,#5543,.T.);
#8021=ORIENTED_EDGE('',*,*,#5540,.T.);
#8022=ORIENTED_EDGE('',*,*,#5537,.T.);
#8023=ORIENTED_EDGE('',*,*,#5534,.T.);
#8024=ORIENTED_EDGE('',*,*,#5531,.T.);
#8025=ORIENTED_EDGE('',*,*,#5528,.T.);
#8026=ORIENTED_EDGE('',*,*,#5525,.T.);
#8027=ORIENTED_EDGE('',*,*,#5522,.T.);
#8028=ORIENTED_EDGE('',*,*,#5519,.T.);
#8029=ORIENTED_EDGE('',*,*,#5516,.T.);
#8030=ORIENTED_EDGE('',*,*,#5513,.T.);
#8031=ORIENTED_EDGE('',*,*,#5510,.T.);
#8032=ORIENTED_EDGE('',*,*,#5507,.T.);
#8033=ORIENTED_EDGE('',*,*,#5504,.T.);
#8034=ORIENTED_EDGE('',*,*,#5501,.T.);
#8035=ORIENTED_EDGE('',*,*,#5498,.T.);
#8036=ORIENTED_EDGE('',*,*,#5495,.T.);
#8037=ORIENTED_EDGE('',*,*,#5492,.T.);
#8038=ORIENTED_EDGE('',*,*,#5489,.T.);
#8039=ORIENTED_EDGE('',*,*,#5486,.T.);
#8040=ORIENTED_EDGE('',*,*,#5483,.T.);
#8041=ORIENTED_EDGE('',*,*,#5480,.T.);
#8042=ORIENTED_EDGE('',*,*,#5477,.T.);
#8043=ORIENTED_EDGE('',*,*,#5474,.T.);
#8044=ORIENTED_EDGE('',*,*,#5471,.T.);
#8045=ORIENTED_EDGE('',*,*,#5468,.T.);
#8046=ORIENTED_EDGE('',*,*,#5465,.T.);
#8047=ORIENTED_EDGE('',*,*,#5462,.T.);
#8048=ORIENTED_EDGE('',*,*,#5459,.T.);
#8049=ORIENTED_EDGE('',*,*,#5456,.T.);
#8050=ORIENTED_EDGE('',*,*,#5453,.T.);
#8051=ORIENTED_EDGE('',*,*,#5450,.T.);
#8052=ORIENTED_EDGE('',*,*,#5447,.T.);
#8053=ORIENTED_EDGE('',*,*,#5444,.T.);
#8054=ORIENTED_EDGE('',*,*,#5441,.T.);
#8055=ORIENTED_EDGE('',*,*,#5438,.T.);
#8056=ORIENTED_EDGE('',*,*,#5435,.T.);
#8057=ORIENTED_EDGE('',*,*,#5432,.T.);
#8058=ORIENTED_EDGE('',*,*,#5429,.T.);
#8059=ORIENTED_EDGE('',*,*,#5426,.T.);
#8060=ORIENTED_EDGE('',*,*,#5423,.T.);
#8061=ORIENTED_EDGE('',*,*,#5420,.T.);
#8062=ORIENTED_EDGE('',*,*,#5417,.T.);
#8063=ORIENTED_EDGE('',*,*,#5414,.T.);
#8064=ORIENTED_EDGE('',*,*,#5411,.T.);
#8065=ORIENTED_EDGE('',*,*,#5408,.T.);
#8066=ORIENTED_EDGE('',*,*,#5405,.T.);
#8067=ORIENTED_EDGE('',*,*,#5402,.T.);
#8068=ORIENTED_EDGE('',*,*,#5399,.T.);
#8069=ORIENTED_EDGE('',*,*,#5396,.T.);
#8070=ORIENTED_EDGE('',*,*,#5393,.T.);
#8071=ORIENTED_EDGE('',*,*,#5390,.T.);
#8072=ORIENTED_EDGE('',*,*,#5387,.T.);
#8073=ORIENTED_EDGE('',*,*,#5384,.T.);
#8074=ORIENTED_EDGE('',*,*,#5381,.T.);
#8075=ORIENTED_EDGE('',*,*,#5378,.T.);
#8076=ORIENTED_EDGE('',*,*,#5375,.T.);
#8077=ORIENTED_EDGE('',*,*,#5372,.T.);
#8078=ORIENTED_EDGE('',*,*,#5369,.T.);
#8079=ORIENTED_EDGE('',*,*,#5366,.T.);
#8080=ORIENTED_EDGE('',*,*,#5363,.T.);
#8081=ORIENTED_EDGE('',*,*,#5360,.T.);
#8082=ORIENTED_EDGE('',*,*,#5357,.T.);
#8083=ORIENTED_EDGE('',*,*,#5354,.T.);
#8084=ORIENTED_EDGE('',*,*,#5351,.T.);
#8085=ORIENTED_EDGE('',*,*,#5348,.T.);
#8086=ORIENTED_EDGE('',*,*,#5345,.T.);
#8087=ORIENTED_EDGE('',*,*,#5342,.T.);
#8088=ORIENTED_EDGE('',*,*,#5339,.T.);
#8089=ORIENTED_EDGE('',*,*,#5336,.T.);
#8090=ORIENTED_EDGE('',*,*,#5333,.T.);
#8091=ORIENTED_EDGE('',*,*,#5330,.T.);
#8092=ORIENTED_EDGE('',*,*,#5327,.T.);
#8093=ORIENTED_EDGE('',*,*,#5324,.T.);
#8094=ORIENTED_EDGE('',*,*,#5321,.T.);
#8095=ORIENTED_EDGE('',*,*,#5318,.T.);
#8096=ORIENTED_EDGE('',*,*,#5315,.T.);
#8097=ORIENTED_EDGE('',*,*,#5312,.T.);
#8098=ORIENTED_EDGE('',*,*,#5309,.T.);
#8099=ORIENTED_EDGE('',*,*,#5306,.T.);
#8100=ORIENTED_EDGE('',*,*,#5303,.T.);
#8101=ORIENTED_EDGE('',*,*,#5300,.T.);
#8102=ORIENTED_EDGE('',*,*,#5297,.T.);
#8103=ORIENTED_EDGE('',*,*,#5294,.T.);
#8104=ORIENTED_EDGE('',*,*,#5291,.T.);
#8105=ORIENTED_EDGE('',*,*,#5288,.T.);
#8106=ORIENTED_EDGE('',*,*,#5285,.T.);
#8107=ORIENTED_EDGE('',*,*,#5282,.T.);
#8108=ORIENTED_EDGE('',*,*,#5279,.T.);
#8109=ORIENTED_EDGE('',*,*,#5276,.T.);
#8110=ORIENTED_EDGE('',*,*,#5273,.T.);
#8111=ORIENTED_EDGE('',*,*,#5270,.T.);
#8112=ORIENTED_EDGE('',*,*,#5267,.T.);
#8113=ORIENTED_EDGE('',*,*,#5264,.T.);
#8114=ORIENTED_EDGE('',*,*,#5261,.T.);
#8115=ORIENTED_EDGE('',*,*,#5258,.T.);
#8116=ORIENTED_EDGE('',*,*,#5255,.T.);
#8117=ORIENTED_EDGE('',*,*,#5252,.T.);
#8118=ORIENTED_EDGE('',*,*,#5249,.T.);
#8119=ORIENTED_EDGE('',*,*,#5246,.T.);
#8120=ORIENTED_EDGE('',*,*,#5243,.T.);
#8121=ORIENTED_EDGE('',*,*,#5240,.T.);
#8122=ORIENTED_EDGE('',*,*,#5237,.T.);
#8123=ORIENTED_EDGE('',*,*,#5234,.T.);
#8124=ORIENTED_EDGE('',*,*,#4987,.T.);
#8125=ORIENTED_EDGE('',*,*,#4993,.T.);
#8126=ORIENTED_EDGE('',*,*,#5231,.T.);
#8127=ORIENTED_EDGE('',*,*,#5228,.T.);
#8128=ORIENTED_EDGE('',*,*,#5225,.T.);
#8129=ORIENTED_EDGE('',*,*,#5017,.T.);
#8130=ORIENTED_EDGE('',*,*,#5011,.T.);
#8131=ORIENTED_EDGE('',*,*,#5222,.T.);
#8132=ORIENTED_EDGE('',*,*,#5219,.T.);
#8133=ORIENTED_EDGE('',*,*,#5216,.T.);
#8134=ORIENTED_EDGE('',*,*,#5213,.T.);
#8135=ORIENTED_EDGE('',*,*,#5210,.T.);
#8136=ORIENTED_EDGE('',*,*,#5207,.T.);
#8137=ORIENTED_EDGE('',*,*,#5204,.T.);
#8138=ORIENTED_EDGE('',*,*,#5201,.T.);
#8139=ORIENTED_EDGE('',*,*,#5198,.T.);
#8140=ORIENTED_EDGE('',*,*,#5195,.T.);
#8141=ORIENTED_EDGE('',*,*,#5192,.T.);
#8142=ORIENTED_EDGE('',*,*,#5189,.T.);
#8143=ORIENTED_EDGE('',*,*,#5186,.T.);
#8144=ORIENTED_EDGE('',*,*,#5183,.T.);
#8145=ORIENTED_EDGE('',*,*,#5180,.T.);
#8146=ORIENTED_EDGE('',*,*,#5177,.T.);
#8147=ORIENTED_EDGE('',*,*,#5174,.T.);
#8148=ORIENTED_EDGE('',*,*,#5171,.T.);
#8149=ORIENTED_EDGE('',*,*,#5168,.T.);
#8150=ORIENTED_EDGE('',*,*,#5165,.T.);
#8151=ORIENTED_EDGE('',*,*,#5162,.T.);
#8152=ORIENTED_EDGE('',*,*,#5159,.T.);
#8153=ORIENTED_EDGE('',*,*,#5156,.T.);
#8154=ORIENTED_EDGE('',*,*,#5153,.T.);
#8155=ORIENTED_EDGE('',*,*,#5148,.T.);
#8156=ORIENTED_EDGE('',*,*,#5147,.T.);
#8157=ORIENTED_EDGE('',*,*,#5144,.T.);
#8158=ORIENTED_EDGE('',*,*,#5141,.T.);
#8159=ORIENTED_EDGE('',*,*,#5138,.T.);
#8160=ORIENTED_EDGE('',*,*,#5135,.T.);
#8161=ORIENTED_EDGE('',*,*,#5132,.T.);
#8162=ORIENTED_EDGE('',*,*,#5129,.T.);
#8163=ORIENTED_EDGE('',*,*,#5126,.T.);
#8164=ORIENTED_EDGE('',*,*,#5123,.T.);
#8165=ORIENTED_EDGE('',*,*,#5120,.T.);
#8166=ORIENTED_EDGE('',*,*,#5117,.T.);
#8167=ORIENTED_EDGE('',*,*,#5114,.T.);
#8168=ORIENTED_EDGE('',*,*,#5111,.T.);
#8169=ORIENTED_EDGE('',*,*,#5108,.T.);
#8170=ORIENTED_EDGE('',*,*,#5105,.T.);
#8171=ORIENTED_EDGE('',*,*,#5102,.T.);
#8172=ORIENTED_EDGE('',*,*,#5099,.T.);
#8173=ORIENTED_EDGE('',*,*,#5096,.T.);
#8174=ORIENTED_EDGE('',*,*,#5093,.T.);
#8175=ORIENTED_EDGE('',*,*,#5090,.T.);
#8176=ORIENTED_EDGE('',*,*,#5087,.T.);
#8177=ORIENTED_EDGE('',*,*,#5084,.T.);
#8178=ORIENTED_EDGE('',*,*,#5081,.T.);
#8179=ORIENTED_EDGE('',*,*,#5078,.T.);
#8180=ORIENTED_EDGE('',*,*,#5075,.T.);
#8181=ORIENTED_EDGE('',*,*,#5072,.T.);
#8182=ORIENTED_EDGE('',*,*,#5069,.T.);
#8183=ORIENTED_EDGE('',*,*,#5066,.T.);
#8184=ORIENTED_EDGE('',*,*,#5063,.T.);
#8185=ORIENTED_EDGE('',*,*,#5060,.T.);
#8186=ORIENTED_EDGE('',*,*,#5057,.T.);
#8187=ORIENTED_EDGE('',*,*,#5054,.T.);
#8188=ORIENTED_EDGE('',*,*,#5051,.T.);
#8189=ORIENTED_EDGE('',*,*,#5048,.T.);
#8190=ORIENTED_EDGE('',*,*,#5045,.T.);
#8191=ORIENTED_EDGE('',*,*,#5042,.T.);
#8192=ORIENTED_EDGE('',*,*,#5039,.T.);
#8193=ORIENTED_EDGE('',*,*,#5036,.T.);
#8194=ORIENTED_EDGE('',*,*,#5033,.T.);
#8195=ORIENTED_EDGE('',*,*,#5028,.T.);
#8196=ORIENTED_EDGE('',*,*,#5027,.T.);
#8197=ORIENTED_EDGE('',*,*,#5024,.T.);
#8198=ORIENTED_EDGE('',*,*,#5021,.T.);
#8199=ORIENTED_EDGE('',*,*,#6175,.T.);
#8200=ORIENTED_EDGE('',*,*,#6165,.T.);
#8201=ORIENTED_EDGE('',*,*,#6169,.T.);
#8202=ORIENTED_EDGE('',*,*,#6172,.T.);
#8203=ORIENTED_EDGE('',*,*,#5026,.F.);
#8204=ORIENTED_EDGE('',*,*,#5019,.F.);
#8205=ORIENTED_EDGE('',*,*,#5023,.F.);
#8206=ORIENTED_EDGE('',*,*,#5030,.F.);
#8207=ORIENTED_EDGE('',*,*,#5038,.F.);
#8208=ORIENTED_EDGE('',*,*,#5031,.F.);
#8209=ORIENTED_EDGE('',*,*,#5035,.F.);
#8210=ORIENTED_EDGE('',*,*,#5047,.F.);
#8211=ORIENTED_EDGE('',*,*,#5040,.F.);
#8212=ORIENTED_EDGE('',*,*,#5044,.F.);
#8213=ORIENTED_EDGE('',*,*,#5056,.F.);
#8214=ORIENTED_EDGE('',*,*,#5049,.F.);
#8215=ORIENTED_EDGE('',*,*,#5053,.F.);
#8216=ORIENTED_EDGE('',*,*,#5065,.F.);
#8217=ORIENTED_EDGE('',*,*,#5058,.F.);
#8218=ORIENTED_EDGE('',*,*,#5062,.F.);
#8219=ORIENTED_EDGE('',*,*,#5074,.F.);
#8220=ORIENTED_EDGE('',*,*,#5067,.F.);
#8221=ORIENTED_EDGE('',*,*,#5071,.F.);
#8222=ORIENTED_EDGE('',*,*,#5083,.F.);
#8223=ORIENTED_EDGE('',*,*,#5076,.F.);
#8224=ORIENTED_EDGE('',*,*,#5080,.F.);
#8225=ORIENTED_EDGE('',*,*,#5092,.F.);
#8226=ORIENTED_EDGE('',*,*,#5085,.F.);
#8227=ORIENTED_EDGE('',*,*,#5089,.F.);
#8228=ORIENTED_EDGE('',*,*,#5101,.F.);
#8229=ORIENTED_EDGE('',*,*,#5094,.F.);
#8230=ORIENTED_EDGE('',*,*,#5098,.F.);
#8231=ORIENTED_EDGE('',*,*,#5110,.F.);
#8232=ORIENTED_EDGE('',*,*,#5103,.F.);
#8233=ORIENTED_EDGE('',*,*,#5107,.F.);
#8234=ORIENTED_EDGE('',*,*,#5119,.F.);
#8235=ORIENTED_EDGE('',*,*,#5112,.F.);
#8236=ORIENTED_EDGE('',*,*,#5116,.F.);
#8237=ORIENTED_EDGE('',*,*,#5128,.F.);
#8238=ORIENTED_EDGE('',*,*,#5121,.F.);
#8239=ORIENTED_EDGE('',*,*,#5125,.F.);
#8240=ORIENTED_EDGE('',*,*,#5137,.F.);
#8241=ORIENTED_EDGE('',*,*,#5130,.F.);
#8242=ORIENTED_EDGE('',*,*,#5134,.F.);
#8243=ORIENTED_EDGE('',*,*,#5146,.F.);
#8244=ORIENTED_EDGE('',*,*,#5139,.F.);
#8245=ORIENTED_EDGE('',*,*,#5143,.F.);
#8246=ORIENTED_EDGE('',*,*,#5150,.F.);
#8247=ORIENTED_EDGE('',*,*,#5158,.F.);
#8248=ORIENTED_EDGE('',*,*,#5151,.F.);
#8249=ORIENTED_EDGE('',*,*,#5155,.F.);
#8250=ORIENTED_EDGE('',*,*,#5167,.F.);
#8251=ORIENTED_EDGE('',*,*,#5160,.F.);
#8252=ORIENTED_EDGE('',*,*,#5164,.F.);
#8253=ORIENTED_EDGE('',*,*,#5176,.F.);
#8254=ORIENTED_EDGE('',*,*,#5169,.F.);
#8255=ORIENTED_EDGE('',*,*,#5173,.F.);
#8256=ORIENTED_EDGE('',*,*,#5185,.F.);
#8257=ORIENTED_EDGE('',*,*,#5178,.F.);
#8258=ORIENTED_EDGE('',*,*,#5182,.F.);
#8259=ORIENTED_EDGE('',*,*,#5194,.F.);
#8260=ORIENTED_EDGE('',*,*,#5187,.F.);
#8261=ORIENTED_EDGE('',*,*,#5191,.F.);
#8262=ORIENTED_EDGE('',*,*,#5203,.F.);
#8263=ORIENTED_EDGE('',*,*,#5196,.F.);
#8264=ORIENTED_EDGE('',*,*,#5200,.F.);
#8265=ORIENTED_EDGE('',*,*,#5212,.F.);
#8266=ORIENTED_EDGE('',*,*,#5205,.F.);
#8267=ORIENTED_EDGE('',*,*,#5209,.F.);
#8268=ORIENTED_EDGE('',*,*,#5221,.F.);
#8269=ORIENTED_EDGE('',*,*,#5214,.F.);
#8270=ORIENTED_EDGE('',*,*,#5218,.F.);
#8271=ORIENTED_EDGE('',*,*,#5230,.F.);
#8272=ORIENTED_EDGE('',*,*,#5223,.F.);
#8273=ORIENTED_EDGE('',*,*,#5227,.F.);
#8274=ORIENTED_EDGE('',*,*,#5239,.F.);
#8275=ORIENTED_EDGE('',*,*,#5232,.F.);
#8276=ORIENTED_EDGE('',*,*,#5236,.F.);
#8277=ORIENTED_EDGE('',*,*,#5248,.F.);
#8278=ORIENTED_EDGE('',*,*,#5241,.F.);
#8279=ORIENTED_EDGE('',*,*,#5245,.F.);
#8280=ORIENTED_EDGE('',*,*,#5257,.F.);
#8281=ORIENTED_EDGE('',*,*,#5250,.F.);
#8282=ORIENTED_EDGE('',*,*,#5254,.F.);
#8283=ORIENTED_EDGE('',*,*,#5266,.F.);
#8284=ORIENTED_EDGE('',*,*,#5259,.F.);
#8285=ORIENTED_EDGE('',*,*,#5263,.F.);
#8286=ORIENTED_EDGE('',*,*,#5275,.F.);
#8287=ORIENTED_EDGE('',*,*,#5268,.F.);
#8288=ORIENTED_EDGE('',*,*,#5272,.F.);
#8289=ORIENTED_EDGE('',*,*,#5284,.F.);
#8290=ORIENTED_EDGE('',*,*,#5277,.F.);
#8291=ORIENTED_EDGE('',*,*,#5281,.F.);
#8292=ORIENTED_EDGE('',*,*,#5293,.F.);
#8293=ORIENTED_EDGE('',*,*,#5286,.F.);
#8294=ORIENTED_EDGE('',*,*,#5290,.F.);
#8295=ORIENTED_EDGE('',*,*,#5302,.F.);
#8296=ORIENTED_EDGE('',*,*,#5295,.F.);
#8297=ORIENTED_EDGE('',*,*,#5299,.F.);
#8298=ORIENTED_EDGE('',*,*,#5311,.F.);
#8299=ORIENTED_EDGE('',*,*,#5304,.F.);
#8300=ORIENTED_EDGE('',*,*,#5308,.F.);
#8301=ORIENTED_EDGE('',*,*,#5320,.F.);
#8302=ORIENTED_EDGE('',*,*,#5313,.F.);
#8303=ORIENTED_EDGE('',*,*,#5317,.F.);
#8304=ORIENTED_EDGE('',*,*,#5329,.F.);
#8305=ORIENTED_EDGE('',*,*,#5322,.F.);
#8306=ORIENTED_EDGE('',*,*,#5326,.F.);
#8307=ORIENTED_EDGE('',*,*,#5338,.F.);
#8308=ORIENTED_EDGE('',*,*,#5331,.F.);
#8309=ORIENTED_EDGE('',*,*,#5335,.F.);
#8310=ORIENTED_EDGE('',*,*,#5347,.F.);
#8311=ORIENTED_EDGE('',*,*,#5340,.F.);
#8312=ORIENTED_EDGE('',*,*,#5344,.F.);
#8313=ORIENTED_EDGE('',*,*,#5356,.F.);
#8314=ORIENTED_EDGE('',*,*,#5349,.F.);
#8315=ORIENTED_EDGE('',*,*,#5353,.F.);
#8316=ORIENTED_EDGE('',*,*,#5365,.F.);
#8317=ORIENTED_EDGE('',*,*,#5358,.F.);
#8318=ORIENTED_EDGE('',*,*,#5362,.F.);
#8319=ORIENTED_EDGE('',*,*,#5374,.F.);
#8320=ORIENTED_EDGE('',*,*,#5367,.F.);
#8321=ORIENTED_EDGE('',*,*,#5371,.F.);
#8322=ORIENTED_EDGE('',*,*,#5383,.F.);
#8323=ORIENTED_EDGE('',*,*,#5376,.F.);
#8324=ORIENTED_EDGE('',*,*,#5380,.F.);
#8325=ORIENTED_EDGE('',*,*,#5392,.F.);
#8326=ORIENTED_EDGE('',*,*,#5385,.F.);
#8327=ORIENTED_EDGE('',*,*,#5389,.F.);
#8328=ORIENTED_EDGE('',*,*,#5401,.F.);
#8329=ORIENTED_EDGE('',*,*,#5394,.F.);
#8330=ORIENTED_EDGE('',*,*,#5398,.F.);
#8331=ORIENTED_EDGE('',*,*,#5410,.F.);
#8332=ORIENTED_EDGE('',*,*,#5403,.F.);
#8333=ORIENTED_EDGE('',*,*,#5407,.F.);
#8334=ORIENTED_EDGE('',*,*,#5419,.F.);
#8335=ORIENTED_EDGE('',*,*,#5412,.F.);
#8336=ORIENTED_EDGE('',*,*,#5416,.F.);
#8337=ORIENTED_EDGE('',*,*,#5428,.F.);
#8338=ORIENTED_EDGE('',*,*,#5421,.F.);
#8339=ORIENTED_EDGE('',*,*,#5425,.F.);
#8340=ORIENTED_EDGE('',*,*,#5437,.F.);
#8341=ORIENTED_EDGE('',*,*,#5430,.F.);
#8342=ORIENTED_EDGE('',*,*,#5434,.F.);
#8343=ORIENTED_EDGE('',*,*,#5446,.F.);
#8344=ORIENTED_EDGE('',*,*,#5439,.F.);
#8345=ORIENTED_EDGE('',*,*,#5443,.F.);
#8346=ORIENTED_EDGE('',*,*,#5455,.F.);
#8347=ORIENTED_EDGE('',*,*,#5448,.F.);
#8348=ORIENTED_EDGE('',*,*,#5452,.F.);
#8349=ORIENTED_EDGE('',*,*,#5464,.F.);
#8350=ORIENTED_EDGE('',*,*,#5457,.F.);
#8351=ORIENTED_EDGE('',*,*,#5461,.F.);
#8352=ORIENTED_EDGE('',*,*,#5473,.F.);
#8353=ORIENTED_EDGE('',*,*,#5466,.F.);
#8354=ORIENTED_EDGE('',*,*,#5470,.F.);
#8355=ORIENTED_EDGE('',*,*,#5482,.F.);
#8356=ORIENTED_EDGE('',*,*,#5475,.F.);
#8357=ORIENTED_EDGE('',*,*,#5479,.F.);
#8358=ORIENTED_EDGE('',*,*,#5491,.F.);
#8359=ORIENTED_EDGE('',*,*,#5484,.F.);
#8360=ORIENTED_EDGE('',*,*,#5488,.F.);
#8361=ORIENTED_EDGE('',*,*,#5500,.F.);
#8362=ORIENTED_EDGE('',*,*,#5493,.F.);
#8363=ORIENTED_EDGE('',*,*,#5497,.F.);
#8364=ORIENTED_EDGE('',*,*,#5509,.F.);
#8365=ORIENTED_EDGE('',*,*,#5502,.F.);
#8366=ORIENTED_EDGE('',*,*,#5506,.F.);
#8367=ORIENTED_EDGE('',*,*,#5518,.F.);
#8368=ORIENTED_EDGE('',*,*,#5511,.F.);
#8369=ORIENTED_EDGE('',*,*,#5515,.F.);
#8370=ORIENTED_EDGE('',*,*,#5527,.F.);
#8371=ORIENTED_EDGE('',*,*,#5520,.F.);
#8372=ORIENTED_EDGE('',*,*,#5524,.F.);
#8373=ORIENTED_EDGE('',*,*,#5536,.F.);
#8374=ORIENTED_EDGE('',*,*,#5529,.F.);
#8375=ORIENTED_EDGE('',*,*,#5533,.F.);
#8376=ORIENTED_EDGE('',*,*,#5545,.F.);
#8377=ORIENTED_EDGE('',*,*,#5538,.F.);
#8378=ORIENTED_EDGE('',*,*,#5542,.F.);
#8379=ORIENTED_EDGE('',*,*,#5554,.F.);
#8380=ORIENTED_EDGE('',*,*,#5547,.F.);
#8381=ORIENTED_EDGE('',*,*,#5551,.F.);
#8382=ORIENTED_EDGE('',*,*,#5563,.F.);
#8383=ORIENTED_EDGE('',*,*,#5556,.F.);
#8384=ORIENTED_EDGE('',*,*,#5560,.F.);
#8385=ORIENTED_EDGE('',*,*,#5572,.F.);
#8386=ORIENTED_EDGE('',*,*,#5565,.F.);
#8387=ORIENTED_EDGE('',*,*,#5569,.F.);
#8388=ORIENTED_EDGE('',*,*,#5581,.F.);
#8389=ORIENTED_EDGE('',*,*,#5574,.F.);
#8390=ORIENTED_EDGE('',*,*,#5578,.F.);
#8391=ORIENTED_EDGE('',*,*,#5590,.F.);
#8392=ORIENTED_EDGE('',*,*,#5583,.F.);
#8393=ORIENTED_EDGE('',*,*,#5587,.F.);
#8394=ORIENTED_EDGE('',*,*,#5599,.F.);
#8395=ORIENTED_EDGE('',*,*,#5592,.F.);
#8396=ORIENTED_EDGE('',*,*,#5596,.F.);
#8397=ORIENTED_EDGE('',*,*,#5608,.F.);
#8398=ORIENTED_EDGE('',*,*,#5601,.F.);
#8399=ORIENTED_EDGE('',*,*,#5605,.F.);
#8400=ORIENTED_EDGE('',*,*,#5617,.F.);
#8401=ORIENTED_EDGE('',*,*,#5610,.F.);
#8402=ORIENTED_EDGE('',*,*,#5614,.F.);
#8403=ORIENTED_EDGE('',*,*,#5621,.F.);
#8404=ORIENTED_EDGE('',*,*,#5629,.F.);
#8405=ORIENTED_EDGE('',*,*,#5622,.F.);
#8406=ORIENTED_EDGE('',*,*,#5626,.F.);
#8407=ORIENTED_EDGE('',*,*,#5638,.F.);
#8408=ORIENTED_EDGE('',*,*,#5631,.F.);
#8409=ORIENTED_EDGE('',*,*,#5635,.F.);
#8410=ORIENTED_EDGE('',*,*,#5647,.F.);
#8411=ORIENTED_EDGE('',*,*,#5640,.F.);
#8412=ORIENTED_EDGE('',*,*,#5644,.F.);
#8413=ORIENTED_EDGE('',*,*,#5656,.F.);
#8414=ORIENTED_EDGE('',*,*,#5649,.F.);
#8415=ORIENTED_EDGE('',*,*,#5653,.F.);
#8416=ORIENTED_EDGE('',*,*,#5665,.F.);
#8417=ORIENTED_EDGE('',*,*,#5658,.F.);
#8418=ORIENTED_EDGE('',*,*,#5662,.F.);
#8419=ORIENTED_EDGE('',*,*,#5674,.F.);
#8420=ORIENTED_EDGE('',*,*,#5667,.F.);
#8421=ORIENTED_EDGE('',*,*,#5671,.F.);
#8422=ORIENTED_EDGE('',*,*,#5683,.F.);
#8423=ORIENTED_EDGE('',*,*,#5676,.F.);
#8424=ORIENTED_EDGE('',*,*,#5680,.F.);
#8425=ORIENTED_EDGE('',*,*,#5692,.F.);
#8426=ORIENTED_EDGE('',*,*,#5685,.F.);
#8427=ORIENTED_EDGE('',*,*,#5689,.F.);
#8428=ORIENTED_EDGE('',*,*,#5701,.F.);
#8429=ORIENTED_EDGE('',*,*,#5694,.F.);
#8430=ORIENTED_EDGE('',*,*,#5698,.F.);
#8431=ORIENTED_EDGE('',*,*,#5710,.F.);
#8432=ORIENTED_EDGE('',*,*,#5703,.F.);
#8433=ORIENTED_EDGE('',*,*,#5707,.F.);
#8434=ORIENTED_EDGE('',*,*,#5719,.F.);
#8435=ORIENTED_EDGE('',*,*,#5712,.F.);
#8436=ORIENTED_EDGE('',*,*,#5716,.F.);
#8437=ORIENTED_EDGE('',*,*,#5728,.F.);
#8438=ORIENTED_EDGE('',*,*,#5721,.F.);
#8439=ORIENTED_EDGE('',*,*,#5725,.F.);
#8440=ORIENTED_EDGE('',*,*,#5737,.F.);
#8441=ORIENTED_EDGE('',*,*,#5730,.F.);
#8442=ORIENTED_EDGE('',*,*,#5734,.F.);
#8443=ORIENTED_EDGE('',*,*,#5746,.F.);
#8444=ORIENTED_EDGE('',*,*,#5739,.F.);
#8445=ORIENTED_EDGE('',*,*,#5743,.F.);
#8446=ORIENTED_EDGE('',*,*,#5755,.F.);
#8447=ORIENTED_EDGE('',*,*,#5748,.F.);
#8448=ORIENTED_EDGE('',*,*,#5752,.F.);
#8449=ORIENTED_EDGE('',*,*,#5764,.F.);
#8450=ORIENTED_EDGE('',*,*,#5757,.F.);
#8451=ORIENTED_EDGE('',*,*,#5761,.F.);
#8452=ORIENTED_EDGE('',*,*,#5773,.F.);
#8453=ORIENTED_EDGE('',*,*,#5766,.F.);
#8454=ORIENTED_EDGE('',*,*,#5770,.F.);
#8455=ORIENTED_EDGE('',*,*,#5782,.F.);
#8456=ORIENTED_EDGE('',*,*,#5775,.F.);
#8457=ORIENTED_EDGE('',*,*,#5779,.F.);
#8458=ORIENTED_EDGE('',*,*,#5791,.F.);
#8459=ORIENTED_EDGE('',*,*,#5784,.F.);
#8460=ORIENTED_EDGE('',*,*,#5788,.F.);
#8461=ORIENTED_EDGE('',*,*,#5800,.F.);
#8462=ORIENTED_EDGE('',*,*,#5793,.F.);
#8463=ORIENTED_EDGE('',*,*,#5797,.F.);
#8464=ORIENTED_EDGE('',*,*,#5809,.F.);
#8465=ORIENTED_EDGE('',*,*,#5802,.F.);
#8466=ORIENTED_EDGE('',*,*,#5806,.F.);
#8467=ORIENTED_EDGE('',*,*,#5818,.F.);
#8468=ORIENTED_EDGE('',*,*,#5811,.F.);
#8469=ORIENTED_EDGE('',*,*,#5815,.F.);
#8470=ORIENTED_EDGE('',*,*,#5827,.F.);
#8471=ORIENTED_EDGE('',*,*,#5820,.F.);
#8472=ORIENTED_EDGE('',*,*,#5824,.F.);
#8473=ORIENTED_EDGE('',*,*,#5836,.F.);
#8474=ORIENTED_EDGE('',*,*,#5829,.F.);
#8475=ORIENTED_EDGE('',*,*,#5833,.F.);
#8476=ORIENTED_EDGE('',*,*,#5845,.F.);
#8477=ORIENTED_EDGE('',*,*,#5838,.F.);
#8478=ORIENTED_EDGE('',*,*,#5842,.F.);
#8479=ORIENTED_EDGE('',*,*,#5854,.F.);
#8480=ORIENTED_EDGE('',*,*,#5847,.F.);
#8481=ORIENTED_EDGE('',*,*,#5851,.F.);
#8482=ORIENTED_EDGE('',*,*,#5863,.F.);
#8483=ORIENTED_EDGE('',*,*,#5856,.F.);
#8484=ORIENTED_EDGE('',*,*,#5860,.F.);
#8485=ORIENTED_EDGE('',*,*,#5872,.F.);
#8486=ORIENTED_EDGE('',*,*,#5865,.F.);
#8487=ORIENTED_EDGE('',*,*,#5869,.F.);
#8488=ORIENTED_EDGE('',*,*,#5881,.F.);
#8489=ORIENTED_EDGE('',*,*,#5874,.F.);
#8490=ORIENTED_EDGE('',*,*,#5878,.F.);
#8491=ORIENTED_EDGE('',*,*,#5890,.F.);
#8492=ORIENTED_EDGE('',*,*,#5883,.F.);
#8493=ORIENTED_EDGE('',*,*,#5887,.F.);
#8494=ORIENTED_EDGE('',*,*,#5899,.F.);
#8495=ORIENTED_EDGE('',*,*,#5892,.F.);
#8496=ORIENTED_EDGE('',*,*,#5896,.F.);
#8497=ORIENTED_EDGE('',*,*,#5908,.F.);
#8498=ORIENTED_EDGE('',*,*,#5901,.F.);
#8499=ORIENTED_EDGE('',*,*,#5905,.F.);
#8500=ORIENTED_EDGE('',*,*,#5917,.F.);
#8501=ORIENTED_EDGE('',*,*,#5910,.F.);
#8502=ORIENTED_EDGE('',*,*,#5914,.F.);
#8503=ORIENTED_EDGE('',*,*,#5926,.F.);
#8504=ORIENTED_EDGE('',*,*,#5919,.F.);
#8505=ORIENTED_EDGE('',*,*,#5923,.F.);
#8506=ORIENTED_EDGE('',*,*,#5935,.F.);
#8507=ORIENTED_EDGE('',*,*,#5928,.F.);
#8508=ORIENTED_EDGE('',*,*,#5932,.F.);
#8509=ORIENTED_EDGE('',*,*,#5944,.F.);
#8510=ORIENTED_EDGE('',*,*,#5937,.F.);
#8511=ORIENTED_EDGE('',*,*,#5941,.F.);
#8512=ORIENTED_EDGE('',*,*,#5953,.F.);
#8513=ORIENTED_EDGE('',*,*,#5946,.F.);
#8514=ORIENTED_EDGE('',*,*,#5950,.F.);
#8515=ORIENTED_EDGE('',*,*,#5962,.F.);
#8516=ORIENTED_EDGE('',*,*,#5955,.F.);
#8517=ORIENTED_EDGE('',*,*,#5959,.F.);
#8518=ORIENTED_EDGE('',*,*,#5971,.F.);
#8519=ORIENTED_EDGE('',*,*,#5964,.F.);
#8520=ORIENTED_EDGE('',*,*,#5968,.F.);
#8521=ORIENTED_EDGE('',*,*,#5980,.F.);
#8522=ORIENTED_EDGE('',*,*,#5973,.F.);
#8523=ORIENTED_EDGE('',*,*,#5977,.F.);
#8524=ORIENTED_EDGE('',*,*,#5989,.F.);
#8525=ORIENTED_EDGE('',*,*,#5982,.F.);
#8526=ORIENTED_EDGE('',*,*,#5986,.F.);
#8527=ORIENTED_EDGE('',*,*,#5998,.F.);
#8528=ORIENTED_EDGE('',*,*,#5991,.F.);
#8529=ORIENTED_EDGE('',*,*,#5995,.F.);
#8530=ORIENTED_EDGE('',*,*,#6007,.F.);
#8531=ORIENTED_EDGE('',*,*,#6000,.F.);
#8532=ORIENTED_EDGE('',*,*,#6004,.F.);
#8533=ORIENTED_EDGE('',*,*,#6016,.F.);
#8534=ORIENTED_EDGE('',*,*,#6009,.F.);
#8535=ORIENTED_EDGE('',*,*,#6013,.F.);
#8536=ORIENTED_EDGE('',*,*,#6025,.F.);
#8537=ORIENTED_EDGE('',*,*,#6018,.F.);
#8538=ORIENTED_EDGE('',*,*,#6022,.F.);
#8539=ORIENTED_EDGE('',*,*,#6034,.F.);
#8540=ORIENTED_EDGE('',*,*,#6027,.F.);
#8541=ORIENTED_EDGE('',*,*,#6031,.F.);
#8542=ORIENTED_EDGE('',*,*,#6043,.F.);
#8543=ORIENTED_EDGE('',*,*,#6036,.F.);
#8544=ORIENTED_EDGE('',*,*,#6040,.F.);
#8545=ORIENTED_EDGE('',*,*,#6052,.F.);
#8546=ORIENTED_EDGE('',*,*,#6045,.F.);
#8547=ORIENTED_EDGE('',*,*,#6049,.F.);
#8548=ORIENTED_EDGE('',*,*,#6061,.F.);
#8549=ORIENTED_EDGE('',*,*,#6054,.F.);
#8550=ORIENTED_EDGE('',*,*,#6058,.F.);
#8551=ORIENTED_EDGE('',*,*,#6070,.F.);
#8552=ORIENTED_EDGE('',*,*,#6063,.F.);
#8553=ORIENTED_EDGE('',*,*,#6067,.F.);
#8554=ORIENTED_EDGE('',*,*,#6079,.F.);
#8555=ORIENTED_EDGE('',*,*,#6072,.F.);
#8556=ORIENTED_EDGE('',*,*,#6076,.F.);
#8557=ORIENTED_EDGE('',*,*,#6083,.F.);
#8558=ORIENTED_EDGE('',*,*,#6091,.F.);
#8559=ORIENTED_EDGE('',*,*,#6084,.F.);
#8560=ORIENTED_EDGE('',*,*,#6088,.F.);
#8561=ORIENTED_EDGE('',*,*,#6100,.F.);
#8562=ORIENTED_EDGE('',*,*,#6093,.F.);
#8563=ORIENTED_EDGE('',*,*,#6097,.F.);
#8564=ORIENTED_EDGE('',*,*,#6109,.F.);
#8565=ORIENTED_EDGE('',*,*,#6102,.F.);
#8566=ORIENTED_EDGE('',*,*,#6106,.F.);
#8567=ORIENTED_EDGE('',*,*,#6118,.F.);
#8568=ORIENTED_EDGE('',*,*,#6111,.F.);
#8569=ORIENTED_EDGE('',*,*,#6115,.F.);
#8570=ORIENTED_EDGE('',*,*,#6127,.F.);
#8571=ORIENTED_EDGE('',*,*,#6120,.F.);
#8572=ORIENTED_EDGE('',*,*,#6124,.F.);
#8573=ORIENTED_EDGE('',*,*,#6136,.F.);
#8574=ORIENTED_EDGE('',*,*,#6129,.F.);
#8575=ORIENTED_EDGE('',*,*,#6133,.F.);
#8576=ORIENTED_EDGE('',*,*,#6145,.F.);
#8577=ORIENTED_EDGE('',*,*,#6138,.F.);
#8578=ORIENTED_EDGE('',*,*,#6142,.F.);
#8579=ORIENTED_EDGE('',*,*,#6154,.F.);
#8580=ORIENTED_EDGE('',*,*,#6147,.F.);
#8581=ORIENTED_EDGE('',*,*,#6151,.F.);
#8582=ORIENTED_EDGE('',*,*,#6163,.F.);
#8583=ORIENTED_EDGE('',*,*,#6156,.F.);
#8584=ORIENTED_EDGE('',*,*,#6160,.F.);
#8585=ORIENTED_EDGE('',*,*,#4983,.T.);
#8586=ORIENTED_EDGE('',*,*,#4979,.T.);
#8587=ORIENTED_EDGE('',*,*,#4975,.T.);
#8588=ORIENTED_EDGE('',*,*,#4971,.T.);
#8589=CYLINDRICAL_SURFACE('',#9031,2.75);
#8590=CYLINDRICAL_SURFACE('',#9036,2.75);
#8591=CYLINDRICAL_SURFACE('',#9041,2.75);
#8592=CYLINDRICAL_SURFACE('',#9046,2.75);
#8593=CYLINDRICAL_SURFACE('',#9051,5.);
#8594=CYLINDRICAL_SURFACE('',#9054,1.6);
#8595=CYLINDRICAL_SURFACE('',#9058,5.);
#8596=CYLINDRICAL_SURFACE('',#9061,1.6);
#8597=CYLINDRICAL_SURFACE('',#9066,1.6);
#8598=CYLINDRICAL_SURFACE('',#9068,5.);
#8599=CYLINDRICAL_SURFACE('',#9073,1.6);
#8600=CYLINDRICAL_SURFACE('',#9075,5.);
#8601=CYLINDRICAL_SURFACE('',#9082,1.6);
#8602=CYLINDRICAL_SURFACE('',#9124,1.6);
#8603=CYLINDRICAL_SURFACE('',#9283,1.6);
#8604=CYLINDRICAL_SURFACE('',#9439,1.6);
#8605=ADVANCED_FACE('',(#687),#8589,.F.);
#8606=ADVANCED_FACE('',(#688,#15),#291,.F.);
#8607=ADVANCED_FACE('',(#689),#8590,.F.);
#8608=ADVANCED_FACE('',(#690,#16),#292,.F.);
#8609=ADVANCED_FACE('',(#691),#8591,.F.);
#8610=ADVANCED_FACE('',(#692,#17),#293,.F.);
#8611=ADVANCED_FACE('',(#693),#8592,.F.);
#8612=ADVANCED_FACE('',(#694,#18),#294,.F.);
#8613=ADVANCED_FACE('',(#695),#8593,.T.);
#8614=ADVANCED_FACE('',(#696),#8594,.F.);
#8615=ADVANCED_FACE('',(#697),#295,.T.);
#8616=ADVANCED_FACE('',(#698,#19),#296,.T.);
#8617=ADVANCED_FACE('',(#699),#8595,.T.);
#8618=ADVANCED_FACE('',(#700),#8596,.F.);
#8619=ADVANCED_FACE('',(#701),#297,.T.);
#8620=ADVANCED_FACE('',(#702,#20),#298,.T.);
#8621=ADVANCED_FACE('',(#703),#299,.T.);
#8622=ADVANCED_FACE('',(#704),#8597,.F.);
#8623=ADVANCED_FACE('',(#705),#8598,.T.);
#8624=ADVANCED_FACE('',(#706,#21),#300,.T.);
#8625=ADVANCED_FACE('',(#707),#301,.T.);
#8626=ADVANCED_FACE('',(#708),#8599,.F.);
#8627=ADVANCED_FACE('',(#709),#8600,.T.);
#8628=ADVANCED_FACE('',(#710,#22),#302,.T.);
#8629=ADVANCED_FACE('',(#711),#303,.T.);
#8630=ADVANCED_FACE('',(#712),#304,.T.);
#8631=ADVANCED_FACE('',(#713),#305,.T.);
#8632=ADVANCED_FACE('',(#714),#8601,.F.);
#8633=ADVANCED_FACE('',(#715),#306,.T.);
#8634=ADVANCED_FACE('',(#716),#307,.T.);
#8635=ADVANCED_FACE('',(#717),#308,.T.);
#8636=ADVANCED_FACE('',(#718),#309,.T.);
#8637=ADVANCED_FACE('',(#719),#310,.T.);
#8638=ADVANCED_FACE('',(#720),#311,.T.);
#8639=ADVANCED_FACE('',(#721),#312,.T.);
#8640=ADVANCED_FACE('',(#722),#313,.T.);
#8641=ADVANCED_FACE('',(#723),#314,.T.);
#8642=ADVANCED_FACE('',(#724),#315,.T.);
#8643=ADVANCED_FACE('',(#725),#316,.T.);
#8644=ADVANCED_FACE('',(#726),#317,.T.);
#8645=ADVANCED_FACE('',(#727),#318,.T.);
#8646=ADVANCED_FACE('',(#728),#319,.T.);
#8647=ADVANCED_FACE('',(#729),#320,.T.);
#8648=ADVANCED_FACE('',(#730),#321,.T.);
#8649=ADVANCED_FACE('',(#731),#322,.T.);
#8650=ADVANCED_FACE('',(#732),#323,.T.);
#8651=ADVANCED_FACE('',(#733),#324,.T.);
#8652=ADVANCED_FACE('',(#734),#325,.T.);
#8653=ADVANCED_FACE('',(#735),#326,.T.);
#8654=ADVANCED_FACE('',(#736),#327,.T.);
#8655=ADVANCED_FACE('',(#737),#328,.T.);
#8656=ADVANCED_FACE('',(#738),#329,.T.);
#8657=ADVANCED_FACE('',(#739),#330,.T.);
#8658=ADVANCED_FACE('',(#740),#331,.T.);
#8659=ADVANCED_FACE('',(#741),#332,.T.);
#8660=ADVANCED_FACE('',(#742),#333,.T.);
#8661=ADVANCED_FACE('',(#743),#334,.T.);
#8662=ADVANCED_FACE('',(#744),#335,.T.);
#8663=ADVANCED_FACE('',(#745),#336,.T.);
#8664=ADVANCED_FACE('',(#746),#337,.T.);
#8665=ADVANCED_FACE('',(#747),#338,.T.);
#8666=ADVANCED_FACE('',(#748),#339,.T.);
#8667=ADVANCED_FACE('',(#749),#340,.T.);
#8668=ADVANCED_FACE('',(#750),#341,.T.);
#8669=ADVANCED_FACE('',(#751),#342,.T.);
#8670=ADVANCED_FACE('',(#752),#343,.T.);
#8671=ADVANCED_FACE('',(#753),#344,.T.);
#8672=ADVANCED_FACE('',(#754),#8602,.F.);
#8673=ADVANCED_FACE('',(#755),#345,.T.);
#8674=ADVANCED_FACE('',(#756),#346,.T.);
#8675=ADVANCED_FACE('',(#757),#347,.T.);
#8676=ADVANCED_FACE('',(#758),#348,.T.);
#8677=ADVANCED_FACE('',(#759),#349,.T.);
#8678=ADVANCED_FACE('',(#760),#350,.T.);
#8679=ADVANCED_FACE('',(#761),#351,.T.);
#8680=ADVANCED_FACE('',(#762),#352,.T.);
#8681=ADVANCED_FACE('',(#763),#353,.T.);
#8682=ADVANCED_FACE('',(#764),#354,.T.);
#8683=ADVANCED_FACE('',(#765),#355,.T.);
#8684=ADVANCED_FACE('',(#766),#356,.T.);
#8685=ADVANCED_FACE('',(#767),#357,.T.);
#8686=ADVANCED_FACE('',(#768),#358,.T.);
#8687=ADVANCED_FACE('',(#769),#359,.T.);
#8688=ADVANCED_FACE('',(#770),#360,.T.);
#8689=ADVANCED_FACE('',(#771),#361,.T.);
#8690=ADVANCED_FACE('',(#772),#362,.T.);
#8691=ADVANCED_FACE('',(#773),#363,.T.);
#8692=ADVANCED_FACE('',(#774),#364,.T.);
#8693=ADVANCED_FACE('',(#775),#365,.T.);
#8694=ADVANCED_FACE('',(#776),#366,.T.);
#8695=ADVANCED_FACE('',(#777),#367,.T.);
#8696=ADVANCED_FACE('',(#778),#368,.T.);
#8697=ADVANCED_FACE('',(#779),#369,.T.);
#8698=ADVANCED_FACE('',(#780),#370,.T.);
#8699=ADVANCED_FACE('',(#781),#371,.T.);
#8700=ADVANCED_FACE('',(#782),#372,.T.);
#8701=ADVANCED_FACE('',(#783),#373,.T.);
#8702=ADVANCED_FACE('',(#784),#374,.T.);
#8703=ADVANCED_FACE('',(#785),#375,.T.);
#8704=ADVANCED_FACE('',(#786),#376,.T.);
#8705=ADVANCED_FACE('',(#787),#377,.T.);
#8706=ADVANCED_FACE('',(#788),#378,.T.);
#8707=ADVANCED_FACE('',(#789),#379,.T.);
#8708=ADVANCED_FACE('',(#790),#380,.T.);
#8709=ADVANCED_FACE('',(#791),#381,.T.);
#8710=ADVANCED_FACE('',(#792),#382,.T.);
#8711=ADVANCED_FACE('',(#793),#383,.T.);
#8712=ADVANCED_FACE('',(#794),#384,.T.);
#8713=ADVANCED_FACE('',(#795),#385,.T.);
#8714=ADVANCED_FACE('',(#796),#386,.T.);
#8715=ADVANCED_FACE('',(#797),#387,.T.);
#8716=ADVANCED_FACE('',(#798),#388,.T.);
#8717=ADVANCED_FACE('',(#799),#389,.T.);
#8718=ADVANCED_FACE('',(#800),#390,.T.);
#8719=ADVANCED_FACE('',(#801),#391,.T.);
#8720=ADVANCED_FACE('',(#802),#392,.T.);
#8721=ADVANCED_FACE('',(#803),#393,.T.);
#8722=ADVANCED_FACE('',(#804),#394,.T.);
#8723=ADVANCED_FACE('',(#805),#395,.T.);
#8724=ADVANCED_FACE('',(#806),#396,.T.);
#8725=ADVANCED_FACE('',(#807),#397,.T.);
#8726=ADVANCED_FACE('',(#808),#398,.T.);
#8727=ADVANCED_FACE('',(#809),#399,.T.);
#8728=ADVANCED_FACE('',(#810),#400,.T.);
#8729=ADVANCED_FACE('',(#811),#401,.T.);
#8730=ADVANCED_FACE('',(#812),#402,.T.);
#8731=ADVANCED_FACE('',(#813),#403,.T.);
#8732=ADVANCED_FACE('',(#814),#404,.T.);
#8733=ADVANCED_FACE('',(#815),#405,.T.);
#8734=ADVANCED_FACE('',(#816),#406,.T.);
#8735=ADVANCED_FACE('',(#817),#407,.T.);
#8736=ADVANCED_FACE('',(#818),#408,.T.);
#8737=ADVANCED_FACE('',(#819),#409,.T.);
#8738=ADVANCED_FACE('',(#820),#410,.T.);
#8739=ADVANCED_FACE('',(#821),#411,.T.);
#8740=ADVANCED_FACE('',(#822),#412,.T.);
#8741=ADVANCED_FACE('',(#823),#413,.T.);
#8742=ADVANCED_FACE('',(#824),#414,.T.);
#8743=ADVANCED_FACE('',(#825),#415,.T.);
#8744=ADVANCED_FACE('',(#826),#416,.T.);
#8745=ADVANCED_FACE('',(#827),#417,.T.);
#8746=ADVANCED_FACE('',(#828),#418,.T.);
#8747=ADVANCED_FACE('',(#829),#419,.T.);
#8748=ADVANCED_FACE('',(#830),#420,.T.);
#8749=ADVANCED_FACE('',(#831),#421,.T.);
#8750=ADVANCED_FACE('',(#832),#422,.T.);
#8751=ADVANCED_FACE('',(#833),#423,.T.);
#8752=ADVANCED_FACE('',(#834),#424,.T.);
#8753=ADVANCED_FACE('',(#835),#425,.T.);
#8754=ADVANCED_FACE('',(#836),#426,.T.);
#8755=ADVANCED_FACE('',(#837),#427,.T.);
#8756=ADVANCED_FACE('',(#838),#428,.T.);
#8757=ADVANCED_FACE('',(#839),#429,.T.);
#8758=ADVANCED_FACE('',(#840),#430,.T.);
#8759=ADVANCED_FACE('',(#841),#431,.T.);
#8760=ADVANCED_FACE('',(#842),#432,.T.);
#8761=ADVANCED_FACE('',(#843),#433,.T.);
#8762=ADVANCED_FACE('',(#844),#434,.T.);
#8763=ADVANCED_FACE('',(#845),#435,.T.);
#8764=ADVANCED_FACE('',(#846),#436,.T.);
#8765=ADVANCED_FACE('',(#847),#437,.T.);
#8766=ADVANCED_FACE('',(#848),#438,.T.);
#8767=ADVANCED_FACE('',(#849),#439,.T.);
#8768=ADVANCED_FACE('',(#850),#440,.T.);
#8769=ADVANCED_FACE('',(#851),#441,.T.);
#8770=ADVANCED_FACE('',(#852),#442,.T.);
#8771=ADVANCED_FACE('',(#853),#443,.T.);
#8772=ADVANCED_FACE('',(#854),#444,.T.);
#8773=ADVANCED_FACE('',(#855),#445,.T.);
#8774=ADVANCED_FACE('',(#856),#446,.T.);
#8775=ADVANCED_FACE('',(#857),#447,.T.);
#8776=ADVANCED_FACE('',(#858),#448,.T.);
#8777=ADVANCED_FACE('',(#859),#449,.T.);
#8778=ADVANCED_FACE('',(#860),#450,.T.);
#8779=ADVANCED_FACE('',(#861),#451,.T.);
#8780=ADVANCED_FACE('',(#862),#452,.T.);
#8781=ADVANCED_FACE('',(#863),#453,.T.);
#8782=ADVANCED_FACE('',(#864),#454,.T.);
#8783=ADVANCED_FACE('',(#865),#455,.T.);
#8784=ADVANCED_FACE('',(#866),#456,.T.);
#8785=ADVANCED_FACE('',(#867),#457,.T.);
#8786=ADVANCED_FACE('',(#868),#458,.T.);
#8787=ADVANCED_FACE('',(#869),#459,.T.);
#8788=ADVANCED_FACE('',(#870),#460,.T.);
#8789=ADVANCED_FACE('',(#871),#461,.T.);
#8790=ADVANCED_FACE('',(#872),#462,.T.);
#8791=ADVANCED_FACE('',(#873),#463,.T.);
#8792=ADVANCED_FACE('',(#874),#464,.T.);
#8793=ADVANCED_FACE('',(#875),#465,.T.);
#8794=ADVANCED_FACE('',(#876),#466,.T.);
#8795=ADVANCED_FACE('',(#877),#467,.T.);
#8796=ADVANCED_FACE('',(#878),#468,.T.);
#8797=ADVANCED_FACE('',(#879),#469,.T.);
#8798=ADVANCED_FACE('',(#880),#470,.T.);
#8799=ADVANCED_FACE('',(#881),#471,.T.);
#8800=ADVANCED_FACE('',(#882),#472,.T.);
#8801=ADVANCED_FACE('',(#883),#473,.T.);
#8802=ADVANCED_FACE('',(#884),#474,.T.);
#8803=ADVANCED_FACE('',(#885),#475,.T.);
#8804=ADVANCED_FACE('',(#886),#476,.T.);
#8805=ADVANCED_FACE('',(#887),#477,.T.);
#8806=ADVANCED_FACE('',(#888),#478,.T.);
#8807=ADVANCED_FACE('',(#889),#479,.T.);
#8808=ADVANCED_FACE('',(#890),#480,.T.);
#8809=ADVANCED_FACE('',(#891),#481,.T.);
#8810=ADVANCED_FACE('',(#892),#482,.T.);
#8811=ADVANCED_FACE('',(#893),#483,.T.);
#8812=ADVANCED_FACE('',(#894),#484,.T.);
#8813=ADVANCED_FACE('',(#895),#485,.T.);
#8814=ADVANCED_FACE('',(#896),#486,.T.);
#8815=ADVANCED_FACE('',(#897),#487,.T.);
#8816=ADVANCED_FACE('',(#898),#488,.T.);
#8817=ADVANCED_FACE('',(#899),#489,.T.);
#8818=ADVANCED_FACE('',(#900),#490,.T.);
#8819=ADVANCED_FACE('',(#901),#491,.T.);
#8820=ADVANCED_FACE('',(#902),#492,.T.);
#8821=ADVANCED_FACE('',(#903),#493,.T.);
#8822=ADVANCED_FACE('',(#904),#494,.T.);
#8823=ADVANCED_FACE('',(#905),#495,.T.);
#8824=ADVANCED_FACE('',(#906),#496,.T.);
#8825=ADVANCED_FACE('',(#907),#497,.T.);
#8826=ADVANCED_FACE('',(#908),#498,.T.);
#8827=ADVANCED_FACE('',(#909),#499,.T.);
#8828=ADVANCED_FACE('',(#910),#500,.T.);
#8829=ADVANCED_FACE('',(#911),#8603,.F.);
#8830=ADVANCED_FACE('',(#912),#501,.T.);
#8831=ADVANCED_FACE('',(#913),#502,.T.);
#8832=ADVANCED_FACE('',(#914),#503,.T.);
#8833=ADVANCED_FACE('',(#915),#504,.T.);
#8834=ADVANCED_FACE('',(#916),#505,.T.);
#8835=ADVANCED_FACE('',(#917),#506,.T.);
#8836=ADVANCED_FACE('',(#918),#507,.T.);
#8837=ADVANCED_FACE('',(#919),#508,.T.);
#8838=ADVANCED_FACE('',(#920),#509,.T.);
#8839=ADVANCED_FACE('',(#921),#510,.T.);
#8840=ADVANCED_FACE('',(#922),#511,.T.);
#8841=ADVANCED_FACE('',(#923),#512,.T.);
#8842=ADVANCED_FACE('',(#924),#513,.T.);
#8843=ADVANCED_FACE('',(#925),#514,.T.);
#8844=ADVANCED_FACE('',(#926),#515,.T.);
#8845=ADVANCED_FACE('',(#927),#516,.T.);
#8846=ADVANCED_FACE('',(#928),#517,.T.);
#8847=ADVANCED_FACE('',(#929),#518,.T.);
#8848=ADVANCED_FACE('',(#930),#519,.T.);
#8849=ADVANCED_FACE('',(#931),#520,.T.);
#8850=ADVANCED_FACE('',(#932),#521,.T.);
#8851=ADVANCED_FACE('',(#933),#522,.T.);
#8852=ADVANCED_FACE('',(#934),#523,.T.);
#8853=ADVANCED_FACE('',(#935),#524,.T.);
#8854=ADVANCED_FACE('',(#936),#525,.T.);
#8855=ADVANCED_FACE('',(#937),#526,.T.);
#8856=ADVANCED_FACE('',(#938),#527,.T.);
#8857=ADVANCED_FACE('',(#939),#528,.T.);
#8858=ADVANCED_FACE('',(#940),#529,.T.);
#8859=ADVANCED_FACE('',(#941),#530,.T.);
#8860=ADVANCED_FACE('',(#942),#531,.T.);
#8861=ADVANCED_FACE('',(#943),#532,.T.);
#8862=ADVANCED_FACE('',(#944),#533,.T.);
#8863=ADVANCED_FACE('',(#945),#534,.T.);
#8864=ADVANCED_FACE('',(#946),#535,.T.);
#8865=ADVANCED_FACE('',(#947),#536,.T.);
#8866=ADVANCED_FACE('',(#948),#537,.T.);
#8867=ADVANCED_FACE('',(#949),#538,.T.);
#8868=ADVANCED_FACE('',(#950),#539,.T.);
#8869=ADVANCED_FACE('',(#951),#540,.T.);
#8870=ADVANCED_FACE('',(#952),#541,.T.);
#8871=ADVANCED_FACE('',(#953),#542,.T.);
#8872=ADVANCED_FACE('',(#954),#543,.T.);
#8873=ADVANCED_FACE('',(#955),#544,.T.);
#8874=ADVANCED_FACE('',(#956),#545,.T.);
#8875=ADVANCED_FACE('',(#957),#546,.T.);
#8876=ADVANCED_FACE('',(#958),#547,.T.);
#8877=ADVANCED_FACE('',(#959),#548,.T.);
#8878=ADVANCED_FACE('',(#960),#549,.T.);
#8879=ADVANCED_FACE('',(#961),#550,.T.);
#8880=ADVANCED_FACE('',(#962),#551,.T.);
#8881=ADVANCED_FACE('',(#963),#552,.T.);
#8882=ADVANCED_FACE('',(#964),#553,.T.);
#8883=ADVANCED_FACE('',(#965),#554,.T.);
#8884=ADVANCED_FACE('',(#966),#555,.T.);
#8885=ADVANCED_FACE('',(#967),#556,.T.);
#8886=ADVANCED_FACE('',(#968),#557,.T.);
#8887=ADVANCED_FACE('',(#969),#558,.T.);
#8888=ADVANCED_FACE('',(#970),#559,.T.);
#8889=ADVANCED_FACE('',(#971),#560,.T.);
#8890=ADVANCED_FACE('',(#972),#561,.T.);
#8891=ADVANCED_FACE('',(#973),#562,.T.);
#8892=ADVANCED_FACE('',(#974),#563,.T.);
#8893=ADVANCED_FACE('',(#975),#564,.T.);
#8894=ADVANCED_FACE('',(#976),#565,.T.);
#8895=ADVANCED_FACE('',(#977),#566,.T.);
#8896=ADVANCED_FACE('',(#978),#567,.T.);
#8897=ADVANCED_FACE('',(#979),#568,.T.);
#8898=ADVANCED_FACE('',(#980),#569,.T.);
#8899=ADVANCED_FACE('',(#981),#570,.T.);
#8900=ADVANCED_FACE('',(#982),#571,.T.);
#8901=ADVANCED_FACE('',(#983),#572,.T.);
#8902=ADVANCED_FACE('',(#984),#573,.T.);
#8903=ADVANCED_FACE('',(#985),#574,.T.);
#8904=ADVANCED_FACE('',(#986),#575,.T.);
#8905=ADVANCED_FACE('',(#987),#576,.T.);
#8906=ADVANCED_FACE('',(#988),#577,.T.);
#8907=ADVANCED_FACE('',(#989),#578,.T.);
#8908=ADVANCED_FACE('',(#990),#579,.T.);
#8909=ADVANCED_FACE('',(#991),#580,.T.);
#8910=ADVANCED_FACE('',(#992),#581,.T.);
#8911=ADVANCED_FACE('',(#993),#582,.T.);
#8912=ADVANCED_FACE('',(#994),#583,.T.);
#8913=ADVANCED_FACE('',(#995),#584,.T.);
#8914=ADVANCED_FACE('',(#996),#585,.T.);
#8915=ADVANCED_FACE('',(#997),#586,.T.);
#8916=ADVANCED_FACE('',(#998),#587,.T.);
#8917=ADVANCED_FACE('',(#999),#588,.T.);
#8918=ADVANCED_FACE('',(#1000),#589,.T.);
#8919=ADVANCED_FACE('',(#1001),#590,.T.);
#8920=ADVANCED_FACE('',(#1002),#591,.T.);
#8921=ADVANCED_FACE('',(#1003),#592,.T.);
#8922=ADVANCED_FACE('',(#1004),#593,.T.);
#8923=ADVANCED_FACE('',(#1005),#594,.T.);
#8924=ADVANCED_FACE('',(#1006),#595,.T.);
#8925=ADVANCED_FACE('',(#1007),#596,.T.);
#8926=ADVANCED_FACE('',(#1008),#597,.T.);
#8927=ADVANCED_FACE('',(#1009),#598,.T.);
#8928=ADVANCED_FACE('',(#1010),#599,.T.);
#8929=ADVANCED_FACE('',(#1011),#600,.T.);
#8930=ADVANCED_FACE('',(#1012),#601,.T.);
#8931=ADVANCED_FACE('',(#1013),#602,.T.);
#8932=ADVANCED_FACE('',(#1014),#603,.T.);
#8933=ADVANCED_FACE('',(#1015),#604,.T.);
#8934=ADVANCED_FACE('',(#1016),#605,.T.);
#8935=ADVANCED_FACE('',(#1017),#606,.T.);
#8936=ADVANCED_FACE('',(#1018),#607,.T.);
#8937=ADVANCED_FACE('',(#1019),#608,.T.);
#8938=ADVANCED_FACE('',(#1020),#609,.T.);
#8939=ADVANCED_FACE('',(#1021),#610,.T.);
#8940=ADVANCED_FACE('',(#1022),#611,.T.);
#8941=ADVANCED_FACE('',(#1023),#612,.T.);
#8942=ADVANCED_FACE('',(#1024),#613,.T.);
#8943=ADVANCED_FACE('',(#1025),#614,.T.);
#8944=ADVANCED_FACE('',(#1026),#615,.T.);
#8945=ADVANCED_FACE('',(#1027),#616,.T.);
#8946=ADVANCED_FACE('',(#1028),#617,.T.);
#8947=ADVANCED_FACE('',(#1029),#618,.T.);
#8948=ADVANCED_FACE('',(#1030),#619,.T.);
#8949=ADVANCED_FACE('',(#1031),#620,.T.);
#8950=ADVANCED_FACE('',(#1032),#621,.T.);
#8951=ADVANCED_FACE('',(#1033),#622,.T.);
#8952=ADVANCED_FACE('',(#1034),#623,.T.);
#8953=ADVANCED_FACE('',(#1035),#624,.T.);
#8954=ADVANCED_FACE('',(#1036),#625,.T.);
#8955=ADVANCED_FACE('',(#1037),#626,.T.);
#8956=ADVANCED_FACE('',(#1038),#627,.T.);
#8957=ADVANCED_FACE('',(#1039),#628,.T.);
#8958=ADVANCED_FACE('',(#1040),#629,.T.);
#8959=ADVANCED_FACE('',(#1041),#630,.T.);
#8960=ADVANCED_FACE('',(#1042),#631,.T.);
#8961=ADVANCED_FACE('',(#1043),#632,.T.);
#8962=ADVANCED_FACE('',(#1044),#633,.T.);
#8963=ADVANCED_FACE('',(#1045),#634,.T.);
#8964=ADVANCED_FACE('',(#1046),#635,.T.);
#8965=ADVANCED_FACE('',(#1047),#636,.T.);
#8966=ADVANCED_FACE('',(#1048),#637,.T.);
#8967=ADVANCED_FACE('',(#1049),#638,.T.);
#8968=ADVANCED_FACE('',(#1050),#639,.T.);
#8969=ADVANCED_FACE('',(#1051),#640,.T.);
#8970=ADVANCED_FACE('',(#1052),#641,.T.);
#8971=ADVANCED_FACE('',(#1053),#642,.T.);
#8972=ADVANCED_FACE('',(#1054),#643,.T.);
#8973=ADVANCED_FACE('',(#1055),#644,.T.);
#8974=ADVANCED_FACE('',(#1056),#645,.T.);
#8975=ADVANCED_FACE('',(#1057),#646,.T.);
#8976=ADVANCED_FACE('',(#1058),#647,.T.);
#8977=ADVANCED_FACE('',(#1059),#648,.T.);
#8978=ADVANCED_FACE('',(#1060),#649,.T.);
#8979=ADVANCED_FACE('',(#1061),#650,.T.);
#8980=ADVANCED_FACE('',(#1062),#651,.T.);
#8981=ADVANCED_FACE('',(#1063),#652,.T.);
#8982=ADVANCED_FACE('',(#1064),#653,.T.);
#8983=ADVANCED_FACE('',(#1065),#8604,.F.);
#8984=ADVANCED_FACE('',(#1066),#654,.T.);
#8985=ADVANCED_FACE('',(#1067),#655,.T.);
#8986=ADVANCED_FACE('',(#1068),#656,.T.);
#8987=ADVANCED_FACE('',(#1069),#657,.T.);
#8988=ADVANCED_FACE('',(#1070),#658,.T.);
#8989=ADVANCED_FACE('',(#1071),#659,.T.);
#8990=ADVANCED_FACE('',(#1072),#660,.T.);
#8991=ADVANCED_FACE('',(#1073),#661,.T.);
#8992=ADVANCED_FACE('',(#1074),#662,.T.);
#8993=ADVANCED_FACE('',(#1075),#663,.T.);
#8994=ADVANCED_FACE('',(#1076),#664,.T.);
#8995=ADVANCED_FACE('',(#1077),#665,.T.);
#8996=ADVANCED_FACE('',(#1078),#666,.T.);
#8997=ADVANCED_FACE('',(#1079),#667,.T.);
#8998=ADVANCED_FACE('',(#1080),#668,.T.);
#8999=ADVANCED_FACE('',(#1081),#669,.T.);
#9000=ADVANCED_FACE('',(#1082),#670,.T.);
#9001=ADVANCED_FACE('',(#1083),#671,.T.);
#9002=ADVANCED_FACE('',(#1084),#672,.T.);
#9003=ADVANCED_FACE('',(#1085),#673,.T.);
#9004=ADVANCED_FACE('',(#1086),#674,.T.);
#9005=ADVANCED_FACE('',(#1087),#675,.T.);
#9006=ADVANCED_FACE('',(#1088),#676,.T.);
#9007=ADVANCED_FACE('',(#1089),#677,.T.);
#9008=ADVANCED_FACE('',(#1090),#678,.T.);
#9009=ADVANCED_FACE('',(#1091),#679,.T.);
#9010=ADVANCED_FACE('',(#1092),#680,.T.);
#9011=ADVANCED_FACE('',(#1093),#681,.T.);
#9012=ADVANCED_FACE('',(#1094),#682,.T.);
#9013=ADVANCED_FACE('',(#1095),#683,.T.);
#9014=ADVANCED_FACE('',(#1096),#684,.T.);
#9015=ADVANCED_FACE('',(#1097,#23,#24,#25,#26,#27,#28,#29,#30,#31,#32,#33,
#34,#35,#36,#37,#38,#39,#40,#41,#42,#43,#44,#45,#46,#47,#48,#49,#50,#51,
#52,#53,#54,#55,#56,#57,#58,#59,#60,#61,#62,#63,#64,#65,#66,#67,#68,#69,
#70,#71,#72,#73,#74,#75,#76,#77,#78,#79,#80,#81,#82,#83,#84,#85,#86,#87,
#88,#89,#90,#91,#92,#93,#94,#95,#96,#97,#98,#99,#100,#101,#102,#103,#104,
#105,#106,#107,#108,#109,#110,#111,#112,#113,#114,#115,#116,#117,#118,#119,
#120,#121,#122,#123,#124,#125,#126,#127,#128,#129,#130,#131,#132,#133,#134,
#135,#136,#137,#138,#139,#140,#141,#142,#143,#144,#145,#146,#147,#148,#149,
#150,#151,#152,#153,#154,#155,#156),#685,.T.);
#9016=ADVANCED_FACE('',(#1098,#157,#158,#159,#160,#161,#162,#163,#164,#165,
#166,#167,#168,#169,#170,#171,#172,#173,#174,#175,#176,#177,#178,#179,#180,
#181,#182,#183,#184,#185,#186,#187,#188,#189,#190,#191,#192,#193,#194,#195,
#196,#197,#198,#199,#200,#201,#202,#203,#204,#205,#206,#207,#208,#209,#210,
#211,#212,#213,#214,#215,#216,#217,#218,#219,#220,#221,#222,#223,#224,#225,
#226,#227,#228,#229,#230,#231,#232,#233,#234,#235,#236,#237,#238,#239,#240,
#241,#242,#243,#244,#245,#246,#247,#248,#249,#250,#251,#252,#253,#254,#255,
#256,#257,#258,#259,#260,#261,#262,#263,#264,#265,#266,#267,#268,#269,#270,
#271,#272,#273,#274,#275,#276,#277,#278,#279,#280,#281,#282,#283,#284,#285,
#286,#287,#288,#289,#290),#686,.F.);
#9017=CLOSED_SHELL('',(#8605,#8606,#8607,#8608,#8609,#8610,#8611,#8612,
#8613,#8614,#8615,#8616,#8617,#8618,#8619,#8620,#8621,#8622,#8623,#8624,
#8625,#8626,#8627,#8628,#8629,#8630,#8631,#8632,#8633,#8634,#8635,#8636,
#8637,#8638,#8639,#8640,#8641,#8642,#8643,#8644,#8645,#8646,#8647,#8648,
#8649,#8650,#8651,#8652,#8653,#8654,#8655,#8656,#8657,#8658,#8659,#8660,
#8661,#8662,#8663,#8664,#8665,#8666,#8667,#8668,#8669,#8670,#8671,#8672,
#8673,#8674,#8675,#8676,#8677,#8678,#8679,#8680,#8681,#8682,#8683,#8684,
#8685,#8686,#8687,#8688,#8689,#8690,#8691,#8692,#8693,#8694,#8695,#8696,
#8697,#8698,#8699,#8700,#8701,#8702,#8703,#8704,#8705,#8706,#8707,#8708,
#8709,#8710,#8711,#8712,#8713,#8714,#8715,#8716,#8717,#8718,#8719,#8720,
#8721,#8722,#8723,#8724,#8725,#8726,#8727,#8728,#8729,#8730,#8731,#8732,
#8733,#8734,#8735,#8736,#8737,#8738,#8739,#8740,#8741,#8742,#8743,#8744,
#8745,#8746,#8747,#8748,#8749,#8750,#8751,#8752,#8753,#8754,#8755,#8756,
#8757,#8758,#8759,#8760,#8761,#8762,#8763,#8764,#8765,#8766,#8767,#8768,
#8769,#8770,#8771,#8772,#8773,#8774,#8775,#8776,#8777,#8778,#8779,#8780,
#8781,#8782,#8783,#8784,#8785,#8786,#8787,#8788,#8789,#8790,#8791,#8792,
#8793,#8794,#8795,#8796,#8797,#8798,#8799,#8800,#8801,#8802,#8803,#8804,
#8805,#8806,#8807,#8808,#8809,#8810,#8811,#8812,#8813,#8814,#8815,#8816,
#8817,#8818,#8819,#8820,#8821,#8822,#8823,#8824,#8825,#8826,#8827,#8828,
#8829,#8830,#8831,#8832,#8833,#8834,#8835,#8836,#8837,#8838,#8839,#8840,
#8841,#8842,#8843,#8844,#8845,#8846,#8847,#8848,#8849,#8850,#8851,#8852,
#8853,#8854,#8855,#8856,#8857,#8858,#8859,#8860,#8861,#8862,#8863,#8864,
#8865,#8866,#8867,#8868,#8869,#8870,#8871,#8872,#8873,#8874,#8875,#8876,
#8877,#8878,#8879,#8880,#8881,#8882,#8883,#8884,#8885,#8886,#8887,#8888,
#8889,#8890,#8891,#8892,#8893,#8894,#8895,#8896,#8897,#8898,#8899,#8900,
#8901,#8902,#8903,#8904,#8905,#8906,#8907,#8908,#8909,#8910,#8911,#8912,
#8913,#8914,#8915,#8916,#8917,#8918,#8919,#8920,#8921,#8922,#8923,#8924,
#8925,#8926,#8927,#8928,#8929,#8930,#8931,#8932,#8933,#8934,#8935,#8936,
#8937,#8938,#8939,#8940,#8941,#8942,#8943,#8944,#8945,#8946,#8947,#8948,
#8949,#8950,#8951,#8952,#8953,#8954,#8955,#8956,#8957,#8958,#8959,#8960,
#8961,#8962,#8963,#8964,#8965,#8966,#8967,#8968,#8969,#8970,#8971,#8972,
#8973,#8974,#8975,#8976,#8977,#8978,#8979,#8980,#8981,#8982,#8983,#8984,
#8985,#8986,#8987,#8988,#8989,#8990,#8991,#8992,#8993,#8994,#8995,#8996,
#8997,#8998,#8999,#9000,#9001,#9002,#9003,#9004,#9005,#9006,#9007,#9008,
#9009,#9010,#9011,#9012,#9013,#9014,#9015,#9016));
#9018=DERIVED_UNIT_ELEMENT(#9020,1.);
#9019=DERIVED_UNIT_ELEMENT(#13967,-3.);
#9020=(
MASS_UNIT()
NAMED_UNIT(*)
SI_UNIT(.KILO.,.GRAM.)
);
#9021=DERIVED_UNIT((#9018,#9019));
#9022=MEASURE_REPRESENTATION_ITEM('density measure',
POSITIVE_RATIO_MEASURE(7850.),#9021);
#9023=PROPERTY_DEFINITION_REPRESENTATION(#9028,#9025);
#9024=PROPERTY_DEFINITION_REPRESENTATION(#9029,#9026);
#9025=REPRESENTATION('material name',(#9027),#13964);
#9026=REPRESENTATION('density',(#9022),#13964);
#9027=DESCRIPTIVE_REPRESENTATION_ITEM('Steel','Steel');
#9028=PROPERTY_DEFINITION('material property','material name',#13974);
#9029=PROPERTY_DEFINITION('material property','density of part',#13974);
#9030=AXIS2_PLACEMENT_3D('',#11539,#9475,#9476);
#9031=AXIS2_PLACEMENT_3D('',#11540,#9477,#9478);
#9032=AXIS2_PLACEMENT_3D('',#11542,#9479,#9480);
#9033=AXIS2_PLACEMENT_3D('',#11545,#9482,#9483);
#9034=AXIS2_PLACEMENT_3D('',#11546,#9484,#9485);
#9035=AXIS2_PLACEMENT_3D('',#11548,#9486,#9487);
#9036=AXIS2_PLACEMENT_3D('',#11549,#9488,#9489);
#9037=AXIS2_PLACEMENT_3D('',#11551,#9490,#9491);
#9038=AXIS2_PLACEMENT_3D('',#11554,#9493,#9494);
#9039=AXIS2_PLACEMENT_3D('',#11555,#9495,#9496);
#9040=AXIS2_PLACEMENT_3D('',#11557,#9497,#9498);
#9041=AXIS2_PLACEMENT_3D('',#11558,#9499,#9500);
#9042=AXIS2_PLACEMENT_3D('',#11560,#9501,#9502);
#9043=AXIS2_PLACEMENT_3D('',#11563,#9504,#9505);
#9044=AXIS2_PLACEMENT_3D('',#11564,#9506,#9507);
#9045=AXIS2_PLACEMENT_3D('',#11566,#9508,#9509);
#9046=AXIS2_PLACEMENT_3D('',#11567,#9510,#9511);
#9047=AXIS2_PLACEMENT_3D('',#11569,#9512,#9513);
#9048=AXIS2_PLACEMENT_3D('',#11572,#9515,#9516);
#9049=AXIS2_PLACEMENT_3D('',#11573,#9517,#9518);
#9050=AXIS2_PLACEMENT_3D('',#11575,#9519,#9520);
#9051=AXIS2_PLACEMENT_3D('',#11576,#9521,#9522);
#9052=AXIS2_PLACEMENT_3D('',#11579,#9523,#9524);
#9053=AXIS2_PLACEMENT_3D('',#11583,#9526,#9527);
#9054=AXIS2_PLACEMENT_3D('',#11585,#9529,#9530);
#9055=AXIS2_PLACEMENT_3D('',#11587,#9531,#9532);
#9056=AXIS2_PLACEMENT_3D('',#11589,#9534,#9535);
#9057=AXIS2_PLACEMENT_3D('',#11592,#9538,#9539);
#9058=AXIS2_PLACEMENT_3D('',#11593,#9540,#9541);
#9059=AXIS2_PLACEMENT_3D('',#11596,#9542,#9543);
#9060=AXIS2_PLACEMENT_3D('',#11600,#9545,#9546);
#9061=AXIS2_PLACEMENT_3D('',#11602,#9548,#9549);
#9062=AXIS2_PLACEMENT_3D('',#11604,#9550,#9551);
#9063=AXIS2_PLACEMENT_3D('',#11606,#9553,#9554);
#9064=AXIS2_PLACEMENT_3D('',#11609,#9557,#9558);
#9065=AXIS2_PLACEMENT_3D('',#11610,#9559,#9560);
#9066=AXIS2_PLACEMENT_3D('',#11619,#9565,#9566);
#9067=AXIS2_PLACEMENT_3D('',#11621,#9567,#9568);
#9068=AXIS2_PLACEMENT_3D('',#11623,#9570,#9571);
#9069=AXIS2_PLACEMENT_3D('',#11624,#9572,#9573);
#9070=AXIS2_PLACEMENT_3D('',#11625,#9574,#9575);
#9071=AXIS2_PLACEMENT_3D('',#11626,#9576,#9577);
#9072=AXIS2_PLACEMENT_3D('',#11627,#9578,#9579);
#9073=AXIS2_PLACEMENT_3D('',#11636,#9584,#9585);
#9074=AXIS2_PLACEMENT_3D('',#11638,#9586,#9587);
#9075=AXIS2_PLACEMENT_3D('',#11640,#9589,#9590);
#9076=AXIS2_PLACEMENT_3D('',#11641,#9591,#9592);
#9077=AXIS2_PLACEMENT_3D('',#11642,#9593,#9594);
#9078=AXIS2_PLACEMENT_3D('',#11643,#9595,#9596);
#9079=AXIS2_PLACEMENT_3D('',#11644,#9597,#9598);
#9080=AXIS2_PLACEMENT_3D('',#11653,#9603,#9604);
#9081=AXIS2_PLACEMENT_3D('',#11659,#9608,#9609);
#9082=AXIS2_PLACEMENT_3D('',#11662,#9612,#9613);
#9083=AXIS2_PLACEMENT_3D('',#11664,#9614,#9615);
#9084=AXIS2_PLACEMENT_3D('',#11667,#9617,#9618);
#9085=AXIS2_PLACEMENT_3D('',#11668,#9619,#9620);
#9086=AXIS2_PLACEMENT_3D('',#11677,#9625,#9626);
#9087=AXIS2_PLACEMENT_3D('',#11683,#9630,#9631);
#9088=AXIS2_PLACEMENT_3D('',#11686,#9634,#9635);
#9089=AXIS2_PLACEMENT_3D('',#11695,#9640,#9641);
#9090=AXIS2_PLACEMENT_3D('',#11701,#9645,#9646);
#9091=AXIS2_PLACEMENT_3D('',#11704,#9649,#9650);
#9092=AXIS2_PLACEMENT_3D('',#11713,#9655,#9656);
#9093=AXIS2_PLACEMENT_3D('',#11719,#9660,#9661);
#9094=AXIS2_PLACEMENT_3D('',#11722,#9664,#9665);
#9095=AXIS2_PLACEMENT_3D('',#11731,#9670,#9671);
#9096=AXIS2_PLACEMENT_3D('',#11737,#9675,#9676);
#9097=AXIS2_PLACEMENT_3D('',#11740,#9679,#9680);
#9098=AXIS2_PLACEMENT_3D('',#11749,#9685,#9686);
#9099=AXIS2_PLACEMENT_3D('',#11755,#9690,#9691);
#9100=AXIS2_PLACEMENT_3D('',#11758,#9694,#9695);
#9101=AXIS2_PLACEMENT_3D('',#11767,#9700,#9701);
#9102=AXIS2_PLACEMENT_3D('',#11773,#9705,#9706);
#9103=AXIS2_PLACEMENT_3D('',#11776,#9709,#9710);
#9104=AXIS2_PLACEMENT_3D('',#11785,#9715,#9716);
#9105=AXIS2_PLACEMENT_3D('',#11791,#9720,#9721);
#9106=AXIS2_PLACEMENT_3D('',#11794,#9724,#9725);
#9107=AXIS2_PLACEMENT_3D('',#11803,#9730,#9731);
#9108=AXIS2_PLACEMENT_3D('',#11809,#9735,#9736);
#9109=AXIS2_PLACEMENT_3D('',#11812,#9739,#9740);
#9110=AXIS2_PLACEMENT_3D('',#11821,#9745,#9746);
#9111=AXIS2_PLACEMENT_3D('',#11827,#9750,#9751);
#9112=AXIS2_PLACEMENT_3D('',#11830,#9754,#9755);
#9113=AXIS2_PLACEMENT_3D('',#11839,#9760,#9761);
#9114=AXIS2_PLACEMENT_3D('',#11845,#9765,#9766);
#9115=AXIS2_PLACEMENT_3D('',#11848,#9769,#9770);
#9116=AXIS2_PLACEMENT_3D('',#11857,#9775,#9776);
#9117=AXIS2_PLACEMENT_3D('',#11863,#9780,#9781);
#9118=AXIS2_PLACEMENT_3D('',#11866,#9784,#9785);
#9119=AXIS2_PLACEMENT_3D('',#11875,#9790,#9791);
#9120=AXIS2_PLACEMENT_3D('',#11881,#9795,#9796);
#9121=AXIS2_PLACEMENT_3D('',#11884,#9799,#9800);
#9122=AXIS2_PLACEMENT_3D('',#11893,#9805,#9806);
#9123=AXIS2_PLACEMENT_3D('',#11899,#9810,#9811);
#9124=AXIS2_PLACEMENT_3D('',#11902,#9814,#9815);
#9125=AXIS2_PLACEMENT_3D('',#11904,#9816,#9817);
#9126=AXIS2_PLACEMENT_3D('',#11907,#9819,#9820);
#9127=AXIS2_PLACEMENT_3D('',#11908,#9821,#9822);
#9128=AXIS2_PLACEMENT_3D('',#11917,#9827,#9828);
#9129=AXIS2_PLACEMENT_3D('',#11923,#9832,#9833);
#9130=AXIS2_PLACEMENT_3D('',#11926,#9836,#9837);
#9131=AXIS2_PLACEMENT_3D('',#11935,#9842,#9843);
#9132=AXIS2_PLACEMENT_3D('',#11941,#9847,#9848);
#9133=AXIS2_PLACEMENT_3D('',#11944,#9851,#9852);
#9134=AXIS2_PLACEMENT_3D('',#11953,#9857,#9858);
#9135=AXIS2_PLACEMENT_3D('',#11959,#9862,#9863);
#9136=AXIS2_PLACEMENT_3D('',#11962,#9866,#9867);
#9137=AXIS2_PLACEMENT_3D('',#11971,#9872,#9873);
#9138=AXIS2_PLACEMENT_3D('',#11977,#9877,#9878);
#9139=AXIS2_PLACEMENT_3D('',#11980,#9881,#9882);
#9140=AXIS2_PLACEMENT_3D('',#11989,#9887,#9888);
#9141=AXIS2_PLACEMENT_3D('',#11995,#9892,#9893);
#9142=AXIS2_PLACEMENT_3D('',#11998,#9896,#9897);
#9143=AXIS2_PLACEMENT_3D('',#12007,#9902,#9903);
#9144=AXIS2_PLACEMENT_3D('',#12013,#9907,#9908);
#9145=AXIS2_PLACEMENT_3D('',#12016,#9911,#9912);
#9146=AXIS2_PLACEMENT_3D('',#12025,#9917,#9918);
#9147=AXIS2_PLACEMENT_3D('',#12031,#9922,#9923);
#9148=AXIS2_PLACEMENT_3D('',#12034,#9926,#9927);
#9149=AXIS2_PLACEMENT_3D('',#12043,#9932,#9933);
#9150=AXIS2_PLACEMENT_3D('',#12049,#9937,#9938);
#9151=AXIS2_PLACEMENT_3D('',#12052,#9941,#9942);
#9152=AXIS2_PLACEMENT_3D('',#12061,#9947,#9948);
#9153=AXIS2_PLACEMENT_3D('',#12067,#9952,#9953);
#9154=AXIS2_PLACEMENT_3D('',#12070,#9956,#9957);
#9155=AXIS2_PLACEMENT_3D('',#12079,#9962,#9963);
#9156=AXIS2_PLACEMENT_3D('',#12085,#9967,#9968);
#9157=AXIS2_PLACEMENT_3D('',#12088,#9971,#9972);
#9158=AXIS2_PLACEMENT_3D('',#12097,#9977,#9978);
#9159=AXIS2_PLACEMENT_3D('',#12103,#9982,#9983);
#9160=AXIS2_PLACEMENT_3D('',#12106,#9986,#9987);
#9161=AXIS2_PLACEMENT_3D('',#12115,#9992,#9993);
#9162=AXIS2_PLACEMENT_3D('',#12121,#9997,#9998);
#9163=AXIS2_PLACEMENT_3D('',#12124,#10001,#10002);
#9164=AXIS2_PLACEMENT_3D('',#12133,#10007,#10008);
#9165=AXIS2_PLACEMENT_3D('',#12139,#10012,#10013);
#9166=AXIS2_PLACEMENT_3D('',#12142,#10016,#10017);
#9167=AXIS2_PLACEMENT_3D('',#12151,#10022,#10023);
#9168=AXIS2_PLACEMENT_3D('',#12157,#10027,#10028);
#9169=AXIS2_PLACEMENT_3D('',#12160,#10031,#10032);
#9170=AXIS2_PLACEMENT_3D('',#12169,#10037,#10038);
#9171=AXIS2_PLACEMENT_3D('',#12175,#10042,#10043);
#9172=AXIS2_PLACEMENT_3D('',#12178,#10046,#10047);
#9173=AXIS2_PLACEMENT_3D('',#12187,#10052,#10053);
#9174=AXIS2_PLACEMENT_3D('',#12193,#10057,#10058);
#9175=AXIS2_PLACEMENT_3D('',#12196,#10061,#10062);
#9176=AXIS2_PLACEMENT_3D('',#12205,#10067,#10068);
#9177=AXIS2_PLACEMENT_3D('',#12211,#10072,#10073);
#9178=AXIS2_PLACEMENT_3D('',#12214,#10076,#10077);
#9179=AXIS2_PLACEMENT_3D('',#12223,#10082,#10083);
#9180=AXIS2_PLACEMENT_3D('',#12229,#10087,#10088);
#9181=AXIS2_PLACEMENT_3D('',#12232,#10091,#10092);
#9182=AXIS2_PLACEMENT_3D('',#12241,#10097,#10098);
#9183=AXIS2_PLACEMENT_3D('',#12247,#10102,#10103);
#9184=AXIS2_PLACEMENT_3D('',#12250,#10106,#10107);
#9185=AXIS2_PLACEMENT_3D('',#12259,#10112,#10113);
#9186=AXIS2_PLACEMENT_3D('',#12265,#10117,#10118);
#9187=AXIS2_PLACEMENT_3D('',#12268,#10121,#10122);
#9188=AXIS2_PLACEMENT_3D('',#12277,#10127,#10128);
#9189=AXIS2_PLACEMENT_3D('',#12283,#10132,#10133);
#9190=AXIS2_PLACEMENT_3D('',#12286,#10136,#10137);
#9191=AXIS2_PLACEMENT_3D('',#12295,#10142,#10143);
#9192=AXIS2_PLACEMENT_3D('',#12301,#10147,#10148);
#9193=AXIS2_PLACEMENT_3D('',#12304,#10151,#10152);
#9194=AXIS2_PLACEMENT_3D('',#12313,#10157,#10158);
#9195=AXIS2_PLACEMENT_3D('',#12319,#10162,#10163);
#9196=AXIS2_PLACEMENT_3D('',#12322,#10166,#10167);
#9197=AXIS2_PLACEMENT_3D('',#12331,#10172,#10173);
#9198=AXIS2_PLACEMENT_3D('',#12337,#10177,#10178);
#9199=AXIS2_PLACEMENT_3D('',#12340,#10181,#10182);
#9200=AXIS2_PLACEMENT_3D('',#12349,#10187,#10188);
#9201=AXIS2_PLACEMENT_3D('',#12355,#10192,#10193);
#9202=AXIS2_PLACEMENT_3D('',#12358,#10196,#10197);
#9203=AXIS2_PLACEMENT_3D('',#12367,#10202,#10203);
#9204=AXIS2_PLACEMENT_3D('',#12373,#10207,#10208);
#9205=AXIS2_PLACEMENT_3D('',#12376,#10211,#10212);
#9206=AXIS2_PLACEMENT_3D('',#12385,#10217,#10218);
#9207=AXIS2_PLACEMENT_3D('',#12391,#10222,#10223);
#9208=AXIS2_PLACEMENT_3D('',#12394,#10226,#10227);
#9209=AXIS2_PLACEMENT_3D('',#12403,#10232,#10233);
#9210=AXIS2_PLACEMENT_3D('',#12409,#10237,#10238);
#9211=AXIS2_PLACEMENT_3D('',#12412,#10241,#10242);
#9212=AXIS2_PLACEMENT_3D('',#12421,#10247,#10248);
#9213=AXIS2_PLACEMENT_3D('',#12427,#10252,#10253);
#9214=AXIS2_PLACEMENT_3D('',#12430,#10256,#10257);
#9215=AXIS2_PLACEMENT_3D('',#12439,#10262,#10263);
#9216=AXIS2_PLACEMENT_3D('',#12445,#10267,#10268);
#9217=AXIS2_PLACEMENT_3D('',#12448,#10271,#10272);
#9218=AXIS2_PLACEMENT_3D('',#12457,#10277,#10278);
#9219=AXIS2_PLACEMENT_3D('',#12463,#10282,#10283);
#9220=AXIS2_PLACEMENT_3D('',#12466,#10286,#10287);
#9221=AXIS2_PLACEMENT_3D('',#12475,#10292,#10293);
#9222=AXIS2_PLACEMENT_3D('',#12481,#10297,#10298);
#9223=AXIS2_PLACEMENT_3D('',#12484,#10301,#10302);
#9224=AXIS2_PLACEMENT_3D('',#12493,#10307,#10308);
#9225=AXIS2_PLACEMENT_3D('',#12499,#10312,#10313);
#9226=AXIS2_PLACEMENT_3D('',#12502,#10316,#10317);
#9227=AXIS2_PLACEMENT_3D('',#12511,#10322,#10323);
#9228=AXIS2_PLACEMENT_3D('',#12517,#10327,#10328);
#9229=AXIS2_PLACEMENT_3D('',#12520,#10331,#10332);
#9230=AXIS2_PLACEMENT_3D('',#12529,#10337,#10338);
#9231=AXIS2_PLACEMENT_3D('',#12535,#10342,#10343);
#9232=AXIS2_PLACEMENT_3D('',#12538,#10346,#10347);
#9233=AXIS2_PLACEMENT_3D('',#12547,#10352,#10353);
#9234=AXIS2_PLACEMENT_3D('',#12553,#10357,#10358);
#9235=AXIS2_PLACEMENT_3D('',#12556,#10361,#10362);
#9236=AXIS2_PLACEMENT_3D('',#12565,#10367,#10368);
#9237=AXIS2_PLACEMENT_3D('',#12571,#10372,#10373);
#9238=AXIS2_PLACEMENT_3D('',#12574,#10376,#10377);
#9239=AXIS2_PLACEMENT_3D('',#12583,#10382,#10383);
#9240=AXIS2_PLACEMENT_3D('',#12589,#10387,#10388);
#9241=AXIS2_PLACEMENT_3D('',#12592,#10391,#10392);
#9242=AXIS2_PLACEMENT_3D('',#12601,#10397,#10398);
#9243=AXIS2_PLACEMENT_3D('',#12607,#10402,#10403);
#9244=AXIS2_PLACEMENT_3D('',#12610,#10406,#10407);
#9245=AXIS2_PLACEMENT_3D('',#12619,#10412,#10413);
#9246=AXIS2_PLACEMENT_3D('',#12625,#10417,#10418);
#9247=AXIS2_PLACEMENT_3D('',#12628,#10421,#10422);
#9248=AXIS2_PLACEMENT_3D('',#12637,#10427,#10428);
#9249=AXIS2_PLACEMENT_3D('',#12643,#10432,#10433);
#9250=AXIS2_PLACEMENT_3D('',#12646,#10436,#10437);
#9251=AXIS2_PLACEMENT_3D('',#12655,#10442,#10443);
#9252=AXIS2_PLACEMENT_3D('',#12661,#10447,#10448);
#9253=AXIS2_PLACEMENT_3D('',#12664,#10451,#10452);
#9254=AXIS2_PLACEMENT_3D('',#12673,#10457,#10458);
#9255=AXIS2_PLACEMENT_3D('',#12679,#10462,#10463);
#9256=AXIS2_PLACEMENT_3D('',#12682,#10466,#10467);
#9257=AXIS2_PLACEMENT_3D('',#12691,#10472,#10473);
#9258=AXIS2_PLACEMENT_3D('',#12697,#10477,#10478);
#9259=AXIS2_PLACEMENT_3D('',#12700,#10481,#10482);
#9260=AXIS2_PLACEMENT_3D('',#12709,#10487,#10488);
#9261=AXIS2_PLACEMENT_3D('',#12715,#10492,#10493);
#9262=AXIS2_PLACEMENT_3D('',#12718,#10496,#10497);
#9263=AXIS2_PLACEMENT_3D('',#12727,#10502,#10503);
#9264=AXIS2_PLACEMENT_3D('',#12733,#10507,#10508);
#9265=AXIS2_PLACEMENT_3D('',#12736,#10511,#10512);
#9266=AXIS2_PLACEMENT_3D('',#12745,#10517,#10518);
#9267=AXIS2_PLACEMENT_3D('',#12751,#10522,#10523);
#9268=AXIS2_PLACEMENT_3D('',#12754,#10526,#10527);
#9269=AXIS2_PLACEMENT_3D('',#12763,#10532,#10533);
#9270=AXIS2_PLACEMENT_3D('',#12769,#10537,#10538);
#9271=AXIS2_PLACEMENT_3D('',#12772,#10541,#10542);
#9272=AXIS2_PLACEMENT_3D('',#12781,#10547,#10548);
#9273=AXIS2_PLACEMENT_3D('',#12787,#10552,#10553);
#9274=AXIS2_PLACEMENT_3D('',#12790,#10556,#10557);
#9275=AXIS2_PLACEMENT_3D('',#12799,#10562,#10563);
#9276=AXIS2_PLACEMENT_3D('',#12805,#10567,#10568);
#9277=AXIS2_PLACEMENT_3D('',#12808,#10571,#10572);
#9278=AXIS2_PLACEMENT_3D('',#12817,#10577,#10578);
#9279=AXIS2_PLACEMENT_3D('',#12823,#10582,#10583);
#9280=AXIS2_PLACEMENT_3D('',#12826,#10586,#10587);
#9281=AXIS2_PLACEMENT_3D('',#12835,#10592,#10593);
#9282=AXIS2_PLACEMENT_3D('',#12841,#10597,#10598);
#9283=AXIS2_PLACEMENT_3D('',#12844,#10601,#10602);
#9284=AXIS2_PLACEMENT_3D('',#12846,#10603,#10604);
#9285=AXIS2_PLACEMENT_3D('',#12849,#10606,#10607);
#9286=AXIS2_PLACEMENT_3D('',#12850,#10608,#10609);
#9287=AXIS2_PLACEMENT_3D('',#12859,#10614,#10615);
#9288=AXIS2_PLACEMENT_3D('',#12865,#10619,#10620);
#9289=AXIS2_PLACEMENT_3D('',#12868,#10623,#10624);
#9290=AXIS2_PLACEMENT_3D('',#12877,#10629,#10630);
#9291=AXIS2_PLACEMENT_3D('',#12883,#10634,#10635);
#9292=AXIS2_PLACEMENT_3D('',#12886,#10638,#10639);
#9293=AXIS2_PLACEMENT_3D('',#12895,#10644,#10645);
#9294=AXIS2_PLACEMENT_3D('',#12901,#10649,#10650);
#9295=AXIS2_PLACEMENT_3D('',#12904,#10653,#10654);
#9296=AXIS2_PLACEMENT_3D('',#12913,#10659,#10660);
#9297=AXIS2_PLACEMENT_3D('',#12919,#10664,#10665);
#9298=AXIS2_PLACEMENT_3D('',#12922,#10668,#10669);
#9299=AXIS2_PLACEMENT_3D('',#12931,#10674,#10675);
#9300=AXIS2_PLACEMENT_3D('',#12937,#10679,#10680);
#9301=AXIS2_PLACEMENT_3D('',#12940,#10683,#10684);
#9302=AXIS2_PLACEMENT_3D('',#12949,#10689,#10690);
#9303=AXIS2_PLACEMENT_3D('',#12955,#10694,#10695);
#9304=AXIS2_PLACEMENT_3D('',#12958,#10698,#10699);
#9305=AXIS2_PLACEMENT_3D('',#12967,#10704,#10705);
#9306=AXIS2_PLACEMENT_3D('',#12973,#10709,#10710);
#9307=AXIS2_PLACEMENT_3D('',#12976,#10713,#10714);
#9308=AXIS2_PLACEMENT_3D('',#12985,#10719,#10720);
#9309=AXIS2_PLACEMENT_3D('',#12991,#10724,#10725);
#9310=AXIS2_PLACEMENT_3D('',#12994,#10728,#10729);
#9311=AXIS2_PLACEMENT_3D('',#13003,#10734,#10735);
#9312=AXIS2_PLACEMENT_3D('',#13009,#10739,#10740);
#9313=AXIS2_PLACEMENT_3D('',#13012,#10743,#10744);
#9314=AXIS2_PLACEMENT_3D('',#13021,#10749,#10750);
#9315=AXIS2_PLACEMENT_3D('',#13027,#10754,#10755);
#9316=AXIS2_PLACEMENT_3D('',#13030,#10758,#10759);
#9317=AXIS2_PLACEMENT_3D('',#13039,#10764,#10765);
#9318=AXIS2_PLACEMENT_3D('',#13045,#10769,#10770);
#9319=AXIS2_PLACEMENT_3D('',#13048,#10773,#10774);
#9320=AXIS2_PLACEMENT_3D('',#13057,#10779,#10780);
#9321=AXIS2_PLACEMENT_3D('',#13063,#10784,#10785);
#9322=AXIS2_PLACEMENT_3D('',#13066,#10788,#10789);
#9323=AXIS2_PLACEMENT_3D('',#13075,#10794,#10795);
#9324=AXIS2_PLACEMENT_3D('',#13081,#10799,#10800);
#9325=AXIS2_PLACEMENT_3D('',#13084,#10803,#10804);
#9326=AXIS2_PLACEMENT_3D('',#13093,#10809,#10810);
#9327=AXIS2_PLACEMENT_3D('',#13099,#10814,#10815);
#9328=AXIS2_PLACEMENT_3D('',#13102,#10818,#10819);
#9329=AXIS2_PLACEMENT_3D('',#13111,#10824,#10825);
#9330=AXIS2_PLACEMENT_3D('',#13117,#10829,#10830);
#9331=AXIS2_PLACEMENT_3D('',#13120,#10833,#10834);
#9332=AXIS2_PLACEMENT_3D('',#13129,#10839,#10840);
#9333=AXIS2_PLACEMENT_3D('',#13135,#10844,#10845);
#9334=AXIS2_PLACEMENT_3D('',#13138,#10848,#10849);
#9335=AXIS2_PLACEMENT_3D('',#13147,#10854,#10855);
#9336=AXIS2_PLACEMENT_3D('',#13153,#10859,#10860);
#9337=AXIS2_PLACEMENT_3D('',#13156,#10863,#10864);
#9338=AXIS2_PLACEMENT_3D('',#13165,#10869,#10870);
#9339=AXIS2_PLACEMENT_3D('',#13171,#10874,#10875);
#9340=AXIS2_PLACEMENT_3D('',#13174,#10878,#10879);
#9341=AXIS2_PLACEMENT_3D('',#13183,#10884,#10885);
#9342=AXIS2_PLACEMENT_3D('',#13189,#10889,#10890);
#9343=AXIS2_PLACEMENT_3D('',#13192,#10893,#10894);
#9344=AXIS2_PLACEMENT_3D('',#13201,#10899,#10900);
#9345=AXIS2_PLACEMENT_3D('',#13207,#10904,#10905);
#9346=AXIS2_PLACEMENT_3D('',#13210,#10908,#10909);
#9347=AXIS2_PLACEMENT_3D('',#13219,#10914,#10915);
#9348=AXIS2_PLACEMENT_3D('',#13225,#10919,#10920);
#9349=AXIS2_PLACEMENT_3D('',#13228,#10923,#10924);
#9350=AXIS2_PLACEMENT_3D('',#13237,#10929,#10930);
#9351=AXIS2_PLACEMENT_3D('',#13243,#10934,#10935);
#9352=AXIS2_PLACEMENT_3D('',#13246,#10938,#10939);
#9353=AXIS2_PLACEMENT_3D('',#13255,#10944,#10945);
#9354=AXIS2_PLACEMENT_3D('',#13261,#10949,#10950);
#9355=AXIS2_PLACEMENT_3D('',#13264,#10953,#10954);
#9356=AXIS2_PLACEMENT_3D('',#13273,#10959,#10960);
#9357=AXIS2_PLACEMENT_3D('',#13279,#10964,#10965);
#9358=AXIS2_PLACEMENT_3D('',#13282,#10968,#10969);
#9359=AXIS2_PLACEMENT_3D('',#13291,#10974,#10975);
#9360=AXIS2_PLACEMENT_3D('',#13297,#10979,#10980);
#9361=AXIS2_PLACEMENT_3D('',#13300,#10983,#10984);
#9362=AXIS2_PLACEMENT_3D('',#13309,#10989,#10990);
#9363=AXIS2_PLACEMENT_3D('',#13315,#10994,#10995);
#9364=AXIS2_PLACEMENT_3D('',#13318,#10998,#10999);
#9365=AXIS2_PLACEMENT_3D('',#13327,#11004,#11005);
#9366=AXIS2_PLACEMENT_3D('',#13333,#11009,#11010);
#9367=AXIS2_PLACEMENT_3D('',#13336,#11013,#11014);
#9368=AXIS2_PLACEMENT_3D('',#13345,#11019,#11020);
#9369=AXIS2_PLACEMENT_3D('',#13351,#11024,#11025);
#9370=AXIS2_PLACEMENT_3D('',#13354,#11028,#11029);
#9371=AXIS2_PLACEMENT_3D('',#13363,#11034,#11035);
#9372=AXIS2_PLACEMENT_3D('',#13369,#11039,#11040);
#9373=AXIS2_PLACEMENT_3D('',#13372,#11043,#11044);
#9374=AXIS2_PLACEMENT_3D('',#13381,#11049,#11050);
#9375=AXIS2_PLACEMENT_3D('',#13387,#11054,#11055);
#9376=AXIS2_PLACEMENT_3D('',#13390,#11058,#11059);
#9377=AXIS2_PLACEMENT_3D('',#13399,#11064,#11065);
#9378=AXIS2_PLACEMENT_3D('',#13405,#11069,#11070);
#9379=AXIS2_PLACEMENT_3D('',#13408,#11073,#11074);
#9380=AXIS2_PLACEMENT_3D('',#13417,#11079,#11080);
#9381=AXIS2_PLACEMENT_3D('',#13423,#11084,#11085);
#9382=AXIS2_PLACEMENT_3D('',#13426,#11088,#11089);
#9383=AXIS2_PLACEMENT_3D('',#13435,#11094,#11095);
#9384=AXIS2_PLACEMENT_3D('',#13441,#11099,#11100);
#9385=AXIS2_PLACEMENT_3D('',#13444,#11103,#11104);
#9386=AXIS2_PLACEMENT_3D('',#13453,#11109,#11110);
#9387=AXIS2_PLACEMENT_3D('',#13459,#11114,#11115);
#9388=AXIS2_PLACEMENT_3D('',#13462,#11118,#11119);
#9389=AXIS2_PLACEMENT_3D('',#13471,#11124,#11125);
#9390=AXIS2_PLACEMENT_3D('',#13477,#11129,#11130);
#9391=AXIS2_PLACEMENT_3D('',#13480,#11133,#11134);
#9392=AXIS2_PLACEMENT_3D('',#13489,#11139,#11140);
#9393=AXIS2_PLACEMENT_3D('',#13495,#11144,#11145);
#9394=AXIS2_PLACEMENT_3D('',#13498,#11148,#11149);
#9395=AXIS2_PLACEMENT_3D('',#13507,#11154,#11155);
#9396=AXIS2_PLACEMENT_3D('',#13513,#11159,#11160);
#9397=AXIS2_PLACEMENT_3D('',#13516,#11163,#11164);
#9398=AXIS2_PLACEMENT_3D('',#13525,#11169,#11170);
#9399=AXIS2_PLACEMENT_3D('',#13531,#11174,#11175);
#9400=AXIS2_PLACEMENT_3D('',#13534,#11178,#11179);
#9401=AXIS2_PLACEMENT_3D('',#13543,#11184,#11185);
#9402=AXIS2_PLACEMENT_3D('',#13549,#11189,#11190);
#9403=AXIS2_PLACEMENT_3D('',#13552,#11193,#11194);
#9404=AXIS2_PLACEMENT_3D('',#13561,#11199,#11200);
#9405=AXIS2_PLACEMENT_3D('',#13567,#11204,#11205);
#9406=AXIS2_PLACEMENT_3D('',#13570,#11208,#11209);
#9407=AXIS2_PLACEMENT_3D('',#13579,#11214,#11215);
#9408=AXIS2_PLACEMENT_3D('',#13585,#11219,#11220);
#9409=AXIS2_PLACEMENT_3D('',#13588,#11223,#11224);
#9410=AXIS2_PLACEMENT_3D('',#13597,#11229,#11230);
#9411=AXIS2_PLACEMENT_3D('',#13603,#11234,#11235);
#9412=AXIS2_PLACEMENT_3D('',#13606,#11238,#11239);
#9413=AXIS2_PLACEMENT_3D('',#13615,#11244,#11245);
#9414=AXIS2_PLACEMENT_3D('',#13621,#11249,#11250);
#9415=AXIS2_PLACEMENT_3D('',#13624,#11253,#11254);
#9416=AXIS2_PLACEMENT_3D('',#13633,#11259,#11260);
#9417=AXIS2_PLACEMENT_3D('',#13639,#11264,#11265);
#9418=AXIS2_PLACEMENT_3D('',#13642,#11268,#11269);
#9419=AXIS2_PLACEMENT_3D('',#13651,#11274,#11275);
#9420=AXIS2_PLACEMENT_3D('',#13657,#11279,#11280);
#9421=AXIS2_PLACEMENT_3D('',#13660,#11283,#11284);
#9422=AXIS2_PLACEMENT_3D('',#13669,#11289,#11290);
#9423=AXIS2_PLACEMENT_3D('',#13675,#11294,#11295);
#9424=AXIS2_PLACEMENT_3D('',#13678,#11298,#11299);
#9425=AXIS2_PLACEMENT_3D('',#13687,#11304,#11305);
#9426=AXIS2_PLACEMENT_3D('',#13693,#11309,#11310);
#9427=AXIS2_PLACEMENT_3D('',#13696,#11313,#11314);
#9428=AXIS2_PLACEMENT_3D('',#13705,#11319,#11320);
#9429=AXIS2_PLACEMENT_3D('',#13711,#11324,#11325);
#9430=AXIS2_PLACEMENT_3D('',#13714,#11328,#11329);
#9431=AXIS2_PLACEMENT_3D('',#13723,#11334,#11335);
#9432=AXIS2_PLACEMENT_3D('',#13729,#11339,#11340);
#9433=AXIS2_PLACEMENT_3D('',#13732,#11343,#11344);
#9434=AXIS2_PLACEMENT_3D('',#13741,#11349,#11350);
#9435=AXIS2_PLACEMENT_3D('',#13747,#11354,#11355);
#9436=AXIS2_PLACEMENT_3D('',#13750,#11358,#11359);
#9437=AXIS2_PLACEMENT_3D('',#13759,#11364,#11365);
#9438=AXIS2_PLACEMENT_3D('',#13765,#11369,#11370);
#9439=AXIS2_PLACEMENT_3D('',#13768,#11373,#11374);
#9440=AXIS2_PLACEMENT_3D('',#13770,#11375,#11376);
#9441=AXIS2_PLACEMENT_3D('',#13773,#11378,#11379);
#9442=AXIS2_PLACEMENT_3D('',#13774,#11380,#11381);
#9443=AXIS2_PLACEMENT_3D('',#13783,#11386,#11387);
#9444=AXIS2_PLACEMENT_3D('',#13789,#11391,#11392);
#9445=AXIS2_PLACEMENT_3D('',#13792,#11395,#11396);
#9446=AXIS2_PLACEMENT_3D('',#13801,#11401,#11402);
#9447=AXIS2_PLACEMENT_3D('',#13807,#11406,#11407);
#9448=AXIS2_PLACEMENT_3D('',#13810,#11410,#11411);
#9449=AXIS2_PLACEMENT_3D('',#13819,#11416,#11417);
#9450=AXIS2_PLACEMENT_3D('',#13825,#11421,#11422);
#9451=AXIS2_PLACEMENT_3D('',#13828,#11425,#11426);
#9452=AXIS2_PLACEMENT_3D('',#13837,#11431,#11432);
#9453=AXIS2_PLACEMENT_3D('',#13843,#11436,#11437);
#9454=AXIS2_PLACEMENT_3D('',#13846,#11440,#11441);
#9455=AXIS2_PLACEMENT_3D('',#13855,#11446,#11447);
#9456=AXIS2_PLACEMENT_3D('',#13861,#11451,#11452);
#9457=AXIS2_PLACEMENT_3D('',#13864,#11455,#11456);
#9458=AXIS2_PLACEMENT_3D('',#13873,#11461,#11462);
#9459=AXIS2_PLACEMENT_3D('',#13879,#11466,#11467);
#9460=AXIS2_PLACEMENT_3D('',#13882,#11470,#11471);
#9461=AXIS2_PLACEMENT_3D('',#13891,#11476,#11477);
#9462=AXIS2_PLACEMENT_3D('',#13897,#11481,#11482);
#9463=AXIS2_PLACEMENT_3D('',#13900,#11485,#11486);
#9464=AXIS2_PLACEMENT_3D('',#13909,#11491,#11492);
#9465=AXIS2_PLACEMENT_3D('',#13915,#11496,#11497);
#9466=AXIS2_PLACEMENT_3D('',#13918,#11500,#11501);
#9467=AXIS2_PLACEMENT_3D('',#13927,#11506,#11507);
#9468=AXIS2_PLACEMENT_3D('',#13933,#11511,#11512);
#9469=AXIS2_PLACEMENT_3D('',#13936,#11515,#11516);
#9470=AXIS2_PLACEMENT_3D('',#13945,#11521,#11522);
#9471=AXIS2_PLACEMENT_3D('',#13951,#11526,#11527);
#9472=AXIS2_PLACEMENT_3D('',#13957,#11531,#11532);
#9473=AXIS2_PLACEMENT_3D('',#13960,#11535,#11536);
#9474=AXIS2_PLACEMENT_3D('',#13961,#11537,#11538);
#9475=DIRECTION('axis',(0.,0.,1.));
#9476=DIRECTION('refdir',(1.,0.,0.));
#9477=DIRECTION('center_axis',(0.,1.,0.));
#9478=DIRECTION('ref_axis',(1.,0.,0.));
#9479=DIRECTION('center_axis',(0.,1.,0.));
#9480=DIRECTION('ref_axis',(1.,0.,0.));
#9481=DIRECTION('',(0.,1.,0.));
#9482=DIRECTION('center_axis',(0.,1.,0.));
#9483=DIRECTION('ref_axis',(1.,0.,0.));
#9484=DIRECTION('center_axis',(0.,1.,0.));
#9485=DIRECTION('ref_axis',(1.,0.,0.));
#9486=DIRECTION('center_axis',(0.,-1.,0.));
#9487=DIRECTION('ref_axis',(1.,0.,0.));
#9488=DIRECTION('center_axis',(0.,1.,0.));
#9489=DIRECTION('ref_axis',(1.,0.,0.));
#9490=DIRECTION('center_axis',(0.,1.,0.));
#9491=DIRECTION('ref_axis',(1.,0.,0.));
#9492=DIRECTION('',(0.,1.,0.));
#9493=DIRECTION('center_axis',(0.,1.,0.));
#9494=DIRECTION('ref_axis',(1.,0.,0.));
#9495=DIRECTION('center_axis',(0.,1.,0.));
#9496=DIRECTION('ref_axis',(1.,0.,0.));
#9497=DIRECTION('center_axis',(0.,-1.,0.));
#9498=DIRECTION('ref_axis',(1.,0.,0.));
#9499=DIRECTION('center_axis',(0.,1.,0.));
#9500=DIRECTION('ref_axis',(1.,0.,0.));
#9501=DIRECTION('center_axis',(0.,1.,0.));
#9502=DIRECTION('ref_axis',(1.,0.,0.));
#9503=DIRECTION('',(0.,1.,0.));
#9504=DIRECTION('center_axis',(0.,1.,0.));
#9505=DIRECTION('ref_axis',(1.,0.,0.));
#9506=DIRECTION('center_axis',(0.,1.,0.));
#9507=DIRECTION('ref_axis',(1.,0.,0.));
#9508=DIRECTION('center_axis',(0.,-1.,0.));
#9509=DIRECTION('ref_axis',(1.,0.,0.));
#9510=DIRECTION('center_axis',(0.,1.,0.));
#9511=DIRECTION('ref_axis',(1.,0.,0.));
#9512=DIRECTION('center_axis',(0.,1.,0.));
#9513=DIRECTION('ref_axis',(1.,0.,0.));
#9514=DIRECTION('',(0.,1.,0.));
#9515=DIRECTION('center_axis',(0.,1.,0.));
#9516=DIRECTION('ref_axis',(1.,0.,0.));
#9517=DIRECTION('center_axis',(0.,1.,0.));
#9518=DIRECTION('ref_axis',(1.,0.,0.));
#9519=DIRECTION('center_axis',(0.,-1.,0.));
#9520=DIRECTION('ref_axis',(1.,0.,0.));
#9521=DIRECTION('center_axis',(0.,1.,0.));
#9522=DIRECTION('ref_axis',(-1.,0.,-2.34291072916505E-15));
#9523=DIRECTION('center_axis',(0.,-1.,0.));
#9524=DIRECTION('ref_axis',(1.,0.,0.));
#9525=DIRECTION('',(0.,1.,0.));
#9526=DIRECTION('center_axis',(0.,1.,0.));
#9527=DIRECTION('ref_axis',(1.,0.,0.));
#9528=DIRECTION('',(0.,1.,0.));
#9529=DIRECTION('center_axis',(0.,1.,0.));
#9530=DIRECTION('ref_axis',(1.,0.,0.));
#9531=DIRECTION('center_axis',(0.,-1.,0.));
#9532=DIRECTION('ref_axis',(1.,0.,0.));
#9533=DIRECTION('',(0.,-1.,0.));
#9534=DIRECTION('center_axis',(1.,0.,2.50822812799676E-15));
#9535=DIRECTION('ref_axis',(2.50822812799676E-15,0.,-1.));
#9536=DIRECTION('',(-2.50822812799676E-15,0.,1.));
#9537=DIRECTION('',(2.50822812799676E-15,0.,-1.));
#9538=DIRECTION('center_axis',(0.,1.,0.));
#9539=DIRECTION('ref_axis',(1.,0.,0.));
#9540=DIRECTION('center_axis',(0.,1.,0.));
#9541=DIRECTION('ref_axis',(-1.,0.,-2.34291072916505E-15));
#9542=DIRECTION('center_axis',(0.,-1.,0.));
#9543=DIRECTION('ref_axis',(1.,0.,0.));
#9544=DIRECTION('',(0.,1.,0.));
#9545=DIRECTION('center_axis',(0.,1.,0.));
#9546=DIRECTION('ref_axis',(1.,0.,0.));
#9547=DIRECTION('',(0.,1.,0.));
#9548=DIRECTION('center_axis',(0.,1.,0.));
#9549=DIRECTION('ref_axis',(1.,0.,0.));
#9550=DIRECTION('center_axis',(0.,-1.,0.));
#9551=DIRECTION('ref_axis',(1.,0.,0.));
#9552=DIRECTION('',(0.,-1.,0.));
#9553=DIRECTION('center_axis',(1.,0.,2.50822812799676E-15));
#9554=DIRECTION('ref_axis',(2.50822812799676E-15,0.,-1.));
#9555=DIRECTION('',(-2.50822812799676E-15,0.,1.));
#9556=DIRECTION('',(2.50822812799676E-15,0.,-1.));
#9557=DIRECTION('center_axis',(0.,1.,0.));
#9558=DIRECTION('ref_axis',(1.,0.,0.));
#9559=DIRECTION('center_axis',(-1.,0.,2.50822812799676E-15));
#9560=DIRECTION('ref_axis',(2.50822812799676E-15,0.,1.));
#9561=DIRECTION('',(-2.50822812799676E-15,0.,-1.));
#9562=DIRECTION('',(0.,1.,0.));
#9563=DIRECTION('',(2.50822812799676E-15,0.,1.));
#9564=DIRECTION('',(0.,1.,0.));
#9565=DIRECTION('center_axis',(0.,1.,0.));
#9566=DIRECTION('ref_axis',(1.,0.,0.));
#9567=DIRECTION('center_axis',(0.,-1.,0.));
#9568=DIRECTION('ref_axis',(1.,0.,0.));
#9569=DIRECTION('',(0.,-1.,0.));
#9570=DIRECTION('center_axis',(0.,1.,0.));
#9571=DIRECTION('ref_axis',(1.,0.,0.));
#9572=DIRECTION('center_axis',(0.,-1.,0.));
#9573=DIRECTION('ref_axis',(1.,0.,0.));
#9574=DIRECTION('center_axis',(0.,1.,0.));
#9575=DIRECTION('ref_axis',(1.,0.,0.));
#9576=DIRECTION('center_axis',(0.,1.,0.));
#9577=DIRECTION('ref_axis',(1.,0.,0.));
#9578=DIRECTION('center_axis',(-1.,0.,2.50822812799676E-15));
#9579=DIRECTION('ref_axis',(2.50822812799676E-15,0.,1.));
#9580=DIRECTION('',(-2.50822812799676E-15,0.,-1.));
#9581=DIRECTION('',(0.,1.,0.));
#9582=DIRECTION('',(2.50822812799676E-15,0.,1.));
#9583=DIRECTION('',(0.,1.,0.));
#9584=DIRECTION('center_axis',(0.,1.,0.));
#9585=DIRECTION('ref_axis',(1.,0.,0.));
#9586=DIRECTION('center_axis',(0.,-1.,0.));
#9587=DIRECTION('ref_axis',(1.,0.,0.));
#9588=DIRECTION('',(0.,-1.,0.));
#9589=DIRECTION('center_axis',(0.,1.,0.));
#9590=DIRECTION('ref_axis',(1.,0.,0.));
#9591=DIRECTION('center_axis',(0.,-1.,0.));
#9592=DIRECTION('ref_axis',(1.,0.,0.));
#9593=DIRECTION('center_axis',(0.,1.,0.));
#9594=DIRECTION('ref_axis',(1.,0.,0.));
#9595=DIRECTION('center_axis',(0.,1.,0.));
#9596=DIRECTION('ref_axis',(1.,0.,0.));
#9597=DIRECTION('center_axis',(-0.894427190999916,0.,-0.447213595499958));
#9598=DIRECTION('ref_axis',(-0.447213595499958,0.,0.894427190999916));
#9599=DIRECTION('',(-0.447213595499958,0.,0.894427190999916));
#9600=DIRECTION('',(0.,1.,0.));
#9601=DIRECTION('',(-0.447213595499958,0.,0.894427190999916));
#9602=DIRECTION('',(0.,1.,0.));
#9603=DIRECTION('center_axis',(-2.77555756156289E-16,0.,1.));
#9604=DIRECTION('ref_axis',(1.,0.,2.77555756156289E-16));
#9605=DIRECTION('',(1.,0.,2.77555756156289E-16));
#9606=DIRECTION('',(1.,0.,2.77555756156289E-16));
#9607=DIRECTION('',(0.,1.,0.));
#9608=DIRECTION('center_axis',(0.894427190999915,0.,-0.447213595499959));
#9609=DIRECTION('ref_axis',(-0.447213595499959,0.,-0.894427190999915));
#9610=DIRECTION('',(-0.447213595499959,0.,-0.894427190999915));
#9611=DIRECTION('',(-0.447213595499959,0.,-0.894427190999915));
#9612=DIRECTION('center_axis',(0.,1.,0.));
#9613=DIRECTION('ref_axis',(1.,0.,0.));
#9614=DIRECTION('center_axis',(0.,-1.,0.));
#9615=DIRECTION('ref_axis',(1.,0.,0.));
#9616=DIRECTION('',(0.,-1.,0.));
#9617=DIRECTION('center_axis',(0.,-1.,0.));
#9618=DIRECTION('ref_axis',(1.,0.,0.));
#9619=DIRECTION('center_axis',(-0.894427190999916,0.,-0.447213595499958));
#9620=DIRECTION('ref_axis',(-0.447213595499958,0.,0.894427190999916));
#9621=DIRECTION('',(-0.447213595499958,0.,0.894427190999916));
#9622=DIRECTION('',(0.,1.,0.));
#9623=DIRECTION('',(-0.447213595499958,0.,0.894427190999916));
#9624=DIRECTION('',(0.,1.,0.));
#9625=DIRECTION('center_axis',(-3.70074341541718E-16,0.,1.));
#9626=DIRECTION('ref_axis',(1.,0.,3.70074341541718E-16));
#9627=DIRECTION('',(1.,0.,3.70074341541718E-16));
#9628=DIRECTION('',(1.,0.,3.70074341541718E-16));
#9629=DIRECTION('',(0.,1.,0.));
#9630=DIRECTION('center_axis',(0.894427190999916,0.,-0.447213595499958));
#9631=DIRECTION('ref_axis',(-0.447213595499958,0.,-0.894427190999916));
#9632=DIRECTION('',(-0.447213595499958,0.,-0.894427190999916));
#9633=DIRECTION('',(-0.447213595499958,0.,-0.894427190999916));
#9634=DIRECTION('center_axis',(0.,0.,-1.));
#9635=DIRECTION('ref_axis',(-1.,0.,0.));
#9636=DIRECTION('',(-1.,0.,0.));
#9637=DIRECTION('',(0.,1.,0.));
#9638=DIRECTION('',(-1.,0.,0.));
#9639=DIRECTION('',(0.,1.,0.));
#9640=DIRECTION('center_axis',(-0.909064822894284,0.,0.416654710493213));
#9641=DIRECTION('ref_axis',(0.416654710493213,0.,0.909064822894284));
#9642=DIRECTION('',(0.416654710493213,0.,0.909064822894284));
#9643=DIRECTION('',(0.416654710493213,0.,0.909064822894284));
#9644=DIRECTION('',(0.,1.,0.));
#9645=DIRECTION('center_axis',(0.879291966536775,0.,0.476283148540752));
#9646=DIRECTION('ref_axis',(0.476283148540752,0.,-0.879291966536775));
#9647=DIRECTION('',(0.476283148540752,0.,-0.879291966536775));
#9648=DIRECTION('',(0.476283148540752,0.,-0.879291966536775));
#9649=DIRECTION('center_axis',(-0.894427190999916,0.,-0.447213595499958));
#9650=DIRECTION('ref_axis',(-0.447213595499958,0.,0.894427190999916));
#9651=DIRECTION('',(-0.447213595499958,0.,0.894427190999916));
#9652=DIRECTION('',(0.,1.,0.));
#9653=DIRECTION('',(-0.447213595499958,0.,0.894427190999916));
#9654=DIRECTION('',(0.,1.,0.));
#9655=DIRECTION('center_axis',(-2.77555756156289E-16,0.,1.));
#9656=DIRECTION('ref_axis',(1.,0.,2.77555756156289E-16));
#9657=DIRECTION('',(1.,0.,2.77555756156289E-16));
#9658=DIRECTION('',(1.,0.,2.77555756156289E-16));
#9659=DIRECTION('',(0.,1.,0.));
#9660=DIRECTION('center_axis',(0.894427190999916,0.,-0.447213595499959));
#9661=DIRECTION('ref_axis',(-0.447213595499959,0.,-0.894427190999916));
#9662=DIRECTION('',(-0.447213595499959,0.,-0.894427190999916));
#9663=DIRECTION('',(-0.447213595499959,0.,-0.894427190999916));
#9664=DIRECTION('center_axis',(-0.894427190999916,0.,-0.447213595499958));
#9665=DIRECTION('ref_axis',(-0.447213595499958,0.,0.894427190999916));
#9666=DIRECTION('',(-0.447213595499958,0.,0.894427190999916));
#9667=DIRECTION('',(0.,1.,0.));
#9668=DIRECTION('',(-0.447213595499958,0.,0.894427190999916));
#9669=DIRECTION('',(0.,1.,0.));
#9670=DIRECTION('center_axis',(-3.70074341541718E-16,0.,1.));
#9671=DIRECTION('ref_axis',(1.,0.,3.70074341541718E-16));
#9672=DIRECTION('',(1.,0.,3.70074341541718E-16));
#9673=DIRECTION('',(1.,0.,3.70074341541718E-16));
#9674=DIRECTION('',(0.,1.,0.));
#9675=DIRECTION('center_axis',(0.894427190999916,0.,-0.447213595499959));
#9676=DIRECTION('ref_axis',(-0.447213595499959,0.,-0.894427190999916));
#9677=DIRECTION('',(-0.447213595499959,0.,-0.894427190999916));
#9678=DIRECTION('',(-0.447213595499959,0.,-0.894427190999916));
#9679=DIRECTION('center_axis',(0.,0.,-1.));
#9680=DIRECTION('ref_axis',(-1.,0.,0.));
#9681=DIRECTION('',(-1.,0.,0.));
#9682=DIRECTION('',(0.,1.,0.));
#9683=DIRECTION('',(-1.,0.,0.));
#9684=DIRECTION('',(0.,1.,0.));
#9685=DIRECTION('center_axis',(-0.909064822894284,0.,0.416654710493213));
#9686=DIRECTION('ref_axis',(0.416654710493213,0.,0.909064822894284));
#9687=DIRECTION('',(0.416654710493213,0.,0.909064822894284));
#9688=DIRECTION('',(0.416654710493213,0.,0.909064822894284));
#9689=DIRECTION('',(0.,1.,0.));
#9690=DIRECTION('center_axis',(0.879291966536775,0.,0.476283148540752));
#9691=DIRECTION('ref_axis',(0.476283148540752,0.,-0.879291966536775));
#9692=DIRECTION('',(0.476283148540752,0.,-0.879291966536775));
#9693=DIRECTION('',(0.476283148540752,0.,-0.879291966536775));
#9694=DIRECTION('center_axis',(-3.70074341541719E-16,0.,-1.));
#9695=DIRECTION('ref_axis',(-1.,0.,3.70074341541719E-16));
#9696=DIRECTION('',(-1.,0.,3.70074341541719E-16));
#9697=DIRECTION('',(0.,1.,0.));
#9698=DIRECTION('',(-1.,0.,3.70074341541719E-16));
#9699=DIRECTION('',(0.,1.,0.));
#9700=DIRECTION('center_axis',(-0.909064822894284,0.,0.416654710493214));
#9701=DIRECTION('ref_axis',(0.416654710493214,0.,0.909064822894284));
#9702=DIRECTION('',(0.416654710493214,0.,0.909064822894284));
#9703=DIRECTION('',(0.416654710493214,0.,0.909064822894284));
#9704=DIRECTION('',(0.,1.,0.));
#9705=DIRECTION('center_axis',(0.879291966536775,0.,0.476283148540752));
#9706=DIRECTION('ref_axis',(0.476283148540752,0.,-0.879291966536775));
#9707=DIRECTION('',(0.476283148540752,0.,-0.879291966536775));
#9708=DIRECTION('',(0.476283148540752,0.,-0.879291966536775));
#9709=DIRECTION('center_axis',(-0.894427190999916,0.,-0.447213595499958));
#9710=DIRECTION('ref_axis',(-0.447213595499958,0.,0.894427190999916));
#9711=DIRECTION('',(-0.447213595499958,0.,0.894427190999916));
#9712=DIRECTION('',(0.,1.,0.));
#9713=DIRECTION('',(-0.447213595499958,0.,0.894427190999916));
#9714=DIRECTION('',(0.,1.,0.));
#9715=DIRECTION('center_axis',(-3.70074341541718E-16,0.,1.));
#9716=DIRECTION('ref_axis',(1.,0.,3.70074341541718E-16));
#9717=DIRECTION('',(1.,0.,3.70074341541718E-16));
#9718=DIRECTION('',(1.,0.,3.70074341541718E-16));
#9719=DIRECTION('',(0.,1.,0.));
#9720=DIRECTION('center_axis',(0.894427190999916,0.,-0.447213595499959));
#9721=DIRECTION('ref_axis',(-0.447213595499959,0.,-0.894427190999916));
#9722=DIRECTION('',(-0.447213595499959,0.,-0.894427190999916));
#9723=DIRECTION('',(-0.447213595499959,0.,-0.894427190999916));
#9724=DIRECTION('center_axis',(-0.894427190999916,0.,-0.447213595499958));
#9725=DIRECTION('ref_axis',(-0.447213595499958,0.,0.894427190999916));
#9726=DIRECTION('',(-0.447213595499958,0.,0.894427190999916));
#9727=DIRECTION('',(0.,1.,0.));
#9728=DIRECTION('',(-0.447213595499958,0.,0.894427190999916));
#9729=DIRECTION('',(0.,1.,0.));
#9730=DIRECTION('center_axis',(-3.70074341541718E-16,0.,1.));
#9731=DIRECTION('ref_axis',(1.,0.,3.70074341541718E-16));
#9732=DIRECTION('',(1.,0.,3.70074341541718E-16));
#9733=DIRECTION('',(1.,0.,3.70074341541718E-16));
#9734=DIRECTION('',(0.,1.,0.));
#9735=DIRECTION('center_axis',(0.894427190999916,0.,-0.447213595499959));
#9736=DIRECTION('ref_axis',(-0.447213595499959,0.,-0.894427190999916));
#9737=DIRECTION('',(-0.447213595499959,0.,-0.894427190999916));
#9738=DIRECTION('',(-0.447213595499959,0.,-0.894427190999916));
#9739=DIRECTION('center_axis',(-0.894427190999916,0.,-0.447213595499958));
#9740=DIRECTION('ref_axis',(-0.447213595499958,0.,0.894427190999916));
#9741=DIRECTION('',(-0.447213595499958,0.,0.894427190999916));
#9742=DIRECTION('',(0.,1.,0.));
#9743=DIRECTION('',(-0.447213595499958,0.,0.894427190999916));
#9744=DIRECTION('',(0.,1.,0.));
#9745=DIRECTION('center_axis',(-2.77555756156289E-16,0.,1.));
#9746=DIRECTION('ref_axis',(1.,0.,2.77555756156289E-16));
#9747=DIRECTION('',(1.,0.,2.77555756156289E-16));
#9748=DIRECTION('',(1.,0.,2.77555756156289E-16));
#9749=DIRECTION('',(0.,1.,0.));
#9750=DIRECTION('center_axis',(0.894427190999916,0.,-0.447213595499959));
#9751=DIRECTION('ref_axis',(-0.447213595499959,0.,-0.894427190999916));
#9752=DIRECTION('',(-0.447213595499959,0.,-0.894427190999916));
#9753=DIRECTION('',(-0.447213595499959,0.,-0.894427190999916));
#9754=DIRECTION('center_axis',(-0.894427190999916,0.,-0.447213595499958));
#9755=DIRECTION('ref_axis',(-0.447213595499958,0.,0.894427190999916));
#9756=DIRECTION('',(-0.447213595499958,0.,0.894427190999916));
#9757=DIRECTION('',(0.,1.,0.));
#9758=DIRECTION('',(-0.447213595499958,0.,0.894427190999916));
#9759=DIRECTION('',(0.,1.,0.));
#9760=DIRECTION('center_axis',(-2.77555756156289E-16,0.,1.));
#9761=DIRECTION('ref_axis',(1.,0.,2.77555756156289E-16));
#9762=DIRECTION('',(1.,0.,2.77555756156289E-16));
#9763=DIRECTION('',(1.,0.,2.77555756156289E-16));
#9764=DIRECTION('',(0.,1.,0.));
#9765=DIRECTION('center_axis',(0.894427190999915,0.,-0.447213595499959));
#9766=DIRECTION('ref_axis',(-0.447213595499959,0.,-0.894427190999915));
#9767=DIRECTION('',(-0.447213595499959,0.,-0.894427190999915));
#9768=DIRECTION('',(-0.447213595499959,0.,-0.894427190999915));
#9769=DIRECTION('center_axis',(0.,0.,-1.));
#9770=DIRECTION('ref_axis',(-1.,0.,0.));
#9771=DIRECTION('',(-1.,0.,0.));
#9772=DIRECTION('',(0.,1.,0.));
#9773=DIRECTION('',(-1.,0.,0.));
#9774=DIRECTION('',(0.,1.,0.));
#9775=DIRECTION('center_axis',(-0.909064822894284,0.,0.416654710493214));
#9776=DIRECTION('ref_axis',(0.416654710493214,0.,0.909064822894284));
#9777=DIRECTION('',(0.416654710493214,0.,0.909064822894284));
#9778=DIRECTION('',(0.416654710493214,0.,0.909064822894284));
#9779=DIRECTION('',(0.,1.,0.));
#9780=DIRECTION('center_axis',(0.879291966536775,0.,0.476283148540752));
#9781=DIRECTION('ref_axis',(0.476283148540752,0.,-0.879291966536775));
#9782=DIRECTION('',(0.476283148540752,0.,-0.879291966536775));
#9783=DIRECTION('',(0.476283148540752,0.,-0.879291966536775));
#9784=DIRECTION('center_axis',(-0.894427190999916,0.,-0.447213595499958));
#9785=DIRECTION('ref_axis',(-0.447213595499958,0.,0.894427190999916));
#9786=DIRECTION('',(-0.447213595499958,0.,0.894427190999916));
#9787=DIRECTION('',(0.,1.,0.));
#9788=DIRECTION('',(-0.447213595499958,0.,0.894427190999916));
#9789=DIRECTION('',(0.,1.,0.));
#9790=DIRECTION('center_axis',(-7.40148683083437E-16,0.,1.));
#9791=DIRECTION('ref_axis',(1.,0.,7.40148683083437E-16));
#9792=DIRECTION('',(1.,0.,7.40148683083437E-16));
#9793=DIRECTION('',(1.,0.,7.40148683083437E-16));
#9794=DIRECTION('',(0.,1.,0.));
#9795=DIRECTION('center_axis',(0.894427190999916,0.,-0.447213595499959));
#9796=DIRECTION('ref_axis',(-0.447213595499959,0.,-0.894427190999916));
#9797=DIRECTION('',(-0.447213595499959,0.,-0.894427190999916));
#9798=DIRECTION('',(-0.447213595499959,0.,-0.894427190999916));
#9799=DIRECTION('center_axis',(-0.894427190999916,0.,-0.447213595499958));
#9800=DIRECTION('ref_axis',(-0.447213595499958,0.,0.894427190999916));
#9801=DIRECTION('',(-0.447213595499958,0.,0.894427190999916));
#9802=DIRECTION('',(0.,1.,0.));
#9803=DIRECTION('',(-0.447213595499958,0.,0.894427190999916));
#9804=DIRECTION('',(0.,1.,0.));
#9805=DIRECTION('center_axis',(-7.40148683083436E-16,0.,1.));
#9806=DIRECTION('ref_axis',(1.,0.,7.40148683083436E-16));
#9807=DIRECTION('',(1.,0.,7.40148683083436E-16));
#9808=DIRECTION('',(1.,0.,7.40148683083436E-16));
#9809=DIRECTION('',(0.,1.,0.));
#9810=DIRECTION('center_axis',(0.894427190999916,0.,-0.447213595499958));
#9811=DIRECTION('ref_axis',(-0.447213595499958,0.,-0.894427190999916));
#9812=DIRECTION('',(-0.447213595499958,0.,-0.894427190999916));
#9813=DIRECTION('',(-0.447213595499958,0.,-0.894427190999916));
#9814=DIRECTION('center_axis',(0.,1.,0.));
#9815=DIRECTION('ref_axis',(1.,0.,0.));
#9816=DIRECTION('center_axis',(0.,-1.,0.));
#9817=DIRECTION('ref_axis',(1.,0.,0.));
#9818=DIRECTION('',(0.,-1.,0.));
#9819=DIRECTION('center_axis',(0.,-1.,0.));
#9820=DIRECTION('ref_axis',(1.,0.,0.));
#9821=DIRECTION('center_axis',(-3.70074341541719E-16,0.,-1.));
#9822=DIRECTION('ref_axis',(-1.,0.,3.70074341541719E-16));
#9823=DIRECTION('',(-1.,0.,3.70074341541719E-16));
#9824=DIRECTION('',(0.,1.,0.));
#9825=DIRECTION('',(-1.,0.,3.70074341541719E-16));
#9826=DIRECTION('',(0.,1.,0.));
#9827=DIRECTION('center_axis',(-0.909064822894284,0.,0.416654710493214));
#9828=DIRECTION('ref_axis',(0.416654710493214,0.,0.909064822894284));
#9829=DIRECTION('',(0.416654710493214,0.,0.909064822894284));
#9830=DIRECTION('',(0.416654710493214,0.,0.909064822894284));
#9831=DIRECTION('',(0.,1.,0.));
#9832=DIRECTION('center_axis',(0.879291966536775,0.,0.476283148540752));
#9833=DIRECTION('ref_axis',(0.476283148540752,0.,-0.879291966536775));
#9834=DIRECTION('',(0.476283148540752,0.,-0.879291966536775));
#9835=DIRECTION('',(0.476283148540752,0.,-0.879291966536775));
#9836=DIRECTION('center_axis',(-0.894427190999916,0.,-0.447213595499958));
#9837=DIRECTION('ref_axis',(-0.447213595499958,0.,0.894427190999916));
#9838=DIRECTION('',(-0.447213595499958,0.,0.894427190999916));
#9839=DIRECTION('',(0.,1.,0.));
#9840=DIRECTION('',(-0.447213595499958,0.,0.894427190999916));
#9841=DIRECTION('',(0.,1.,0.));
#9842=DIRECTION('center_axis',(-3.70074341541718E-16,0.,1.));
#9843=DIRECTION('ref_axis',(1.,0.,3.70074341541718E-16));
#9844=DIRECTION('',(1.,0.,3.70074341541718E-16));
#9845=DIRECTION('',(1.,0.,3.70074341541718E-16));
#9846=DIRECTION('',(0.,1.,0.));
#9847=DIRECTION('center_axis',(0.894427190999916,0.,-0.447213595499958));
#9848=DIRECTION('ref_axis',(-0.447213595499958,0.,-0.894427190999916));
#9849=DIRECTION('',(-0.447213595499958,0.,-0.894427190999916));
#9850=DIRECTION('',(-0.447213595499958,0.,-0.894427190999916));
#9851=DIRECTION('center_axis',(-0.894427190999916,0.,-0.447213595499958));
#9852=DIRECTION('ref_axis',(-0.447213595499958,0.,0.894427190999916));
#9853=DIRECTION('',(-0.447213595499958,0.,0.894427190999916));
#9854=DIRECTION('',(0.,1.,0.));
#9855=DIRECTION('',(-0.447213595499958,0.,0.894427190999916));
#9856=DIRECTION('',(0.,1.,0.));
#9857=DIRECTION('center_axis',(-3.70074341541718E-16,0.,1.));
#9858=DIRECTION('ref_axis',(1.,0.,3.70074341541718E-16));
#9859=DIRECTION('',(1.,0.,3.70074341541718E-16));
#9860=DIRECTION('',(1.,0.,3.70074341541718E-16));
#9861=DIRECTION('',(0.,1.,0.));
#9862=DIRECTION('center_axis',(0.894427190999916,0.,-0.447213595499958));
#9863=DIRECTION('ref_axis',(-0.447213595499958,0.,-0.894427190999916));
#9864=DIRECTION('',(-0.447213595499958,0.,-0.894427190999916));
#9865=DIRECTION('',(-0.447213595499958,0.,-0.894427190999916));
#9866=DIRECTION('center_axis',(-3.70074341541719E-16,0.,-1.));
#9867=DIRECTION('ref_axis',(-1.,0.,3.70074341541719E-16));
#9868=DIRECTION('',(-1.,0.,3.70074341541719E-16));
#9869=DIRECTION('',(0.,1.,0.));
#9870=DIRECTION('',(-1.,0.,3.70074341541719E-16));
#9871=DIRECTION('',(0.,1.,0.));
#9872=DIRECTION('center_axis',(-0.909064822894284,0.,0.416654710493214));
#9873=DIRECTION('ref_axis',(0.416654710493214,0.,0.909064822894284));
#9874=DIRECTION('',(0.416654710493214,0.,0.909064822894284));
#9875=DIRECTION('',(0.416654710493214,0.,0.909064822894284));
#9876=DIRECTION('',(0.,1.,0.));
#9877=DIRECTION('center_axis',(0.879291966536775,0.,0.476283148540751));
#9878=DIRECTION('ref_axis',(0.476283148540751,0.,-0.879291966536775));
#9879=DIRECTION('',(0.476283148540751,0.,-0.879291966536775));
#9880=DIRECTION('',(0.476283148540751,0.,-0.879291966536775));
#9881=DIRECTION('center_axis',(-0.894427190999916,0.,-0.447213595499958));
#9882=DIRECTION('ref_axis',(-0.447213595499958,0.,0.894427190999916));
#9883=DIRECTION('',(-0.447213595499958,0.,0.894427190999916));
#9884=DIRECTION('',(0.,1.,0.));
#9885=DIRECTION('',(-0.447213595499958,0.,0.894427190999916));
#9886=DIRECTION('',(0.,1.,0.));
#9887=DIRECTION('center_axis',(-3.70074341541718E-16,0.,1.));
#9888=DIRECTION('ref_axis',(1.,0.,3.70074341541718E-16));
#9889=DIRECTION('',(1.,0.,3.70074341541718E-16));
#9890=DIRECTION('',(1.,0.,3.70074341541718E-16));
#9891=DIRECTION('',(0.,1.,0.));
#9892=DIRECTION('center_axis',(0.894427190999916,0.,-0.447213595499959));
#9893=DIRECTION('ref_axis',(-0.447213595499959,0.,-0.894427190999916));
#9894=DIRECTION('',(-0.447213595499959,0.,-0.894427190999916));
#9895=DIRECTION('',(-0.447213595499959,0.,-0.894427190999916));
#9896=DIRECTION('center_axis',(-1.85037170770859E-16,0.,-1.));
#9897=DIRECTION('ref_axis',(-1.,0.,1.85037170770859E-16));
#9898=DIRECTION('',(-1.,0.,1.85037170770859E-16));
#9899=DIRECTION('',(0.,1.,0.));
#9900=DIRECTION('',(-1.,0.,1.85037170770859E-16));
#9901=DIRECTION('',(0.,1.,0.));
#9902=DIRECTION('center_axis',(-0.909064822894284,0.,0.416654710493214));
#9903=DIRECTION('ref_axis',(0.416654710493214,0.,0.909064822894284));
#9904=DIRECTION('',(0.416654710493214,0.,0.909064822894284));
#9905=DIRECTION('',(0.416654710493214,0.,0.909064822894284));
#9906=DIRECTION('',(0.,1.,0.));
#9907=DIRECTION('center_axis',(0.879291966536775,0.,0.476283148540752));
#9908=DIRECTION('ref_axis',(0.476283148540752,0.,-0.879291966536775));
#9909=DIRECTION('',(0.476283148540752,0.,-0.879291966536775));
#9910=DIRECTION('',(0.476283148540752,0.,-0.879291966536775));
#9911=DIRECTION('center_axis',(-0.894427190999916,0.,-0.447213595499958));
#9912=DIRECTION('ref_axis',(-0.447213595499958,0.,0.894427190999916));
#9913=DIRECTION('',(-0.447213595499958,0.,0.894427190999916));
#9914=DIRECTION('',(0.,1.,0.));
#9915=DIRECTION('',(-0.447213595499958,0.,0.894427190999916));
#9916=DIRECTION('',(0.,1.,0.));
#9917=DIRECTION('center_axis',(-3.70074341541718E-16,0.,1.));
#9918=DIRECTION('ref_axis',(1.,0.,3.70074341541718E-16));
#9919=DIRECTION('',(1.,0.,3.70074341541718E-16));
#9920=DIRECTION('',(1.,0.,3.70074341541718E-16));
#9921=DIRECTION('',(0.,1.,0.));
#9922=DIRECTION('center_axis',(0.894427190999916,0.,-0.447213595499959));
#9923=DIRECTION('ref_axis',(-0.447213595499959,0.,-0.894427190999916));
#9924=DIRECTION('',(-0.447213595499959,0.,-0.894427190999916));
#9925=DIRECTION('',(-0.447213595499959,0.,-0.894427190999916));
#9926=DIRECTION('center_axis',(-3.70074341541719E-16,0.,-1.));
#9927=DIRECTION('ref_axis',(-1.,0.,3.70074341541719E-16));
#9928=DIRECTION('',(-1.,0.,3.70074341541719E-16));
#9929=DIRECTION('',(0.,1.,0.));
#9930=DIRECTION('',(-1.,0.,3.70074341541719E-16));
#9931=DIRECTION('',(0.,1.,0.));
#9932=DIRECTION('center_axis',(-0.909064822894284,0.,0.416654710493213));
#9933=DIRECTION('ref_axis',(0.416654710493213,0.,0.909064822894284));
#9934=DIRECTION('',(0.416654710493213,0.,0.909064822894284));
#9935=DIRECTION('',(0.416654710493213,0.,0.909064822894284));
#9936=DIRECTION('',(0.,1.,0.));
#9937=DIRECTION('center_axis',(0.879291966536775,0.,0.476283148540751));
#9938=DIRECTION('ref_axis',(0.476283148540751,0.,-0.879291966536775));
#9939=DIRECTION('',(0.476283148540751,0.,-0.879291966536775));
#9940=DIRECTION('',(0.476283148540751,0.,-0.879291966536775));
#9941=DIRECTION('center_axis',(-0.894427190999916,0.,-0.447213595499958));
#9942=DIRECTION('ref_axis',(-0.447213595499958,0.,0.894427190999916));
#9943=DIRECTION('',(-0.447213595499958,0.,0.894427190999916));
#9944=DIRECTION('',(0.,1.,0.));
#9945=DIRECTION('',(-0.447213595499958,0.,0.894427190999916));
#9946=DIRECTION('',(0.,1.,0.));
#9947=DIRECTION('center_axis',(-3.70074341541718E-16,0.,1.));
#9948=DIRECTION('ref_axis',(1.,0.,3.70074341541718E-16));
#9949=DIRECTION('',(1.,0.,3.70074341541718E-16));
#9950=DIRECTION('',(1.,0.,3.70074341541718E-16));
#9951=DIRECTION('',(0.,1.,0.));
#9952=DIRECTION('center_axis',(0.894427190999916,0.,-0.447213595499958));
#9953=DIRECTION('ref_axis',(-0.447213595499958,0.,-0.894427190999916));
#9954=DIRECTION('',(-0.447213595499958,0.,-0.894427190999916));
#9955=DIRECTION('',(-0.447213595499958,0.,-0.894427190999916));
#9956=DIRECTION('center_axis',(-1.85037170770859E-16,0.,-1.));
#9957=DIRECTION('ref_axis',(-1.,0.,1.85037170770859E-16));
#9958=DIRECTION('',(-1.,0.,1.85037170770859E-16));
#9959=DIRECTION('',(0.,1.,0.));
#9960=DIRECTION('',(-1.,0.,1.85037170770859E-16));
#9961=DIRECTION('',(0.,1.,0.));
#9962=DIRECTION('center_axis',(-0.909064822894284,0.,0.416654710493213));
#9963=DIRECTION('ref_axis',(0.416654710493213,0.,0.909064822894284));
#9964=DIRECTION('',(0.416654710493213,0.,0.909064822894284));
#9965=DIRECTION('',(0.416654710493213,0.,0.909064822894284));
#9966=DIRECTION('',(0.,1.,0.));
#9967=DIRECTION('center_axis',(0.879291966536775,0.,0.476283148540752));
#9968=DIRECTION('ref_axis',(0.476283148540752,0.,-0.879291966536775));
#9969=DIRECTION('',(0.476283148540752,0.,-0.879291966536775));
#9970=DIRECTION('',(0.476283148540752,0.,-0.879291966536775));
#9971=DIRECTION('center_axis',(-1.85037170770859E-16,0.,-1.));
#9972=DIRECTION('ref_axis',(-1.,0.,1.85037170770859E-16));
#9973=DIRECTION('',(-1.,0.,1.85037170770859E-16));
#9974=DIRECTION('',(0.,1.,0.));
#9975=DIRECTION('',(-1.,0.,1.85037170770859E-16));
#9976=DIRECTION('',(0.,1.,0.));
#9977=DIRECTION('center_axis',(-0.909064822894284,0.,0.416654710493213));
#9978=DIRECTION('ref_axis',(0.416654710493213,0.,0.909064822894284));
#9979=DIRECTION('',(0.416654710493213,0.,0.909064822894284));
#9980=DIRECTION('',(0.416654710493213,0.,0.909064822894284));
#9981=DIRECTION('',(0.,1.,0.));
#9982=DIRECTION('center_axis',(0.879291966536775,0.,0.476283148540752));
#9983=DIRECTION('ref_axis',(0.476283148540752,0.,-0.879291966536775));
#9984=DIRECTION('',(0.476283148540752,0.,-0.879291966536775));
#9985=DIRECTION('',(0.476283148540752,0.,-0.879291966536775));
#9986=DIRECTION('center_axis',(-1.85037170770859E-16,0.,-1.));
#9987=DIRECTION('ref_axis',(-1.,0.,1.85037170770859E-16));
#9988=DIRECTION('',(-1.,0.,1.85037170770859E-16));
#9989=DIRECTION('',(0.,1.,0.));
#9990=DIRECTION('',(-1.,0.,1.85037170770859E-16));
#9991=DIRECTION('',(0.,1.,0.));
#9992=DIRECTION('center_axis',(-0.909064822894284,0.,0.416654710493213));
#9993=DIRECTION('ref_axis',(0.416654710493213,0.,0.909064822894284));
#9994=DIRECTION('',(0.416654710493213,0.,0.909064822894284));
#9995=DIRECTION('',(0.416654710493213,0.,0.909064822894284));
#9996=DIRECTION('',(0.,1.,0.));
#9997=DIRECTION('center_axis',(0.879291966536775,0.,0.476283148540752));
#9998=DIRECTION('ref_axis',(0.476283148540752,0.,-0.879291966536775));
#9999=DIRECTION('',(0.476283148540752,0.,-0.879291966536775));
#10000=DIRECTION('',(0.476283148540752,0.,-0.879291966536775));
#10001=DIRECTION('center_axis',(-0.894427190999916,0.,-0.447213595499958));
#10002=DIRECTION('ref_axis',(-0.447213595499958,0.,0.894427190999916));
#10003=DIRECTION('',(-0.447213595499958,0.,0.894427190999916));
#10004=DIRECTION('',(0.,1.,0.));
#10005=DIRECTION('',(-0.447213595499958,0.,0.894427190999916));
#10006=DIRECTION('',(0.,1.,0.));
#10007=DIRECTION('center_axis',(-2.77555756156289E-16,0.,1.));
#10008=DIRECTION('ref_axis',(1.,0.,2.77555756156289E-16));
#10009=DIRECTION('',(1.,0.,2.77555756156289E-16));
#10010=DIRECTION('',(1.,0.,2.77555756156289E-16));
#10011=DIRECTION('',(0.,1.,0.));
#10012=DIRECTION('center_axis',(0.894427190999916,0.,-0.447213595499959));
#10013=DIRECTION('ref_axis',(-0.447213595499959,0.,-0.894427190999916));
#10014=DIRECTION('',(-0.447213595499959,0.,-0.894427190999916));
#10015=DIRECTION('',(-0.447213595499959,0.,-0.894427190999916));
#10016=DIRECTION('center_axis',(-0.894427190999916,0.,-0.447213595499958));
#10017=DIRECTION('ref_axis',(-0.447213595499958,0.,0.894427190999916));
#10018=DIRECTION('',(-0.447213595499958,0.,0.894427190999916));
#10019=DIRECTION('',(0.,1.,0.));
#10020=DIRECTION('',(-0.447213595499958,0.,0.894427190999916));
#10021=DIRECTION('',(0.,1.,0.));
#10022=DIRECTION('center_axis',(-3.70074341541718E-16,0.,1.));
#10023=DIRECTION('ref_axis',(1.,0.,3.70074341541718E-16));
#10024=DIRECTION('',(1.,0.,3.70074341541718E-16));
#10025=DIRECTION('',(1.,0.,3.70074341541718E-16));
#10026=DIRECTION('',(0.,1.,0.));
#10027=DIRECTION('center_axis',(0.894427190999916,0.,-0.447213595499959));
#10028=DIRECTION('ref_axis',(-0.447213595499959,0.,-0.894427190999916));
#10029=DIRECTION('',(-0.447213595499959,0.,-0.894427190999916));
#10030=DIRECTION('',(-0.447213595499959,0.,-0.894427190999916));
#10031=DIRECTION('center_axis',(0.,0.,-1.));
#10032=DIRECTION('ref_axis',(-1.,0.,0.));
#10033=DIRECTION('',(-1.,0.,0.));
#10034=DIRECTION('',(0.,1.,0.));
#10035=DIRECTION('',(-1.,0.,0.));
#10036=DIRECTION('',(0.,1.,0.));
#10037=DIRECTION('center_axis',(-0.909064822894284,0.,0.416654710493214));
#10038=DIRECTION('ref_axis',(0.416654710493214,0.,0.909064822894284));
#10039=DIRECTION('',(0.416654710493213,0.,0.909064822894284));
#10040=DIRECTION('',(0.416654710493213,0.,0.909064822894284));
#10041=DIRECTION('',(0.,1.,0.));
#10042=DIRECTION('center_axis',(0.879291966536775,0.,0.476283148540752));
#10043=DIRECTION('ref_axis',(0.476283148540752,0.,-0.879291966536775));
#10044=DIRECTION('',(0.476283148540752,0.,-0.879291966536775));
#10045=DIRECTION('',(0.476283148540752,0.,-0.879291966536775));
#10046=DIRECTION('center_axis',(-3.70074341541719E-16,0.,-1.));
#10047=DIRECTION('ref_axis',(-1.,0.,3.70074341541719E-16));
#10048=DIRECTION('',(-1.,0.,3.70074341541719E-16));
#10049=DIRECTION('',(0.,1.,0.));
#10050=DIRECTION('',(-1.,0.,3.70074341541719E-16));
#10051=DIRECTION('',(0.,1.,0.));
#10052=DIRECTION('center_axis',(-0.909064822894284,0.,0.416654710493214));
#10053=DIRECTION('ref_axis',(0.416654710493214,0.,0.909064822894284));
#10054=DIRECTION('',(0.416654710493214,0.,0.909064822894284));
#10055=DIRECTION('',(0.416654710493214,0.,0.909064822894284));
#10056=DIRECTION('',(0.,1.,0.));
#10057=DIRECTION('center_axis',(0.879291966536775,0.,0.476283148540752));
#10058=DIRECTION('ref_axis',(0.476283148540752,0.,-0.879291966536775));
#10059=DIRECTION('',(0.476283148540752,0.,-0.879291966536775));
#10060=DIRECTION('',(0.476283148540752,0.,-0.879291966536775));
#10061=DIRECTION('center_axis',(-1.85037170770859E-16,0.,-1.));
#10062=DIRECTION('ref_axis',(-1.,0.,1.85037170770859E-16));
#10063=DIRECTION('',(-1.,0.,1.85037170770859E-16));
#10064=DIRECTION('',(0.,1.,0.));
#10065=DIRECTION('',(-1.,0.,1.85037170770859E-16));
#10066=DIRECTION('',(0.,1.,0.));
#10067=DIRECTION('center_axis',(-0.909064822894284,0.,0.416654710493214));
#10068=DIRECTION('ref_axis',(0.416654710493214,0.,0.909064822894284));
#10069=DIRECTION('',(0.416654710493214,0.,0.909064822894284));
#10070=DIRECTION('',(0.416654710493214,0.,0.909064822894284));
#10071=DIRECTION('',(0.,1.,0.));
#10072=DIRECTION('center_axis',(0.879291966536775,0.,0.476283148540752));
#10073=DIRECTION('ref_axis',(0.476283148540752,0.,-0.879291966536775));
#10074=DIRECTION('',(0.476283148540752,0.,-0.879291966536775));
#10075=DIRECTION('',(0.476283148540752,0.,-0.879291966536775));
#10076=DIRECTION('center_axis',(-1.85037170770859E-16,0.,-1.));
#10077=DIRECTION('ref_axis',(-1.,0.,1.85037170770859E-16));
#10078=DIRECTION('',(-1.,0.,1.85037170770859E-16));
#10079=DIRECTION('',(0.,1.,0.));
#10080=DIRECTION('',(-1.,0.,1.85037170770859E-16));
#10081=DIRECTION('',(0.,1.,0.));
#10082=DIRECTION('center_axis',(-0.909064822894284,0.,0.416654710493213));
#10083=DIRECTION('ref_axis',(0.416654710493213,0.,0.909064822894284));
#10084=DIRECTION('',(0.416654710493213,0.,0.909064822894284));
#10085=DIRECTION('',(0.416654710493213,0.,0.909064822894284));
#10086=DIRECTION('',(0.,1.,0.));
#10087=DIRECTION('center_axis',(0.879291966536775,0.,0.476283148540752));
#10088=DIRECTION('ref_axis',(0.476283148540752,0.,-0.879291966536775));
#10089=DIRECTION('',(0.476283148540752,0.,-0.879291966536775));
#10090=DIRECTION('',(0.476283148540752,0.,-0.879291966536775));
#10091=DIRECTION('center_axis',(0.,0.,-1.));
#10092=DIRECTION('ref_axis',(-1.,0.,0.));
#10093=DIRECTION('',(-1.,0.,0.));
#10094=DIRECTION('',(0.,1.,0.));
#10095=DIRECTION('',(-1.,0.,0.));
#10096=DIRECTION('',(0.,1.,0.));
#10097=DIRECTION('center_axis',(-0.909064822894284,0.,0.416654710493213));
#10098=DIRECTION('ref_axis',(0.416654710493213,0.,0.909064822894284));
#10099=DIRECTION('',(0.416654710493213,0.,0.909064822894284));
#10100=DIRECTION('',(0.416654710493213,0.,0.909064822894284));
#10101=DIRECTION('',(0.,1.,0.));
#10102=DIRECTION('center_axis',(0.879291966536775,0.,0.476283148540752));
#10103=DIRECTION('ref_axis',(0.476283148540752,0.,-0.879291966536775));
#10104=DIRECTION('',(0.476283148540752,0.,-0.879291966536775));
#10105=DIRECTION('',(0.476283148540752,0.,-0.879291966536775));
#10106=DIRECTION('center_axis',(-0.894427190999916,0.,-0.447213595499958));
#10107=DIRECTION('ref_axis',(-0.447213595499958,0.,0.894427190999916));
#10108=DIRECTION('',(-0.447213595499958,0.,0.894427190999916));
#10109=DIRECTION('',(0.,1.,0.));
#10110=DIRECTION('',(-0.447213595499958,0.,0.894427190999916));
#10111=DIRECTION('',(0.,1.,0.));
#10112=DIRECTION('center_axis',(-3.70074341541718E-16,0.,1.));
#10113=DIRECTION('ref_axis',(1.,0.,3.70074341541718E-16));
#10114=DIRECTION('',(1.,0.,3.70074341541718E-16));
#10115=DIRECTION('',(1.,0.,3.70074341541718E-16));
#10116=DIRECTION('',(0.,1.,0.));
#10117=DIRECTION('center_axis',(0.894427190999916,0.,-0.447213595499958));
#10118=DIRECTION('ref_axis',(-0.447213595499958,0.,-0.894427190999916));
#10119=DIRECTION('',(-0.447213595499958,0.,-0.894427190999916));
#10120=DIRECTION('',(-0.447213595499958,0.,-0.894427190999916));
#10121=DIRECTION('center_axis',(-3.70074341541719E-16,0.,-1.));
#10122=DIRECTION('ref_axis',(-1.,0.,3.70074341541719E-16));
#10123=DIRECTION('',(-1.,0.,3.70074341541719E-16));
#10124=DIRECTION('',(0.,1.,0.));
#10125=DIRECTION('',(-1.,0.,3.70074341541719E-16));
#10126=DIRECTION('',(0.,1.,0.));
#10127=DIRECTION('center_axis',(-0.909064822894284,0.,0.416654710493214));
#10128=DIRECTION('ref_axis',(0.416654710493214,0.,0.909064822894284));
#10129=DIRECTION('',(0.416654710493214,0.,0.909064822894284));
#10130=DIRECTION('',(0.416654710493214,0.,0.909064822894284));
#10131=DIRECTION('',(0.,1.,0.));
#10132=DIRECTION('center_axis',(0.879291966536775,0.,0.476283148540752));
#10133=DIRECTION('ref_axis',(0.476283148540752,0.,-0.879291966536775));
#10134=DIRECTION('',(0.476283148540752,0.,-0.879291966536775));
#10135=DIRECTION('',(0.476283148540752,0.,-0.879291966536775));
#10136=DIRECTION('center_axis',(-0.894427190999916,0.,-0.447213595499958));
#10137=DIRECTION('ref_axis',(-0.447213595499958,0.,0.894427190999916));
#10138=DIRECTION('',(-0.447213595499958,0.,0.894427190999916));
#10139=DIRECTION('',(0.,1.,0.));
#10140=DIRECTION('',(-0.447213595499958,0.,0.894427190999916));
#10141=DIRECTION('',(0.,1.,0.));
#10142=DIRECTION('center_axis',(-3.70074341541718E-16,0.,1.));
#10143=DIRECTION('ref_axis',(1.,0.,3.70074341541718E-16));
#10144=DIRECTION('',(1.,0.,3.70074341541718E-16));
#10145=DIRECTION('',(1.,0.,3.70074341541718E-16));
#10146=DIRECTION('',(0.,1.,0.));
#10147=DIRECTION('center_axis',(0.894427190999916,0.,-0.447213595499958));
#10148=DIRECTION('ref_axis',(-0.447213595499958,0.,-0.894427190999916));
#10149=DIRECTION('',(-0.447213595499958,0.,-0.894427190999916));
#10150=DIRECTION('',(-0.447213595499958,0.,-0.894427190999916));
#10151=DIRECTION('center_axis',(-0.894427190999916,0.,-0.447213595499958));
#10152=DIRECTION('ref_axis',(-0.447213595499958,0.,0.894427190999916));
#10153=DIRECTION('',(-0.447213595499958,0.,0.894427190999916));
#10154=DIRECTION('',(0.,1.,0.));
#10155=DIRECTION('',(-0.447213595499958,0.,0.894427190999916));
#10156=DIRECTION('',(0.,1.,0.));
#10157=DIRECTION('center_axis',(-3.70074341541718E-16,0.,1.));
#10158=DIRECTION('ref_axis',(1.,0.,3.70074341541718E-16));
#10159=DIRECTION('',(1.,0.,3.70074341541718E-16));
#10160=DIRECTION('',(1.,0.,3.70074341541718E-16));
#10161=DIRECTION('',(0.,1.,0.));
#10162=DIRECTION('center_axis',(0.894427190999916,0.,-0.447213595499959));
#10163=DIRECTION('ref_axis',(-0.447213595499959,0.,-0.894427190999916));
#10164=DIRECTION('',(-0.447213595499959,0.,-0.894427190999916));
#10165=DIRECTION('',(-0.447213595499959,0.,-0.894427190999916));
#10166=DIRECTION('center_axis',(-0.894427190999916,0.,-0.447213595499958));
#10167=DIRECTION('ref_axis',(-0.447213595499958,0.,0.894427190999916));
#10168=DIRECTION('',(-0.447213595499958,0.,0.894427190999916));
#10169=DIRECTION('',(0.,1.,0.));
#10170=DIRECTION('',(-0.447213595499958,0.,0.894427190999916));
#10171=DIRECTION('',(0.,1.,0.));
#10172=DIRECTION('center_axis',(-7.40148683083437E-16,0.,1.));
#10173=DIRECTION('ref_axis',(1.,0.,7.40148683083437E-16));
#10174=DIRECTION('',(1.,0.,7.40148683083437E-16));
#10175=DIRECTION('',(1.,0.,7.40148683083437E-16));
#10176=DIRECTION('',(0.,1.,0.));
#10177=DIRECTION('center_axis',(0.894427190999916,0.,-0.447213595499959));
#10178=DIRECTION('ref_axis',(-0.447213595499959,0.,-0.894427190999916));
#10179=DIRECTION('',(-0.447213595499959,0.,-0.894427190999916));
#10180=DIRECTION('',(-0.447213595499959,0.,-0.894427190999916));
#10181=DIRECTION('center_axis',(0.,0.,-1.));
#10182=DIRECTION('ref_axis',(-1.,0.,0.));
#10183=DIRECTION('',(-1.,0.,0.));
#10184=DIRECTION('',(0.,1.,0.));
#10185=DIRECTION('',(-1.,0.,0.));
#10186=DIRECTION('',(0.,1.,0.));
#10187=DIRECTION('center_axis',(-0.909064822894284,0.,0.416654710493213));
#10188=DIRECTION('ref_axis',(0.416654710493213,0.,0.909064822894284));
#10189=DIRECTION('',(0.416654710493213,0.,0.909064822894284));
#10190=DIRECTION('',(0.416654710493213,0.,0.909064822894284));
#10191=DIRECTION('',(0.,1.,0.));
#10192=DIRECTION('center_axis',(0.879291966536775,0.,0.476283148540752));
#10193=DIRECTION('ref_axis',(0.476283148540752,0.,-0.879291966536775));
#10194=DIRECTION('',(0.476283148540752,0.,-0.879291966536775));
#10195=DIRECTION('',(0.476283148540752,0.,-0.879291966536775));
#10196=DIRECTION('center_axis',(-1.85037170770859E-16,0.,-1.));
#10197=DIRECTION('ref_axis',(-1.,0.,1.85037170770859E-16));
#10198=DIRECTION('',(-1.,0.,1.85037170770859E-16));
#10199=DIRECTION('',(0.,1.,0.));
#10200=DIRECTION('',(-1.,0.,1.85037170770859E-16));
#10201=DIRECTION('',(0.,1.,0.));
#10202=DIRECTION('center_axis',(-0.909064822894284,0.,0.416654710493214));
#10203=DIRECTION('ref_axis',(0.416654710493214,0.,0.909064822894284));
#10204=DIRECTION('',(0.416654710493214,0.,0.909064822894284));
#10205=DIRECTION('',(0.416654710493214,0.,0.909064822894284));
#10206=DIRECTION('',(0.,1.,0.));
#10207=DIRECTION('center_axis',(0.879291966536775,0.,0.476283148540752));
#10208=DIRECTION('ref_axis',(0.476283148540752,0.,-0.879291966536775));
#10209=DIRECTION('',(0.476283148540752,0.,-0.879291966536775));
#10210=DIRECTION('',(0.476283148540752,0.,-0.879291966536775));
#10211=DIRECTION('center_axis',(-0.894427190999916,0.,-0.447213595499958));
#10212=DIRECTION('ref_axis',(-0.447213595499958,0.,0.894427190999916));
#10213=DIRECTION('',(-0.447213595499958,0.,0.894427190999916));
#10214=DIRECTION('',(0.,1.,0.));
#10215=DIRECTION('',(-0.447213595499958,0.,0.894427190999916));
#10216=DIRECTION('',(0.,1.,0.));
#10217=DIRECTION('center_axis',(-7.40148683083437E-16,0.,1.));
#10218=DIRECTION('ref_axis',(1.,0.,7.40148683083437E-16));
#10219=DIRECTION('',(1.,0.,7.40148683083437E-16));
#10220=DIRECTION('',(1.,0.,7.40148683083437E-16));
#10221=DIRECTION('',(0.,1.,0.));
#10222=DIRECTION('center_axis',(0.894427190999916,0.,-0.447213595499959));
#10223=DIRECTION('ref_axis',(-0.447213595499959,0.,-0.894427190999916));
#10224=DIRECTION('',(-0.447213595499959,0.,-0.894427190999916));
#10225=DIRECTION('',(-0.447213595499959,0.,-0.894427190999916));
#10226=DIRECTION('center_axis',(-0.894427190999916,0.,-0.447213595499958));
#10227=DIRECTION('ref_axis',(-0.447213595499958,0.,0.894427190999916));
#10228=DIRECTION('',(-0.447213595499958,0.,0.894427190999916));
#10229=DIRECTION('',(0.,1.,0.));
#10230=DIRECTION('',(-0.447213595499958,0.,0.894427190999916));
#10231=DIRECTION('',(0.,1.,0.));
#10232=DIRECTION('center_axis',(-3.70074341541718E-16,0.,1.));
#10233=DIRECTION('ref_axis',(1.,0.,3.70074341541718E-16));
#10234=DIRECTION('',(1.,0.,3.70074341541718E-16));
#10235=DIRECTION('',(1.,0.,3.70074341541718E-16));
#10236=DIRECTION('',(0.,1.,0.));
#10237=DIRECTION('center_axis',(0.894427190999916,0.,-0.447213595499958));
#10238=DIRECTION('ref_axis',(-0.447213595499958,0.,-0.894427190999916));
#10239=DIRECTION('',(-0.447213595499958,0.,-0.894427190999916));
#10240=DIRECTION('',(-0.447213595499958,0.,-0.894427190999916));
#10241=DIRECTION('center_axis',(-0.894427190999916,0.,-0.447213595499958));
#10242=DIRECTION('ref_axis',(-0.447213595499958,0.,0.894427190999916));
#10243=DIRECTION('',(-0.447213595499958,0.,0.894427190999916));
#10244=DIRECTION('',(0.,1.,0.));
#10245=DIRECTION('',(-0.447213595499958,0.,0.894427190999916));
#10246=DIRECTION('',(0.,1.,0.));
#10247=DIRECTION('center_axis',(-3.70074341541718E-16,0.,1.));
#10248=DIRECTION('ref_axis',(1.,0.,3.70074341541718E-16));
#10249=DIRECTION('',(1.,0.,3.70074341541718E-16));
#10250=DIRECTION('',(1.,0.,3.70074341541718E-16));
#10251=DIRECTION('',(0.,1.,0.));
#10252=DIRECTION('center_axis',(0.894427190999916,0.,-0.447213595499959));
#10253=DIRECTION('ref_axis',(-0.447213595499959,0.,-0.894427190999916));
#10254=DIRECTION('',(-0.447213595499959,0.,-0.894427190999916));
#10255=DIRECTION('',(-0.447213595499959,0.,-0.894427190999916));
#10256=DIRECTION('center_axis',(-0.894427190999916,0.,-0.447213595499958));
#10257=DIRECTION('ref_axis',(-0.447213595499958,0.,0.894427190999916));
#10258=DIRECTION('',(-0.447213595499958,0.,0.894427190999916));
#10259=DIRECTION('',(0.,1.,0.));
#10260=DIRECTION('',(-0.447213595499958,0.,0.894427190999916));
#10261=DIRECTION('',(0.,1.,0.));
#10262=DIRECTION('center_axis',(-2.77555756156289E-16,0.,1.));
#10263=DIRECTION('ref_axis',(1.,0.,2.77555756156289E-16));
#10264=DIRECTION('',(1.,0.,2.77555756156289E-16));
#10265=DIRECTION('',(1.,0.,2.77555756156289E-16));
#10266=DIRECTION('',(0.,1.,0.));
#10267=DIRECTION('center_axis',(0.894427190999915,0.,-0.447213595499959));
#10268=DIRECTION('ref_axis',(-0.447213595499959,0.,-0.894427190999915));
#10269=DIRECTION('',(-0.447213595499959,0.,-0.894427190999915));
#10270=DIRECTION('',(-0.447213595499959,0.,-0.894427190999915));
#10271=DIRECTION('center_axis',(0.,0.,-1.));
#10272=DIRECTION('ref_axis',(-1.,0.,0.));
#10273=DIRECTION('',(-1.,0.,0.));
#10274=DIRECTION('',(0.,1.,0.));
#10275=DIRECTION('',(-1.,0.,0.));
#10276=DIRECTION('',(0.,1.,0.));
#10277=DIRECTION('center_axis',(-0.909064822894284,0.,0.416654710493214));
#10278=DIRECTION('ref_axis',(0.416654710493214,0.,0.909064822894284));
#10279=DIRECTION('',(0.416654710493214,0.,0.909064822894284));
#10280=DIRECTION('',(0.416654710493214,0.,0.909064822894284));
#10281=DIRECTION('',(0.,1.,0.));
#10282=DIRECTION('center_axis',(0.879291966536775,0.,0.476283148540752));
#10283=DIRECTION('ref_axis',(0.476283148540752,0.,-0.879291966536775));
#10284=DIRECTION('',(0.476283148540752,0.,-0.879291966536775));
#10285=DIRECTION('',(0.476283148540752,0.,-0.879291966536775));
#10286=DIRECTION('center_axis',(-1.85037170770859E-16,0.,-1.));
#10287=DIRECTION('ref_axis',(-1.,0.,1.85037170770859E-16));
#10288=DIRECTION('',(-1.,0.,1.85037170770859E-16));
#10289=DIRECTION('',(0.,1.,0.));
#10290=DIRECTION('',(-1.,0.,1.85037170770859E-16));
#10291=DIRECTION('',(0.,1.,0.));
#10292=DIRECTION('center_axis',(-0.909064822894284,0.,0.416654710493213));
#10293=DIRECTION('ref_axis',(0.416654710493213,0.,0.909064822894284));
#10294=DIRECTION('',(0.416654710493213,0.,0.909064822894284));
#10295=DIRECTION('',(0.416654710493213,0.,0.909064822894284));
#10296=DIRECTION('',(0.,1.,0.));
#10297=DIRECTION('center_axis',(0.879291966536775,0.,0.476283148540752));
#10298=DIRECTION('ref_axis',(0.476283148540752,0.,-0.879291966536775));
#10299=DIRECTION('',(0.476283148540752,0.,-0.879291966536775));
#10300=DIRECTION('',(0.476283148540752,0.,-0.879291966536775));
#10301=DIRECTION('center_axis',(-3.70074341541719E-16,0.,-1.));
#10302=DIRECTION('ref_axis',(-1.,0.,3.70074341541719E-16));
#10303=DIRECTION('',(-1.,0.,3.70074341541719E-16));
#10304=DIRECTION('',(0.,1.,0.));
#10305=DIRECTION('',(-1.,0.,3.70074341541719E-16));
#10306=DIRECTION('',(0.,1.,0.));
#10307=DIRECTION('center_axis',(-0.909064822894284,0.,0.416654710493213));
#10308=DIRECTION('ref_axis',(0.416654710493213,0.,0.909064822894284));
#10309=DIRECTION('',(0.416654710493213,0.,0.909064822894284));
#10310=DIRECTION('',(0.416654710493213,0.,0.909064822894284));
#10311=DIRECTION('',(0.,1.,0.));
#10312=DIRECTION('center_axis',(0.879291966536775,0.,0.476283148540751));
#10313=DIRECTION('ref_axis',(0.476283148540751,0.,-0.879291966536775));
#10314=DIRECTION('',(0.476283148540751,0.,-0.879291966536775));
#10315=DIRECTION('',(0.476283148540751,0.,-0.879291966536775));
#10316=DIRECTION('center_axis',(-0.894427190999916,0.,-0.447213595499958));
#10317=DIRECTION('ref_axis',(-0.447213595499958,0.,0.894427190999916));
#10318=DIRECTION('',(-0.447213595499958,0.,0.894427190999916));
#10319=DIRECTION('',(0.,1.,0.));
#10320=DIRECTION('',(-0.447213595499958,0.,0.894427190999916));
#10321=DIRECTION('',(0.,1.,0.));
#10322=DIRECTION('center_axis',(-2.77555756156289E-16,0.,1.));
#10323=DIRECTION('ref_axis',(1.,0.,2.77555756156289E-16));
#10324=DIRECTION('',(1.,0.,2.77555756156289E-16));
#10325=DIRECTION('',(1.,0.,2.77555756156289E-16));
#10326=DIRECTION('',(0.,1.,0.));
#10327=DIRECTION('center_axis',(0.894427190999915,0.,-0.447213595499959));
#10328=DIRECTION('ref_axis',(-0.447213595499959,0.,-0.894427190999915));
#10329=DIRECTION('',(-0.447213595499959,0.,-0.894427190999915));
#10330=DIRECTION('',(-0.447213595499959,0.,-0.894427190999915));
#10331=DIRECTION('center_axis',(-3.70074341541719E-16,0.,-1.));
#10332=DIRECTION('ref_axis',(-1.,0.,3.70074341541719E-16));
#10333=DIRECTION('',(-1.,0.,3.70074341541719E-16));
#10334=DIRECTION('',(0.,1.,0.));
#10335=DIRECTION('',(-1.,0.,3.70074341541719E-16));
#10336=DIRECTION('',(0.,1.,0.));
#10337=DIRECTION('center_axis',(-0.909064822894284,0.,0.416654710493214));
#10338=DIRECTION('ref_axis',(0.416654710493214,0.,0.909064822894284));
#10339=DIRECTION('',(0.416654710493214,0.,0.909064822894284));
#10340=DIRECTION('',(0.416654710493214,0.,0.909064822894284));
#10341=DIRECTION('',(0.,1.,0.));
#10342=DIRECTION('center_axis',(0.879291966536775,0.,0.476283148540752));
#10343=DIRECTION('ref_axis',(0.476283148540752,0.,-0.879291966536775));
#10344=DIRECTION('',(0.476283148540752,0.,-0.879291966536775));
#10345=DIRECTION('',(0.476283148540752,0.,-0.879291966536775));
#10346=DIRECTION('center_axis',(-1.85037170770859E-16,0.,-1.));
#10347=DIRECTION('ref_axis',(-1.,0.,1.85037170770859E-16));
#10348=DIRECTION('',(-1.,0.,1.85037170770859E-16));
#10349=DIRECTION('',(0.,1.,0.));
#10350=DIRECTION('',(-1.,0.,1.85037170770859E-16));
#10351=DIRECTION('',(0.,1.,0.));
#10352=DIRECTION('center_axis',(-0.909064822894284,0.,0.416654710493214));
#10353=DIRECTION('ref_axis',(0.416654710493214,0.,0.909064822894284));
#10354=DIRECTION('',(0.416654710493213,0.,0.909064822894284));
#10355=DIRECTION('',(0.416654710493213,0.,0.909064822894284));
#10356=DIRECTION('',(0.,1.,0.));
#10357=DIRECTION('center_axis',(0.879291966536775,0.,0.476283148540752));
#10358=DIRECTION('ref_axis',(0.476283148540752,0.,-0.879291966536775));
#10359=DIRECTION('',(0.476283148540752,0.,-0.879291966536775));
#10360=DIRECTION('',(0.476283148540752,0.,-0.879291966536775));
#10361=DIRECTION('center_axis',(-0.894427190999916,0.,-0.447213595499958));
#10362=DIRECTION('ref_axis',(-0.447213595499958,0.,0.894427190999916));
#10363=DIRECTION('',(-0.447213595499958,0.,0.894427190999916));
#10364=DIRECTION('',(0.,1.,0.));
#10365=DIRECTION('',(-0.447213595499958,0.,0.894427190999916));
#10366=DIRECTION('',(0.,1.,0.));
#10367=DIRECTION('center_axis',(-2.77555756156289E-16,0.,1.));
#10368=DIRECTION('ref_axis',(1.,0.,2.77555756156289E-16));
#10369=DIRECTION('',(1.,0.,2.77555756156289E-16));
#10370=DIRECTION('',(1.,0.,2.77555756156289E-16));
#10371=DIRECTION('',(0.,1.,0.));
#10372=DIRECTION('center_axis',(0.894427190999915,0.,-0.447213595499959));
#10373=DIRECTION('ref_axis',(-0.447213595499959,0.,-0.894427190999915));
#10374=DIRECTION('',(-0.447213595499959,0.,-0.894427190999915));
#10375=DIRECTION('',(-0.447213595499959,0.,-0.894427190999915));
#10376=DIRECTION('center_axis',(-3.70074341541719E-16,0.,-1.));
#10377=DIRECTION('ref_axis',(-1.,0.,3.70074341541719E-16));
#10378=DIRECTION('',(-1.,0.,3.70074341541719E-16));
#10379=DIRECTION('',(0.,1.,0.));
#10380=DIRECTION('',(-1.,0.,3.70074341541719E-16));
#10381=DIRECTION('',(0.,1.,0.));
#10382=DIRECTION('center_axis',(-0.909064822894284,0.,0.416654710493214));
#10383=DIRECTION('ref_axis',(0.416654710493214,0.,0.909064822894284));
#10384=DIRECTION('',(0.416654710493214,0.,0.909064822894284));
#10385=DIRECTION('',(0.416654710493214,0.,0.909064822894284));
#10386=DIRECTION('',(0.,1.,0.));
#10387=DIRECTION('center_axis',(0.879291966536775,0.,0.476283148540752));
#10388=DIRECTION('ref_axis',(0.476283148540752,0.,-0.879291966536775));
#10389=DIRECTION('',(0.476283148540752,0.,-0.879291966536775));
#10390=DIRECTION('',(0.476283148540752,0.,-0.879291966536775));
#10391=DIRECTION('center_axis',(-0.894427190999916,0.,-0.447213595499958));
#10392=DIRECTION('ref_axis',(-0.447213595499958,0.,0.894427190999916));
#10393=DIRECTION('',(-0.447213595499958,0.,0.894427190999916));
#10394=DIRECTION('',(0.,1.,0.));
#10395=DIRECTION('',(-0.447213595499958,0.,0.894427190999916));
#10396=DIRECTION('',(0.,1.,0.));
#10397=DIRECTION('center_axis',(-2.77555756156289E-16,0.,1.));
#10398=DIRECTION('ref_axis',(1.,0.,2.77555756156289E-16));
#10399=DIRECTION('',(1.,0.,2.77555756156289E-16));
#10400=DIRECTION('',(1.,0.,2.77555756156289E-16));
#10401=DIRECTION('',(0.,1.,0.));
#10402=DIRECTION('center_axis',(0.894427190999915,0.,-0.447213595499959));
#10403=DIRECTION('ref_axis',(-0.447213595499959,0.,-0.894427190999915));
#10404=DIRECTION('',(-0.447213595499959,0.,-0.894427190999915));
#10405=DIRECTION('',(-0.447213595499959,0.,-0.894427190999915));
#10406=DIRECTION('center_axis',(-0.894427190999916,0.,-0.447213595499958));
#10407=DIRECTION('ref_axis',(-0.447213595499958,0.,0.894427190999916));
#10408=DIRECTION('',(-0.447213595499958,0.,0.894427190999916));
#10409=DIRECTION('',(0.,1.,0.));
#10410=DIRECTION('',(-0.447213595499958,0.,0.894427190999916));
#10411=DIRECTION('',(0.,1.,0.));
#10412=DIRECTION('center_axis',(-2.77555756156289E-16,0.,1.));
#10413=DIRECTION('ref_axis',(1.,0.,2.77555756156289E-16));
#10414=DIRECTION('',(1.,0.,2.77555756156289E-16));
#10415=DIRECTION('',(1.,0.,2.77555756156289E-16));
#10416=DIRECTION('',(0.,1.,0.));
#10417=DIRECTION('center_axis',(0.894427190999916,0.,-0.447213595499959));
#10418=DIRECTION('ref_axis',(-0.447213595499959,0.,-0.894427190999916));
#10419=DIRECTION('',(-0.447213595499959,0.,-0.894427190999916));
#10420=DIRECTION('',(-0.447213595499959,0.,-0.894427190999916));
#10421=DIRECTION('center_axis',(-0.894427190999916,0.,-0.447213595499958));
#10422=DIRECTION('ref_axis',(-0.447213595499958,0.,0.894427190999916));
#10423=DIRECTION('',(-0.447213595499958,0.,0.894427190999916));
#10424=DIRECTION('',(0.,1.,0.));
#10425=DIRECTION('',(-0.447213595499958,0.,0.894427190999916));
#10426=DIRECTION('',(0.,1.,0.));
#10427=DIRECTION('center_axis',(-3.70074341541718E-16,0.,1.));
#10428=DIRECTION('ref_axis',(1.,0.,3.70074341541718E-16));
#10429=DIRECTION('',(1.,0.,3.70074341541718E-16));
#10430=DIRECTION('',(1.,0.,3.70074341541718E-16));
#10431=DIRECTION('',(0.,1.,0.));
#10432=DIRECTION('center_axis',(0.894427190999916,0.,-0.447213595499958));
#10433=DIRECTION('ref_axis',(-0.447213595499958,0.,-0.894427190999916));
#10434=DIRECTION('',(-0.447213595499958,0.,-0.894427190999916));
#10435=DIRECTION('',(-0.447213595499958,0.,-0.894427190999916));
#10436=DIRECTION('center_axis',(-1.85037170770859E-16,0.,-1.));
#10437=DIRECTION('ref_axis',(-1.,0.,1.85037170770859E-16));
#10438=DIRECTION('',(-1.,0.,1.85037170770859E-16));
#10439=DIRECTION('',(0.,1.,0.));
#10440=DIRECTION('',(-1.,0.,1.85037170770859E-16));
#10441=DIRECTION('',(0.,1.,0.));
#10442=DIRECTION('center_axis',(-0.909064822894284,0.,0.416654710493214));
#10443=DIRECTION('ref_axis',(0.416654710493214,0.,0.909064822894284));
#10444=DIRECTION('',(0.416654710493214,0.,0.909064822894284));
#10445=DIRECTION('',(0.416654710493214,0.,0.909064822894284));
#10446=DIRECTION('',(0.,1.,0.));
#10447=DIRECTION('center_axis',(0.879291966536775,0.,0.476283148540752));
#10448=DIRECTION('ref_axis',(0.476283148540752,0.,-0.879291966536775));
#10449=DIRECTION('',(0.476283148540752,0.,-0.879291966536775));
#10450=DIRECTION('',(0.476283148540752,0.,-0.879291966536775));
#10451=DIRECTION('center_axis',(-3.70074341541719E-16,0.,-1.));
#10452=DIRECTION('ref_axis',(-1.,0.,3.70074341541719E-16));
#10453=DIRECTION('',(-1.,0.,3.70074341541719E-16));
#10454=DIRECTION('',(0.,1.,0.));
#10455=DIRECTION('',(-1.,0.,3.70074341541719E-16));
#10456=DIRECTION('',(0.,1.,0.));
#10457=DIRECTION('center_axis',(-0.909064822894284,0.,0.416654710493213));
#10458=DIRECTION('ref_axis',(0.416654710493213,0.,0.909064822894284));
#10459=DIRECTION('',(0.416654710493213,0.,0.909064822894284));
#10460=DIRECTION('',(0.416654710493213,0.,0.909064822894284));
#10461=DIRECTION('',(0.,1.,0.));
#10462=DIRECTION('center_axis',(0.879291966536775,0.,0.476283148540751));
#10463=DIRECTION('ref_axis',(0.476283148540751,0.,-0.879291966536775));
#10464=DIRECTION('',(0.476283148540751,0.,-0.879291966536775));
#10465=DIRECTION('',(0.476283148540751,0.,-0.879291966536775));
#10466=DIRECTION('center_axis',(-0.894427190999916,0.,-0.447213595499958));
#10467=DIRECTION('ref_axis',(-0.447213595499958,0.,0.894427190999916));
#10468=DIRECTION('',(-0.447213595499958,0.,0.894427190999916));
#10469=DIRECTION('',(0.,1.,0.));
#10470=DIRECTION('',(-0.447213595499958,0.,0.894427190999916));
#10471=DIRECTION('',(0.,1.,0.));
#10472=DIRECTION('center_axis',(-3.70074341541718E-16,0.,1.));
#10473=DIRECTION('ref_axis',(1.,0.,3.70074341541718E-16));
#10474=DIRECTION('',(1.,0.,3.70074341541718E-16));
#10475=DIRECTION('',(1.,0.,3.70074341541718E-16));
#10476=DIRECTION('',(0.,1.,0.));
#10477=DIRECTION('center_axis',(0.894427190999916,0.,-0.447213595499959));
#10478=DIRECTION('ref_axis',(-0.447213595499959,0.,-0.894427190999916));
#10479=DIRECTION('',(-0.447213595499959,0.,-0.894427190999916));
#10480=DIRECTION('',(-0.447213595499959,0.,-0.894427190999916));
#10481=DIRECTION('center_axis',(-3.70074341541719E-16,0.,-1.));
#10482=DIRECTION('ref_axis',(-1.,0.,3.70074341541719E-16));
#10483=DIRECTION('',(-1.,0.,3.70074341541719E-16));
#10484=DIRECTION('',(0.,1.,0.));
#10485=DIRECTION('',(-1.,0.,3.70074341541719E-16));
#10486=DIRECTION('',(0.,1.,0.));
#10487=DIRECTION('center_axis',(-0.909064822894284,0.,0.416654710493214));
#10488=DIRECTION('ref_axis',(0.416654710493214,0.,0.909064822894284));
#10489=DIRECTION('',(0.416654710493214,0.,0.909064822894284));
#10490=DIRECTION('',(0.416654710493214,0.,0.909064822894284));
#10491=DIRECTION('',(0.,1.,0.));
#10492=DIRECTION('center_axis',(0.879291966536775,0.,0.476283148540752));
#10493=DIRECTION('ref_axis',(0.476283148540752,0.,-0.879291966536775));
#10494=DIRECTION('',(0.476283148540752,0.,-0.879291966536775));
#10495=DIRECTION('',(0.476283148540752,0.,-0.879291966536775));
#10496=DIRECTION('center_axis',(-1.85037170770859E-16,0.,-1.));
#10497=DIRECTION('ref_axis',(-1.,0.,1.85037170770859E-16));
#10498=DIRECTION('',(-1.,0.,1.85037170770859E-16));
#10499=DIRECTION('',(0.,1.,0.));
#10500=DIRECTION('',(-1.,0.,1.85037170770859E-16));
#10501=DIRECTION('',(0.,1.,0.));
#10502=DIRECTION('center_axis',(-0.909064822894284,0.,0.416654710493214));
#10503=DIRECTION('ref_axis',(0.416654710493214,0.,0.909064822894284));
#10504=DIRECTION('',(0.416654710493214,0.,0.909064822894284));
#10505=DIRECTION('',(0.416654710493214,0.,0.909064822894284));
#10506=DIRECTION('',(0.,1.,0.));
#10507=DIRECTION('center_axis',(0.879291966536775,0.,0.476283148540752));
#10508=DIRECTION('ref_axis',(0.476283148540752,0.,-0.879291966536775));
#10509=DIRECTION('',(0.476283148540752,0.,-0.879291966536775));
#10510=DIRECTION('',(0.476283148540752,0.,-0.879291966536775));
#10511=DIRECTION('center_axis',(-3.70074341541719E-16,0.,-1.));
#10512=DIRECTION('ref_axis',(-1.,0.,3.70074341541719E-16));
#10513=DIRECTION('',(-1.,0.,3.70074341541719E-16));
#10514=DIRECTION('',(0.,1.,0.));
#10515=DIRECTION('',(-1.,0.,3.70074341541719E-16));
#10516=DIRECTION('',(0.,1.,0.));
#10517=DIRECTION('center_axis',(-0.909064822894284,0.,0.416654710493214));
#10518=DIRECTION('ref_axis',(0.416654710493214,0.,0.909064822894284));
#10519=DIRECTION('',(0.416654710493214,0.,0.909064822894284));
#10520=DIRECTION('',(0.416654710493214,0.,0.909064822894284));
#10521=DIRECTION('',(0.,1.,0.));
#10522=DIRECTION('center_axis',(0.879291966536775,0.,0.476283148540752));
#10523=DIRECTION('ref_axis',(0.476283148540752,0.,-0.879291966536775));
#10524=DIRECTION('',(0.476283148540752,0.,-0.879291966536775));
#10525=DIRECTION('',(0.476283148540752,0.,-0.879291966536775));
#10526=DIRECTION('center_axis',(-0.894427190999916,0.,-0.447213595499958));
#10527=DIRECTION('ref_axis',(-0.447213595499958,0.,0.894427190999916));
#10528=DIRECTION('',(-0.447213595499958,0.,0.894427190999916));
#10529=DIRECTION('',(0.,1.,0.));
#10530=DIRECTION('',(-0.447213595499958,0.,0.894427190999916));
#10531=DIRECTION('',(0.,1.,0.));
#10532=DIRECTION('center_axis',(-2.77555756156289E-16,0.,1.));
#10533=DIRECTION('ref_axis',(1.,0.,2.77555756156289E-16));
#10534=DIRECTION('',(1.,0.,2.77555756156289E-16));
#10535=DIRECTION('',(1.,0.,2.77555756156289E-16));
#10536=DIRECTION('',(0.,1.,0.));
#10537=DIRECTION('center_axis',(0.894427190999915,0.,-0.447213595499959));
#10538=DIRECTION('ref_axis',(-0.447213595499959,0.,-0.894427190999915));
#10539=DIRECTION('',(-0.447213595499959,0.,-0.894427190999915));
#10540=DIRECTION('',(-0.447213595499959,0.,-0.894427190999915));
#10541=DIRECTION('center_axis',(-0.894427190999916,0.,-0.447213595499958));
#10542=DIRECTION('ref_axis',(-0.447213595499958,0.,0.894427190999916));
#10543=DIRECTION('',(-0.447213595499958,0.,0.894427190999916));
#10544=DIRECTION('',(0.,1.,0.));
#10545=DIRECTION('',(-0.447213595499958,0.,0.894427190999916));
#10546=DIRECTION('',(0.,1.,0.));
#10547=DIRECTION('center_axis',(-3.70074341541718E-16,0.,1.));
#10548=DIRECTION('ref_axis',(1.,0.,3.70074341541718E-16));
#10549=DIRECTION('',(1.,0.,3.70074341541718E-16));
#10550=DIRECTION('',(1.,0.,3.70074341541718E-16));
#10551=DIRECTION('',(0.,1.,0.));
#10552=DIRECTION('center_axis',(0.894427190999916,0.,-0.447213595499959));
#10553=DIRECTION('ref_axis',(-0.447213595499959,0.,-0.894427190999916));
#10554=DIRECTION('',(-0.447213595499959,0.,-0.894427190999916));
#10555=DIRECTION('',(-0.447213595499959,0.,-0.894427190999916));
#10556=DIRECTION('center_axis',(-1.85037170770859E-16,0.,-1.));
#10557=DIRECTION('ref_axis',(-1.,0.,1.85037170770859E-16));
#10558=DIRECTION('',(-1.,0.,1.85037170770859E-16));
#10559=DIRECTION('',(0.,1.,0.));
#10560=DIRECTION('',(-1.,0.,1.85037170770859E-16));
#10561=DIRECTION('',(0.,1.,0.));
#10562=DIRECTION('center_axis',(-0.909064822894284,0.,0.416654710493213));
#10563=DIRECTION('ref_axis',(0.416654710493213,0.,0.909064822894284));
#10564=DIRECTION('',(0.416654710493213,0.,0.909064822894284));
#10565=DIRECTION('',(0.416654710493213,0.,0.909064822894284));
#10566=DIRECTION('',(0.,1.,0.));
#10567=DIRECTION('center_axis',(0.879291966536775,0.,0.476283148540752));
#10568=DIRECTION('ref_axis',(0.476283148540752,0.,-0.879291966536775));
#10569=DIRECTION('',(0.476283148540752,0.,-0.879291966536775));
#10570=DIRECTION('',(0.476283148540752,0.,-0.879291966536775));
#10571=DIRECTION('center_axis',(-0.894427190999916,0.,-0.447213595499958));
#10572=DIRECTION('ref_axis',(-0.447213595499958,0.,0.894427190999916));
#10573=DIRECTION('',(-0.447213595499958,0.,0.894427190999916));
#10574=DIRECTION('',(0.,1.,0.));
#10575=DIRECTION('',(-0.447213595499958,0.,0.894427190999916));
#10576=DIRECTION('',(0.,1.,0.));
#10577=DIRECTION('center_axis',(-2.77555756156289E-16,0.,1.));
#10578=DIRECTION('ref_axis',(1.,0.,2.77555756156289E-16));
#10579=DIRECTION('',(1.,0.,2.77555756156289E-16));
#10580=DIRECTION('',(1.,0.,2.77555756156289E-16));
#10581=DIRECTION('',(0.,1.,0.));
#10582=DIRECTION('center_axis',(0.894427190999916,0.,-0.447213595499959));
#10583=DIRECTION('ref_axis',(-0.447213595499959,0.,-0.894427190999916));
#10584=DIRECTION('',(-0.447213595499959,0.,-0.894427190999916));
#10585=DIRECTION('',(-0.447213595499959,0.,-0.894427190999916));
#10586=DIRECTION('center_axis',(-0.894427190999916,0.,-0.447213595499958));
#10587=DIRECTION('ref_axis',(-0.447213595499958,0.,0.894427190999916));
#10588=DIRECTION('',(-0.447213595499958,0.,0.894427190999916));
#10589=DIRECTION('',(0.,1.,0.));
#10590=DIRECTION('',(-0.447213595499958,0.,0.894427190999916));
#10591=DIRECTION('',(0.,1.,0.));
#10592=DIRECTION('center_axis',(-3.70074341541718E-16,0.,1.));
#10593=DIRECTION('ref_axis',(1.,0.,3.70074341541718E-16));
#10594=DIRECTION('',(1.,0.,3.70074341541718E-16));
#10595=DIRECTION('',(1.,0.,3.70074341541718E-16));
#10596=DIRECTION('',(0.,1.,0.));
#10597=DIRECTION('center_axis',(0.894427190999916,0.,-0.447213595499958));
#10598=DIRECTION('ref_axis',(-0.447213595499958,0.,-0.894427190999916));
#10599=DIRECTION('',(-0.447213595499958,0.,-0.894427190999916));
#10600=DIRECTION('',(-0.447213595499958,0.,-0.894427190999916));
#10601=DIRECTION('center_axis',(0.,1.,0.));
#10602=DIRECTION('ref_axis',(1.,0.,0.));
#10603=DIRECTION('center_axis',(0.,-1.,0.));
#10604=DIRECTION('ref_axis',(1.,0.,0.));
#10605=DIRECTION('',(0.,-1.,0.));
#10606=DIRECTION('center_axis',(0.,-1.,0.));
#10607=DIRECTION('ref_axis',(1.,0.,0.));
#10608=DIRECTION('center_axis',(-1.85037170770859E-16,0.,-1.));
#10609=DIRECTION('ref_axis',(-1.,0.,1.85037170770859E-16));
#10610=DIRECTION('',(-1.,0.,1.85037170770859E-16));
#10611=DIRECTION('',(0.,1.,0.));
#10612=DIRECTION('',(-1.,0.,1.85037170770859E-16));
#10613=DIRECTION('',(0.,1.,0.));
#10614=DIRECTION('center_axis',(-0.909064822894284,0.,0.416654710493214));
#10615=DIRECTION('ref_axis',(0.416654710493214,0.,0.909064822894284));
#10616=DIRECTION('',(0.416654710493214,0.,0.909064822894284));
#10617=DIRECTION('',(0.416654710493214,0.,0.909064822894284));
#10618=DIRECTION('',(0.,1.,0.));
#10619=DIRECTION('center_axis',(0.879291966536775,0.,0.476283148540752));
#10620=DIRECTION('ref_axis',(0.476283148540752,0.,-0.879291966536775));
#10621=DIRECTION('',(0.476283148540752,0.,-0.879291966536775));
#10622=DIRECTION('',(0.476283148540752,0.,-0.879291966536775));
#10623=DIRECTION('center_axis',(-1.85037170770859E-16,0.,-1.));
#10624=DIRECTION('ref_axis',(-1.,0.,1.85037170770859E-16));
#10625=DIRECTION('',(-1.,0.,1.85037170770859E-16));
#10626=DIRECTION('',(0.,1.,0.));
#10627=DIRECTION('',(-1.,0.,1.85037170770859E-16));
#10628=DIRECTION('',(0.,1.,0.));
#10629=DIRECTION('center_axis',(-0.909064822894284,0.,0.416654710493213));
#10630=DIRECTION('ref_axis',(0.416654710493213,0.,0.909064822894284));
#10631=DIRECTION('',(0.416654710493213,0.,0.909064822894284));
#10632=DIRECTION('',(0.416654710493213,0.,0.909064822894284));
#10633=DIRECTION('',(0.,1.,0.));
#10634=DIRECTION('center_axis',(0.879291966536775,0.,0.476283148540752));
#10635=DIRECTION('ref_axis',(0.476283148540752,0.,-0.879291966536775));
#10636=DIRECTION('',(0.476283148540752,0.,-0.879291966536775));
#10637=DIRECTION('',(0.476283148540752,0.,-0.879291966536775));
#10638=DIRECTION('center_axis',(-0.894427190999916,0.,-0.447213595499958));
#10639=DIRECTION('ref_axis',(-0.447213595499958,0.,0.894427190999916));
#10640=DIRECTION('',(-0.447213595499958,0.,0.894427190999916));
#10641=DIRECTION('',(0.,1.,0.));
#10642=DIRECTION('',(-0.447213595499958,0.,0.894427190999916));
#10643=DIRECTION('',(0.,1.,0.));
#10644=DIRECTION('center_axis',(-3.70074341541718E-16,0.,1.));
#10645=DIRECTION('ref_axis',(1.,0.,3.70074341541718E-16));
#10646=DIRECTION('',(1.,0.,3.70074341541718E-16));
#10647=DIRECTION('',(1.,0.,3.70074341541718E-16));
#10648=DIRECTION('',(0.,1.,0.));
#10649=DIRECTION('center_axis',(0.894427190999916,0.,-0.447213595499959));
#10650=DIRECTION('ref_axis',(-0.447213595499959,0.,-0.894427190999916));
#10651=DIRECTION('',(-0.447213595499959,0.,-0.894427190999916));
#10652=DIRECTION('',(-0.447213595499959,0.,-0.894427190999916));
#10653=DIRECTION('center_axis',(-0.894427190999916,0.,-0.447213595499958));
#10654=DIRECTION('ref_axis',(-0.447213595499958,0.,0.894427190999916));
#10655=DIRECTION('',(-0.447213595499958,0.,0.894427190999916));
#10656=DIRECTION('',(0.,1.,0.));
#10657=DIRECTION('',(-0.447213595499958,0.,0.894427190999916));
#10658=DIRECTION('',(0.,1.,0.));
#10659=DIRECTION('center_axis',(-3.70074341541718E-16,0.,1.));
#10660=DIRECTION('ref_axis',(1.,0.,3.70074341541718E-16));
#10661=DIRECTION('',(1.,0.,3.70074341541718E-16));
#10662=DIRECTION('',(1.,0.,3.70074341541718E-16));
#10663=DIRECTION('',(0.,1.,0.));
#10664=DIRECTION('center_axis',(0.894427190999916,0.,-0.447213595499959));
#10665=DIRECTION('ref_axis',(-0.447213595499959,0.,-0.894427190999916));
#10666=DIRECTION('',(-0.447213595499959,0.,-0.894427190999916));
#10667=DIRECTION('',(-0.447213595499959,0.,-0.894427190999916));
#10668=DIRECTION('center_axis',(-3.70074341541719E-16,0.,-1.));
#10669=DIRECTION('ref_axis',(-1.,0.,3.70074341541719E-16));
#10670=DIRECTION('',(-1.,0.,3.70074341541719E-16));
#10671=DIRECTION('',(0.,1.,0.));
#10672=DIRECTION('',(-1.,0.,3.70074341541719E-16));
#10673=DIRECTION('',(0.,1.,0.));
#10674=DIRECTION('center_axis',(-0.909064822894284,0.,0.416654710493214));
#10675=DIRECTION('ref_axis',(0.416654710493214,0.,0.909064822894284));
#10676=DIRECTION('',(0.416654710493214,0.,0.909064822894284));
#10677=DIRECTION('',(0.416654710493214,0.,0.909064822894284));
#10678=DIRECTION('',(0.,1.,0.));
#10679=DIRECTION('center_axis',(0.879291966536775,0.,0.476283148540752));
#10680=DIRECTION('ref_axis',(0.476283148540752,0.,-0.879291966536775));
#10681=DIRECTION('',(0.476283148540752,0.,-0.879291966536775));
#10682=DIRECTION('',(0.476283148540752,0.,-0.879291966536775));
#10683=DIRECTION('center_axis',(0.,0.,-1.));
#10684=DIRECTION('ref_axis',(-1.,0.,0.));
#10685=DIRECTION('',(-1.,0.,0.));
#10686=DIRECTION('',(0.,1.,0.));
#10687=DIRECTION('',(-1.,0.,0.));
#10688=DIRECTION('',(0.,1.,0.));
#10689=DIRECTION('center_axis',(-0.909064822894284,0.,0.416654710493213));
#10690=DIRECTION('ref_axis',(0.416654710493213,0.,0.909064822894284));
#10691=DIRECTION('',(0.416654710493213,0.,0.909064822894284));
#10692=DIRECTION('',(0.416654710493213,0.,0.909064822894284));
#10693=DIRECTION('',(0.,1.,0.));
#10694=DIRECTION('center_axis',(0.879291966536775,0.,0.476283148540752));
#10695=DIRECTION('ref_axis',(0.476283148540752,0.,-0.879291966536775));
#10696=DIRECTION('',(0.476283148540752,0.,-0.879291966536775));
#10697=DIRECTION('',(0.476283148540752,0.,-0.879291966536775));
#10698=DIRECTION('center_axis',(-0.909064822894284,0.,0.416654710493213));
#10699=DIRECTION('ref_axis',(0.416654710493213,0.,0.909064822894284));
#10700=DIRECTION('',(0.416654710493213,0.,0.909064822894284));
#10701=DIRECTION('',(0.,1.,0.));
#10702=DIRECTION('',(0.416654710493213,0.,0.909064822894284));
#10703=DIRECTION('',(0.,1.,0.));
#10704=DIRECTION('center_axis',(0.879291966536775,0.,0.476283148540751));
#10705=DIRECTION('ref_axis',(0.476283148540751,0.,-0.879291966536775));
#10706=DIRECTION('',(0.476283148540751,0.,-0.879291966536775));
#10707=DIRECTION('',(0.476283148540751,0.,-0.879291966536775));
#10708=DIRECTION('',(0.,1.,0.));
#10709=DIRECTION('center_axis',(-3.70074341541719E-16,0.,-1.));
#10710=DIRECTION('ref_axis',(-1.,0.,3.70074341541719E-16));
#10711=DIRECTION('',(-1.,0.,3.70074341541719E-16));
#10712=DIRECTION('',(-1.,0.,3.70074341541719E-16));
#10713=DIRECTION('center_axis',(-3.70074341541719E-16,0.,-1.));
#10714=DIRECTION('ref_axis',(-1.,0.,3.70074341541719E-16));
#10715=DIRECTION('',(-1.,0.,3.70074341541719E-16));
#10716=DIRECTION('',(0.,1.,0.));
#10717=DIRECTION('',(-1.,0.,3.70074341541719E-16));
#10718=DIRECTION('',(0.,1.,0.));
#10719=DIRECTION('center_axis',(-0.909064822894284,0.,0.416654710493214));
#10720=DIRECTION('ref_axis',(0.416654710493214,0.,0.909064822894284));
#10721=DIRECTION('',(0.416654710493214,0.,0.909064822894284));
#10722=DIRECTION('',(0.416654710493214,0.,0.909064822894284));
#10723=DIRECTION('',(0.,1.,0.));
#10724=DIRECTION('center_axis',(0.879291966536775,0.,0.476283148540752));
#10725=DIRECTION('ref_axis',(0.476283148540752,0.,-0.879291966536775));
#10726=DIRECTION('',(0.476283148540752,0.,-0.879291966536775));
#10727=DIRECTION('',(0.476283148540752,0.,-0.879291966536775));
#10728=DIRECTION('center_axis',(-0.894427190999916,0.,-0.447213595499958));
#10729=DIRECTION('ref_axis',(-0.447213595499958,0.,0.894427190999916));
#10730=DIRECTION('',(-0.447213595499958,0.,0.894427190999916));
#10731=DIRECTION('',(0.,1.,0.));
#10732=DIRECTION('',(-0.447213595499958,0.,0.894427190999916));
#10733=DIRECTION('',(0.,1.,0.));
#10734=DIRECTION('center_axis',(-2.77555756156289E-16,0.,1.));
#10735=DIRECTION('ref_axis',(1.,0.,2.77555756156289E-16));
#10736=DIRECTION('',(1.,0.,2.77555756156289E-16));
#10737=DIRECTION('',(1.,0.,2.77555756156289E-16));
#10738=DIRECTION('',(0.,1.,0.));
#10739=DIRECTION('center_axis',(0.894427190999916,0.,-0.447213595499959));
#10740=DIRECTION('ref_axis',(-0.447213595499959,0.,-0.894427190999916));
#10741=DIRECTION('',(-0.447213595499959,0.,-0.894427190999916));
#10742=DIRECTION('',(-0.447213595499959,0.,-0.894427190999916));
#10743=DIRECTION('center_axis',(-3.70074341541719E-16,0.,-1.));
#10744=DIRECTION('ref_axis',(-1.,0.,3.70074341541719E-16));
#10745=DIRECTION('',(-1.,0.,3.70074341541719E-16));
#10746=DIRECTION('',(0.,1.,0.));
#10747=DIRECTION('',(-1.,0.,3.70074341541719E-16));
#10748=DIRECTION('',(0.,1.,0.));
#10749=DIRECTION('center_axis',(-0.909064822894284,0.,0.416654710493214));
#10750=DIRECTION('ref_axis',(0.416654710493214,0.,0.909064822894284));
#10751=DIRECTION('',(0.416654710493214,0.,0.909064822894284));
#10752=DIRECTION('',(0.416654710493214,0.,0.909064822894284));
#10753=DIRECTION('',(0.,1.,0.));
#10754=DIRECTION('center_axis',(0.879291966536775,0.,0.476283148540752));
#10755=DIRECTION('ref_axis',(0.476283148540752,0.,-0.879291966536775));
#10756=DIRECTION('',(0.476283148540752,0.,-0.879291966536775));
#10757=DIRECTION('',(0.476283148540752,0.,-0.879291966536775));
#10758=DIRECTION('center_axis',(-0.894427190999916,0.,-0.447213595499958));
#10759=DIRECTION('ref_axis',(-0.447213595499958,0.,0.894427190999916));
#10760=DIRECTION('',(-0.447213595499958,0.,0.894427190999916));
#10761=DIRECTION('',(0.,1.,0.));
#10762=DIRECTION('',(-0.447213595499958,0.,0.894427190999916));
#10763=DIRECTION('',(0.,1.,0.));
#10764=DIRECTION('center_axis',(-3.70074341541718E-16,0.,1.));
#10765=DIRECTION('ref_axis',(1.,0.,3.70074341541718E-16));
#10766=DIRECTION('',(1.,0.,3.70074341541718E-16));
#10767=DIRECTION('',(1.,0.,3.70074341541718E-16));
#10768=DIRECTION('',(0.,1.,0.));
#10769=DIRECTION('center_axis',(0.894427190999916,0.,-0.447213595499958));
#10770=DIRECTION('ref_axis',(-0.447213595499958,0.,-0.894427190999916));
#10771=DIRECTION('',(-0.447213595499958,0.,-0.894427190999916));
#10772=DIRECTION('',(-0.447213595499958,0.,-0.894427190999916));
#10773=DIRECTION('center_axis',(-0.894427190999916,0.,-0.447213595499958));
#10774=DIRECTION('ref_axis',(-0.447213595499958,0.,0.894427190999916));
#10775=DIRECTION('',(-0.447213595499958,0.,0.894427190999916));
#10776=DIRECTION('',(0.,1.,0.));
#10777=DIRECTION('',(-0.447213595499958,0.,0.894427190999916));
#10778=DIRECTION('',(0.,1.,0.));
#10779=DIRECTION('center_axis',(-7.40148683083436E-16,0.,1.));
#10780=DIRECTION('ref_axis',(1.,0.,7.40148683083436E-16));
#10781=DIRECTION('',(1.,0.,7.40148683083436E-16));
#10782=DIRECTION('',(1.,0.,7.40148683083436E-16));
#10783=DIRECTION('',(0.,1.,0.));
#10784=DIRECTION('center_axis',(0.894427190999916,0.,-0.447213595499958));
#10785=DIRECTION('ref_axis',(-0.447213595499958,0.,-0.894427190999916));
#10786=DIRECTION('',(-0.447213595499958,0.,-0.894427190999916));
#10787=DIRECTION('',(-0.447213595499958,0.,-0.894427190999916));
#10788=DIRECTION('center_axis',(-0.894427190999916,0.,-0.447213595499958));
#10789=DIRECTION('ref_axis',(-0.447213595499958,0.,0.894427190999916));
#10790=DIRECTION('',(-0.447213595499958,0.,0.894427190999916));
#10791=DIRECTION('',(0.,1.,0.));
#10792=DIRECTION('',(-0.447213595499958,0.,0.894427190999916));
#10793=DIRECTION('',(0.,1.,0.));
#10794=DIRECTION('center_axis',(-3.70074341541718E-16,0.,1.));
#10795=DIRECTION('ref_axis',(1.,0.,3.70074341541718E-16));
#10796=DIRECTION('',(1.,0.,3.70074341541718E-16));
#10797=DIRECTION('',(1.,0.,3.70074341541718E-16));
#10798=DIRECTION('',(0.,1.,0.));
#10799=DIRECTION('center_axis',(0.894427190999916,0.,-0.447213595499959));
#10800=DIRECTION('ref_axis',(-0.447213595499959,0.,-0.894427190999916));
#10801=DIRECTION('',(-0.447213595499959,0.,-0.894427190999916));
#10802=DIRECTION('',(-0.447213595499959,0.,-0.894427190999916));
#10803=DIRECTION('center_axis',(-1.85037170770859E-16,0.,-1.));
#10804=DIRECTION('ref_axis',(-1.,0.,1.85037170770859E-16));
#10805=DIRECTION('',(-1.,0.,1.85037170770859E-16));
#10806=DIRECTION('',(0.,1.,0.));
#10807=DIRECTION('',(-1.,0.,1.85037170770859E-16));
#10808=DIRECTION('',(0.,1.,0.));
#10809=DIRECTION('center_axis',(-0.909064822894284,0.,0.416654710493213));
#10810=DIRECTION('ref_axis',(0.416654710493213,0.,0.909064822894284));
#10811=DIRECTION('',(0.416654710493213,0.,0.909064822894284));
#10812=DIRECTION('',(0.416654710493213,0.,0.909064822894284));
#10813=DIRECTION('',(0.,1.,0.));
#10814=DIRECTION('center_axis',(0.879291966536775,0.,0.476283148540752));
#10815=DIRECTION('ref_axis',(0.476283148540752,0.,-0.879291966536775));
#10816=DIRECTION('',(0.476283148540752,0.,-0.879291966536775));
#10817=DIRECTION('',(0.476283148540752,0.,-0.879291966536775));
#10818=DIRECTION('center_axis',(-0.894427190999916,0.,-0.447213595499958));
#10819=DIRECTION('ref_axis',(-0.447213595499958,0.,0.894427190999916));
#10820=DIRECTION('',(-0.447213595499958,0.,0.894427190999916));
#10821=DIRECTION('',(0.,1.,0.));
#10822=DIRECTION('',(-0.447213595499958,0.,0.894427190999916));
#10823=DIRECTION('',(0.,1.,0.));
#10824=DIRECTION('center_axis',(-2.77555756156289E-16,0.,1.));
#10825=DIRECTION('ref_axis',(1.,0.,2.77555756156289E-16));
#10826=DIRECTION('',(1.,0.,2.77555756156289E-16));
#10827=DIRECTION('',(1.,0.,2.77555756156289E-16));
#10828=DIRECTION('',(0.,1.,0.));
#10829=DIRECTION('center_axis',(0.894427190999916,0.,-0.447213595499959));
#10830=DIRECTION('ref_axis',(-0.447213595499959,0.,-0.894427190999916));
#10831=DIRECTION('',(-0.447213595499959,0.,-0.894427190999916));
#10832=DIRECTION('',(-0.447213595499959,0.,-0.894427190999916));
#10833=DIRECTION('center_axis',(-3.70074341541719E-16,0.,-1.));
#10834=DIRECTION('ref_axis',(-1.,0.,3.70074341541719E-16));
#10835=DIRECTION('',(-1.,0.,3.70074341541719E-16));
#10836=DIRECTION('',(0.,1.,0.));
#10837=DIRECTION('',(-1.,0.,3.70074341541719E-16));
#10838=DIRECTION('',(0.,1.,0.));
#10839=DIRECTION('center_axis',(-0.909064822894284,0.,0.416654710493213));
#10840=DIRECTION('ref_axis',(0.416654710493213,0.,0.909064822894284));
#10841=DIRECTION('',(0.416654710493213,0.,0.909064822894284));
#10842=DIRECTION('',(0.416654710493213,0.,0.909064822894284));
#10843=DIRECTION('',(0.,1.,0.));
#10844=DIRECTION('center_axis',(0.879291966536775,0.,0.476283148540751));
#10845=DIRECTION('ref_axis',(0.476283148540751,0.,-0.879291966536775));
#10846=DIRECTION('',(0.476283148540751,0.,-0.879291966536775));
#10847=DIRECTION('',(0.476283148540751,0.,-0.879291966536775));
#10848=DIRECTION('center_axis',(-0.894427190999916,0.,-0.447213595499958));
#10849=DIRECTION('ref_axis',(-0.447213595499958,0.,0.894427190999916));
#10850=DIRECTION('',(-0.447213595499958,0.,0.894427190999916));
#10851=DIRECTION('',(0.,1.,0.));
#10852=DIRECTION('',(-0.447213595499958,0.,0.894427190999916));
#10853=DIRECTION('',(0.,1.,0.));
#10854=DIRECTION('center_axis',(-3.70074341541718E-16,0.,1.));
#10855=DIRECTION('ref_axis',(1.,0.,3.70074341541718E-16));
#10856=DIRECTION('',(1.,0.,3.70074341541718E-16));
#10857=DIRECTION('',(1.,0.,3.70074341541718E-16));
#10858=DIRECTION('',(0.,1.,0.));
#10859=DIRECTION('center_axis',(0.894427190999916,0.,-0.447213595499959));
#10860=DIRECTION('ref_axis',(-0.447213595499959,0.,-0.894427190999916));
#10861=DIRECTION('',(-0.447213595499959,0.,-0.894427190999916));
#10862=DIRECTION('',(-0.447213595499959,0.,-0.894427190999916));
#10863=DIRECTION('center_axis',(-3.70074341541719E-16,0.,-1.));
#10864=DIRECTION('ref_axis',(-1.,0.,3.70074341541719E-16));
#10865=DIRECTION('',(-1.,0.,3.70074341541719E-16));
#10866=DIRECTION('',(0.,1.,0.));
#10867=DIRECTION('',(-1.,0.,3.70074341541719E-16));
#10868=DIRECTION('',(0.,1.,0.));
#10869=DIRECTION('center_axis',(-0.909064822894284,0.,0.416654710493214));
#10870=DIRECTION('ref_axis',(0.416654710493214,0.,0.909064822894284));
#10871=DIRECTION('',(0.416654710493214,0.,0.909064822894284));
#10872=DIRECTION('',(0.416654710493214,0.,0.909064822894284));
#10873=DIRECTION('',(0.,1.,0.));
#10874=DIRECTION('center_axis',(0.879291966536775,0.,0.476283148540752));
#10875=DIRECTION('ref_axis',(0.476283148540752,0.,-0.879291966536775));
#10876=DIRECTION('',(0.476283148540752,0.,-0.879291966536775));
#10877=DIRECTION('',(0.476283148540752,0.,-0.879291966536775));
#10878=DIRECTION('center_axis',(-1.85037170770859E-16,0.,-1.));
#10879=DIRECTION('ref_axis',(-1.,0.,1.85037170770859E-16));
#10880=DIRECTION('',(-1.,0.,1.85037170770859E-16));
#10881=DIRECTION('',(0.,1.,0.));
#10882=DIRECTION('',(-1.,0.,1.85037170770859E-16));
#10883=DIRECTION('',(0.,1.,0.));
#10884=DIRECTION('center_axis',(-0.909064822894284,0.,0.416654710493213));
#10885=DIRECTION('ref_axis',(0.416654710493213,0.,0.909064822894284));
#10886=DIRECTION('',(0.416654710493213,0.,0.909064822894284));
#10887=DIRECTION('',(0.416654710493213,0.,0.909064822894284));
#10888=DIRECTION('',(0.,1.,0.));
#10889=DIRECTION('center_axis',(0.879291966536775,0.,0.476283148540752));
#10890=DIRECTION('ref_axis',(0.476283148540752,0.,-0.879291966536775));
#10891=DIRECTION('',(0.476283148540752,0.,-0.879291966536775));
#10892=DIRECTION('',(0.476283148540752,0.,-0.879291966536775));
#10893=DIRECTION('center_axis',(-0.894427190999916,0.,-0.447213595499958));
#10894=DIRECTION('ref_axis',(-0.447213595499958,0.,0.894427190999916));
#10895=DIRECTION('',(-0.447213595499958,0.,0.894427190999916));
#10896=DIRECTION('',(0.,1.,0.));
#10897=DIRECTION('',(-0.447213595499958,0.,0.894427190999916));
#10898=DIRECTION('',(0.,1.,0.));
#10899=DIRECTION('center_axis',(-3.70074341541718E-16,0.,1.));
#10900=DIRECTION('ref_axis',(1.,0.,3.70074341541718E-16));
#10901=DIRECTION('',(1.,0.,3.70074341541718E-16));
#10902=DIRECTION('',(1.,0.,3.70074341541718E-16));
#10903=DIRECTION('',(0.,1.,0.));
#10904=DIRECTION('center_axis',(0.894427190999916,0.,-0.447213595499958));
#10905=DIRECTION('ref_axis',(-0.447213595499958,0.,-0.894427190999916));
#10906=DIRECTION('',(-0.447213595499958,0.,-0.894427190999916));
#10907=DIRECTION('',(-0.447213595499958,0.,-0.894427190999916));
#10908=DIRECTION('center_axis',(-1.85037170770859E-16,0.,-1.));
#10909=DIRECTION('ref_axis',(-1.,0.,1.85037170770859E-16));
#10910=DIRECTION('',(-1.,0.,1.85037170770859E-16));
#10911=DIRECTION('',(0.,1.,0.));
#10912=DIRECTION('',(-1.,0.,1.85037170770859E-16));
#10913=DIRECTION('',(0.,1.,0.));
#10914=DIRECTION('center_axis',(-0.909064822894284,0.,0.416654710493213));
#10915=DIRECTION('ref_axis',(0.416654710493213,0.,0.909064822894284));
#10916=DIRECTION('',(0.416654710493213,0.,0.909064822894284));
#10917=DIRECTION('',(0.416654710493213,0.,0.909064822894284));
#10918=DIRECTION('',(0.,1.,0.));
#10919=DIRECTION('center_axis',(0.879291966536775,0.,0.476283148540752));
#10920=DIRECTION('ref_axis',(0.476283148540752,0.,-0.879291966536775));
#10921=DIRECTION('',(0.476283148540752,0.,-0.879291966536775));
#10922=DIRECTION('',(0.476283148540752,0.,-0.879291966536775));
#10923=DIRECTION('center_axis',(-1.85037170770859E-16,0.,-1.));
#10924=DIRECTION('ref_axis',(-1.,0.,1.85037170770859E-16));
#10925=DIRECTION('',(-1.,0.,1.85037170770859E-16));
#10926=DIRECTION('',(0.,1.,0.));
#10927=DIRECTION('',(-1.,0.,1.85037170770859E-16));
#10928=DIRECTION('',(0.,1.,0.));
#10929=DIRECTION('center_axis',(-0.909064822894284,0.,0.416654710493214));
#10930=DIRECTION('ref_axis',(0.416654710493214,0.,0.909064822894284));
#10931=DIRECTION('',(0.416654710493214,0.,0.909064822894284));
#10932=DIRECTION('',(0.416654710493214,0.,0.909064822894284));
#10933=DIRECTION('',(0.,1.,0.));
#10934=DIRECTION('center_axis',(0.879291966536775,0.,0.476283148540752));
#10935=DIRECTION('ref_axis',(0.476283148540752,0.,-0.879291966536775));
#10936=DIRECTION('',(0.476283148540752,0.,-0.879291966536775));
#10937=DIRECTION('',(0.476283148540752,0.,-0.879291966536775));
#10938=DIRECTION('center_axis',(-0.894427190999916,0.,-0.447213595499958));
#10939=DIRECTION('ref_axis',(-0.447213595499958,0.,0.894427190999916));
#10940=DIRECTION('',(-0.447213595499958,0.,0.894427190999916));
#10941=DIRECTION('',(0.,1.,0.));
#10942=DIRECTION('',(-0.447213595499958,0.,0.894427190999916));
#10943=DIRECTION('',(0.,1.,0.));
#10944=DIRECTION('center_axis',(-3.70074341541718E-16,0.,1.));
#10945=DIRECTION('ref_axis',(1.,0.,3.70074341541718E-16));
#10946=DIRECTION('',(1.,0.,3.70074341541718E-16));
#10947=DIRECTION('',(1.,0.,3.70074341541718E-16));
#10948=DIRECTION('',(0.,1.,0.));
#10949=DIRECTION('center_axis',(0.894427190999916,0.,-0.447213595499959));
#10950=DIRECTION('ref_axis',(-0.447213595499959,0.,-0.894427190999916));
#10951=DIRECTION('',(-0.447213595499959,0.,-0.894427190999916));
#10952=DIRECTION('',(-0.447213595499959,0.,-0.894427190999916));
#10953=DIRECTION('center_axis',(-1.85037170770859E-16,0.,-1.));
#10954=DIRECTION('ref_axis',(-1.,0.,1.85037170770859E-16));
#10955=DIRECTION('',(-1.,0.,1.85037170770859E-16));
#10956=DIRECTION('',(0.,1.,0.));
#10957=DIRECTION('',(-1.,0.,1.85037170770859E-16));
#10958=DIRECTION('',(0.,1.,0.));
#10959=DIRECTION('center_axis',(-0.909064822894284,0.,0.416654710493214));
#10960=DIRECTION('ref_axis',(0.416654710493214,0.,0.909064822894284));
#10961=DIRECTION('',(0.416654710493214,0.,0.909064822894284));
#10962=DIRECTION('',(0.416654710493214,0.,0.909064822894284));
#10963=DIRECTION('',(0.,1.,0.));
#10964=DIRECTION('center_axis',(0.879291966536775,0.,0.476283148540752));
#10965=DIRECTION('ref_axis',(0.476283148540752,0.,-0.879291966536775));
#10966=DIRECTION('',(0.476283148540752,0.,-0.879291966536775));
#10967=DIRECTION('',(0.476283148540752,0.,-0.879291966536775));
#10968=DIRECTION('center_axis',(-3.70074341541719E-16,0.,-1.));
#10969=DIRECTION('ref_axis',(-1.,0.,3.70074341541719E-16));
#10970=DIRECTION('',(-1.,0.,3.70074341541719E-16));
#10971=DIRECTION('',(0.,1.,0.));
#10972=DIRECTION('',(-1.,0.,3.70074341541719E-16));
#10973=DIRECTION('',(0.,1.,0.));
#10974=DIRECTION('center_axis',(-0.909064822894284,0.,0.416654710493214));
#10975=DIRECTION('ref_axis',(0.416654710493214,0.,0.909064822894284));
#10976=DIRECTION('',(0.416654710493213,0.,0.909064822894284));
#10977=DIRECTION('',(0.416654710493213,0.,0.909064822894284));
#10978=DIRECTION('',(0.,1.,0.));
#10979=DIRECTION('center_axis',(0.879291966536775,0.,0.476283148540752));
#10980=DIRECTION('ref_axis',(0.476283148540752,0.,-0.879291966536775));
#10981=DIRECTION('',(0.476283148540752,0.,-0.879291966536775));
#10982=DIRECTION('',(0.476283148540752,0.,-0.879291966536775));
#10983=DIRECTION('center_axis',(-0.894427190999916,0.,-0.447213595499958));
#10984=DIRECTION('ref_axis',(-0.447213595499958,0.,0.894427190999916));
#10985=DIRECTION('',(-0.447213595499958,0.,0.894427190999916));
#10986=DIRECTION('',(0.,1.,0.));
#10987=DIRECTION('',(-0.447213595499958,0.,0.894427190999916));
#10988=DIRECTION('',(0.,1.,0.));
#10989=DIRECTION('center_axis',(-3.70074341541718E-16,0.,1.));
#10990=DIRECTION('ref_axis',(1.,0.,3.70074341541718E-16));
#10991=DIRECTION('',(1.,0.,3.70074341541718E-16));
#10992=DIRECTION('',(1.,0.,3.70074341541718E-16));
#10993=DIRECTION('',(0.,1.,0.));
#10994=DIRECTION('center_axis',(0.894427190999916,0.,-0.447213595499959));
#10995=DIRECTION('ref_axis',(-0.447213595499959,0.,-0.894427190999916));
#10996=DIRECTION('',(-0.447213595499959,0.,-0.894427190999916));
#10997=DIRECTION('',(-0.447213595499959,0.,-0.894427190999916));
#10998=DIRECTION('center_axis',(-0.894427190999916,0.,-0.447213595499958));
#10999=DIRECTION('ref_axis',(-0.447213595499958,0.,0.894427190999916));
#11000=DIRECTION('',(-0.447213595499958,0.,0.894427190999916));
#11001=DIRECTION('',(0.,1.,0.));
#11002=DIRECTION('',(-0.447213595499958,0.,0.894427190999916));
#11003=DIRECTION('',(0.,1.,0.));
#11004=DIRECTION('center_axis',(-7.40148683083437E-16,0.,1.));
#11005=DIRECTION('ref_axis',(1.,0.,7.40148683083437E-16));
#11006=DIRECTION('',(1.,0.,7.40148683083437E-16));
#11007=DIRECTION('',(1.,0.,7.40148683083437E-16));
#11008=DIRECTION('',(0.,1.,0.));
#11009=DIRECTION('center_axis',(0.894427190999916,0.,-0.447213595499959));
#11010=DIRECTION('ref_axis',(-0.447213595499959,0.,-0.894427190999916));
#11011=DIRECTION('',(-0.447213595499959,0.,-0.894427190999916));
#11012=DIRECTION('',(-0.447213595499959,0.,-0.894427190999916));
#11013=DIRECTION('center_axis',(-1.85037170770859E-16,0.,-1.));
#11014=DIRECTION('ref_axis',(-1.,0.,1.85037170770859E-16));
#11015=DIRECTION('',(-1.,0.,1.85037170770859E-16));
#11016=DIRECTION('',(0.,1.,0.));
#11017=DIRECTION('',(-1.,0.,1.85037170770859E-16));
#11018=DIRECTION('',(0.,1.,0.));
#11019=DIRECTION('center_axis',(-0.909064822894284,0.,0.416654710493213));
#11020=DIRECTION('ref_axis',(0.416654710493213,0.,0.909064822894284));
#11021=DIRECTION('',(0.416654710493213,0.,0.909064822894284));
#11022=DIRECTION('',(0.416654710493213,0.,0.909064822894284));
#11023=DIRECTION('',(0.,1.,0.));
#11024=DIRECTION('center_axis',(0.879291966536775,0.,0.476283148540752));
#11025=DIRECTION('ref_axis',(0.476283148540752,0.,-0.879291966536775));
#11026=DIRECTION('',(0.476283148540752,0.,-0.879291966536775));
#11027=DIRECTION('',(0.476283148540752,0.,-0.879291966536775));
#11028=DIRECTION('center_axis',(-0.894427190999916,0.,-0.447213595499958));
#11029=DIRECTION('ref_axis',(-0.447213595499958,0.,0.894427190999916));
#11030=DIRECTION('',(-0.447213595499958,0.,0.894427190999916));
#11031=DIRECTION('',(0.,1.,0.));
#11032=DIRECTION('',(-0.447213595499958,0.,0.894427190999916));
#11033=DIRECTION('',(0.,1.,0.));
#11034=DIRECTION('center_axis',(-2.77555756156289E-16,0.,1.));
#11035=DIRECTION('ref_axis',(1.,0.,2.77555756156289E-16));
#11036=DIRECTION('',(1.,0.,2.77555756156289E-16));
#11037=DIRECTION('',(1.,0.,2.77555756156289E-16));
#11038=DIRECTION('',(0.,1.,0.));
#11039=DIRECTION('center_axis',(0.894427190999915,0.,-0.447213595499959));
#11040=DIRECTION('ref_axis',(-0.447213595499959,0.,-0.894427190999915));
#11041=DIRECTION('',(-0.447213595499959,0.,-0.894427190999915));
#11042=DIRECTION('',(-0.447213595499959,0.,-0.894427190999915));
#11043=DIRECTION('center_axis',(-1.85037170770859E-16,0.,-1.));
#11044=DIRECTION('ref_axis',(-1.,0.,1.85037170770859E-16));
#11045=DIRECTION('',(-1.,0.,1.85037170770859E-16));
#11046=DIRECTION('',(0.,1.,0.));
#11047=DIRECTION('',(-1.,0.,1.85037170770859E-16));
#11048=DIRECTION('',(0.,1.,0.));
#11049=DIRECTION('center_axis',(-0.909064822894284,0.,0.416654710493213));
#11050=DIRECTION('ref_axis',(0.416654710493213,0.,0.909064822894284));
#11051=DIRECTION('',(0.416654710493213,0.,0.909064822894284));
#11052=DIRECTION('',(0.416654710493213,0.,0.909064822894284));
#11053=DIRECTION('',(0.,1.,0.));
#11054=DIRECTION('center_axis',(0.879291966536775,0.,0.476283148540752));
#11055=DIRECTION('ref_axis',(0.476283148540752,0.,-0.879291966536775));
#11056=DIRECTION('',(0.476283148540752,0.,-0.879291966536775));
#11057=DIRECTION('',(0.476283148540752,0.,-0.879291966536775));
#11058=DIRECTION('center_axis',(0.,0.,-1.));
#11059=DIRECTION('ref_axis',(-1.,0.,0.));
#11060=DIRECTION('',(-1.,0.,0.));
#11061=DIRECTION('',(0.,1.,0.));
#11062=DIRECTION('',(-1.,0.,0.));
#11063=DIRECTION('',(0.,1.,0.));
#11064=DIRECTION('center_axis',(-0.909064822894284,0.,0.416654710493214));
#11065=DIRECTION('ref_axis',(0.416654710493214,0.,0.909064822894284));
#11066=DIRECTION('',(0.416654710493214,0.,0.909064822894284));
#11067=DIRECTION('',(0.416654710493214,0.,0.909064822894284));
#11068=DIRECTION('',(0.,1.,0.));
#11069=DIRECTION('center_axis',(0.879291966536775,0.,0.476283148540752));
#11070=DIRECTION('ref_axis',(0.476283148540752,0.,-0.879291966536775));
#11071=DIRECTION('',(0.476283148540752,0.,-0.879291966536775));
#11072=DIRECTION('',(0.476283148540752,0.,-0.879291966536775));
#11073=DIRECTION('center_axis',(-0.894427190999916,0.,-0.447213595499958));
#11074=DIRECTION('ref_axis',(-0.447213595499958,0.,0.894427190999916));
#11075=DIRECTION('',(-0.447213595499958,0.,0.894427190999916));
#11076=DIRECTION('',(0.,1.,0.));
#11077=DIRECTION('',(-0.447213595499958,0.,0.894427190999916));
#11078=DIRECTION('',(0.,1.,0.));
#11079=DIRECTION('center_axis',(-3.70074341541718E-16,0.,1.));
#11080=DIRECTION('ref_axis',(1.,0.,3.70074341541718E-16));
#11081=DIRECTION('',(1.,0.,3.70074341541718E-16));
#11082=DIRECTION('',(1.,0.,3.70074341541718E-16));
#11083=DIRECTION('',(0.,1.,0.));
#11084=DIRECTION('center_axis',(0.894427190999916,0.,-0.447213595499958));
#11085=DIRECTION('ref_axis',(-0.447213595499958,0.,-0.894427190999916));
#11086=DIRECTION('',(-0.447213595499958,0.,-0.894427190999916));
#11087=DIRECTION('',(-0.447213595499958,0.,-0.894427190999916));
#11088=DIRECTION('center_axis',(-0.894427190999916,0.,-0.447213595499958));
#11089=DIRECTION('ref_axis',(-0.447213595499958,0.,0.894427190999916));
#11090=DIRECTION('',(-0.447213595499958,0.,0.894427190999916));
#11091=DIRECTION('',(0.,1.,0.));
#11092=DIRECTION('',(-0.447213595499958,0.,0.894427190999916));
#11093=DIRECTION('',(0.,1.,0.));
#11094=DIRECTION('center_axis',(-3.70074341541718E-16,0.,1.));
#11095=DIRECTION('ref_axis',(1.,0.,3.70074341541718E-16));
#11096=DIRECTION('',(1.,0.,3.70074341541718E-16));
#11097=DIRECTION('',(1.,0.,3.70074341541718E-16));
#11098=DIRECTION('',(0.,1.,0.));
#11099=DIRECTION('center_axis',(0.894427190999916,0.,-0.447213595499958));
#11100=DIRECTION('ref_axis',(-0.447213595499958,0.,-0.894427190999916));
#11101=DIRECTION('',(-0.447213595499958,0.,-0.894427190999916));
#11102=DIRECTION('',(-0.447213595499958,0.,-0.894427190999916));
#11103=DIRECTION('center_axis',(-0.894427190999916,0.,-0.447213595499958));
#11104=DIRECTION('ref_axis',(-0.447213595499958,0.,0.894427190999916));
#11105=DIRECTION('',(-0.447213595499958,0.,0.894427190999916));
#11106=DIRECTION('',(0.,1.,0.));
#11107=DIRECTION('',(-0.447213595499958,0.,0.894427190999916));
#11108=DIRECTION('',(0.,1.,0.));
#11109=DIRECTION('center_axis',(-2.77555756156289E-16,0.,1.));
#11110=DIRECTION('ref_axis',(1.,0.,2.77555756156289E-16));
#11111=DIRECTION('',(1.,0.,2.77555756156289E-16));
#11112=DIRECTION('',(1.,0.,2.77555756156289E-16));
#11113=DIRECTION('',(0.,1.,0.));
#11114=DIRECTION('center_axis',(0.894427190999915,0.,-0.447213595499959));
#11115=DIRECTION('ref_axis',(-0.447213595499959,0.,-0.894427190999915));
#11116=DIRECTION('',(-0.447213595499959,0.,-0.894427190999915));
#11117=DIRECTION('',(-0.447213595499959,0.,-0.894427190999915));
#11118=DIRECTION('center_axis',(-3.70074341541719E-16,0.,-1.));
#11119=DIRECTION('ref_axis',(-1.,0.,3.70074341541719E-16));
#11120=DIRECTION('',(-1.,0.,3.70074341541719E-16));
#11121=DIRECTION('',(0.,1.,0.));
#11122=DIRECTION('',(-1.,0.,3.70074341541719E-16));
#11123=DIRECTION('',(0.,1.,0.));
#11124=DIRECTION('center_axis',(-0.909064822894284,0.,0.416654710493214));
#11125=DIRECTION('ref_axis',(0.416654710493214,0.,0.909064822894284));
#11126=DIRECTION('',(0.416654710493214,0.,0.909064822894284));
#11127=DIRECTION('',(0.416654710493214,0.,0.909064822894284));
#11128=DIRECTION('',(0.,1.,0.));
#11129=DIRECTION('center_axis',(0.879291966536775,0.,0.476283148540752));
#11130=DIRECTION('ref_axis',(0.476283148540752,0.,-0.879291966536775));
#11131=DIRECTION('',(0.476283148540752,0.,-0.879291966536775));
#11132=DIRECTION('',(0.476283148540752,0.,-0.879291966536775));
#11133=DIRECTION('center_axis',(-1.85037170770859E-16,0.,-1.));
#11134=DIRECTION('ref_axis',(-1.,0.,1.85037170770859E-16));
#11135=DIRECTION('',(-1.,0.,1.85037170770859E-16));
#11136=DIRECTION('',(0.,1.,0.));
#11137=DIRECTION('',(-1.,0.,1.85037170770859E-16));
#11138=DIRECTION('',(0.,1.,0.));
#11139=DIRECTION('center_axis',(-0.909064822894284,0.,0.416654710493213));
#11140=DIRECTION('ref_axis',(0.416654710493213,0.,0.909064822894284));
#11141=DIRECTION('',(0.416654710493213,0.,0.909064822894284));
#11142=DIRECTION('',(0.416654710493213,0.,0.909064822894284));
#11143=DIRECTION('',(0.,1.,0.));
#11144=DIRECTION('center_axis',(0.879291966536775,0.,0.476283148540752));
#11145=DIRECTION('ref_axis',(0.476283148540752,0.,-0.879291966536775));
#11146=DIRECTION('',(0.476283148540752,0.,-0.879291966536775));
#11147=DIRECTION('',(0.476283148540752,0.,-0.879291966536775));
#11148=DIRECTION('center_axis',(-0.894427190999916,0.,-0.447213595499958));
#11149=DIRECTION('ref_axis',(-0.447213595499958,0.,0.894427190999916));
#11150=DIRECTION('',(-0.447213595499958,0.,0.894427190999916));
#11151=DIRECTION('',(0.,1.,0.));
#11152=DIRECTION('',(-0.447213595499958,0.,0.894427190999916));
#11153=DIRECTION('',(0.,1.,0.));
#11154=DIRECTION('center_axis',(-7.40148683083436E-16,0.,1.));
#11155=DIRECTION('ref_axis',(1.,0.,7.40148683083436E-16));
#11156=DIRECTION('',(1.,0.,7.40148683083436E-16));
#11157=DIRECTION('',(1.,0.,7.40148683083436E-16));
#11158=DIRECTION('',(0.,1.,0.));
#11159=DIRECTION('center_axis',(0.894427190999916,0.,-0.447213595499958));
#11160=DIRECTION('ref_axis',(-0.447213595499958,0.,-0.894427190999916));
#11161=DIRECTION('',(-0.447213595499958,0.,-0.894427190999916));
#11162=DIRECTION('',(-0.447213595499958,0.,-0.894427190999916));
#11163=DIRECTION('center_axis',(-0.894427190999916,0.,-0.447213595499958));
#11164=DIRECTION('ref_axis',(-0.447213595499958,0.,0.894427190999916));
#11165=DIRECTION('',(-0.447213595499958,0.,0.894427190999916));
#11166=DIRECTION('',(0.,1.,0.));
#11167=DIRECTION('',(-0.447213595499958,0.,0.894427190999916));
#11168=DIRECTION('',(0.,1.,0.));
#11169=DIRECTION('center_axis',(-3.70074341541718E-16,0.,1.));
#11170=DIRECTION('ref_axis',(1.,0.,3.70074341541718E-16));
#11171=DIRECTION('',(1.,0.,3.70074341541718E-16));
#11172=DIRECTION('',(1.,0.,3.70074341541718E-16));
#11173=DIRECTION('',(0.,1.,0.));
#11174=DIRECTION('center_axis',(0.894427190999916,0.,-0.447213595499958));
#11175=DIRECTION('ref_axis',(-0.447213595499958,0.,-0.894427190999916));
#11176=DIRECTION('',(-0.447213595499958,0.,-0.894427190999916));
#11177=DIRECTION('',(-0.447213595499958,0.,-0.894427190999916));
#11178=DIRECTION('center_axis',(-0.894427190999916,0.,-0.447213595499958));
#11179=DIRECTION('ref_axis',(-0.447213595499958,0.,0.894427190999916));
#11180=DIRECTION('',(-0.447213595499958,0.,0.894427190999916));
#11181=DIRECTION('',(0.,1.,0.));
#11182=DIRECTION('',(-0.447213595499958,0.,0.894427190999916));
#11183=DIRECTION('',(0.,1.,0.));
#11184=DIRECTION('center_axis',(-7.40148683083436E-16,0.,1.));
#11185=DIRECTION('ref_axis',(1.,0.,7.40148683083436E-16));
#11186=DIRECTION('',(1.,0.,7.40148683083436E-16));
#11187=DIRECTION('',(1.,0.,7.40148683083436E-16));
#11188=DIRECTION('',(0.,1.,0.));
#11189=DIRECTION('center_axis',(0.894427190999916,0.,-0.447213595499958));
#11190=DIRECTION('ref_axis',(-0.447213595499958,0.,-0.894427190999916));
#11191=DIRECTION('',(-0.447213595499958,0.,-0.894427190999916));
#11192=DIRECTION('',(-0.447213595499958,0.,-0.894427190999916));
#11193=DIRECTION('center_axis',(-3.70074341541719E-16,0.,-1.));
#11194=DIRECTION('ref_axis',(-1.,0.,3.70074341541719E-16));
#11195=DIRECTION('',(-1.,0.,3.70074341541719E-16));
#11196=DIRECTION('',(0.,1.,0.));
#11197=DIRECTION('',(-1.,0.,3.70074341541719E-16));
#11198=DIRECTION('',(0.,1.,0.));
#11199=DIRECTION('center_axis',(-0.909064822894284,0.,0.416654710493214));
#11200=DIRECTION('ref_axis',(0.416654710493214,0.,0.909064822894284));
#11201=DIRECTION('',(0.416654710493214,0.,0.909064822894284));
#11202=DIRECTION('',(0.416654710493214,0.,0.909064822894284));
#11203=DIRECTION('',(0.,1.,0.));
#11204=DIRECTION('center_axis',(0.879291966536775,0.,0.476283148540752));
#11205=DIRECTION('ref_axis',(0.476283148540752,0.,-0.879291966536775));
#11206=DIRECTION('',(0.476283148540752,0.,-0.879291966536775));
#11207=DIRECTION('',(0.476283148540752,0.,-0.879291966536775));
#11208=DIRECTION('center_axis',(-1.85037170770859E-16,0.,-1.));
#11209=DIRECTION('ref_axis',(-1.,0.,1.85037170770859E-16));
#11210=DIRECTION('',(-1.,0.,1.85037170770859E-16));
#11211=DIRECTION('',(0.,1.,0.));
#11212=DIRECTION('',(-1.,0.,1.85037170770859E-16));
#11213=DIRECTION('',(0.,1.,0.));
#11214=DIRECTION('center_axis',(-0.909064822894284,0.,0.416654710493214));
#11215=DIRECTION('ref_axis',(0.416654710493214,0.,0.909064822894284));
#11216=DIRECTION('',(0.416654710493213,0.,0.909064822894284));
#11217=DIRECTION('',(0.416654710493213,0.,0.909064822894284));
#11218=DIRECTION('',(0.,1.,0.));
#11219=DIRECTION('center_axis',(0.879291966536775,0.,0.476283148540752));
#11220=DIRECTION('ref_axis',(0.476283148540752,0.,-0.879291966536775));
#11221=DIRECTION('',(0.476283148540752,0.,-0.879291966536775));
#11222=DIRECTION('',(0.476283148540752,0.,-0.879291966536775));
#11223=DIRECTION('center_axis',(-1.85037170770859E-16,0.,-1.));
#11224=DIRECTION('ref_axis',(-1.,0.,1.85037170770859E-16));
#11225=DIRECTION('',(-1.,0.,1.85037170770859E-16));
#11226=DIRECTION('',(0.,1.,0.));
#11227=DIRECTION('',(-1.,0.,1.85037170770859E-16));
#11228=DIRECTION('',(0.,1.,0.));
#11229=DIRECTION('center_axis',(-0.909064822894284,0.,0.416654710493214));
#11230=DIRECTION('ref_axis',(0.416654710493214,0.,0.909064822894284));
#11231=DIRECTION('',(0.416654710493214,0.,0.909064822894284));
#11232=DIRECTION('',(0.416654710493214,0.,0.909064822894284));
#11233=DIRECTION('',(0.,1.,0.));
#11234=DIRECTION('center_axis',(0.879291966536775,0.,0.476283148540752));
#11235=DIRECTION('ref_axis',(0.476283148540752,0.,-0.879291966536775));
#11236=DIRECTION('',(0.476283148540752,0.,-0.879291966536775));
#11237=DIRECTION('',(0.476283148540752,0.,-0.879291966536775));
#11238=DIRECTION('center_axis',(-1.85037170770859E-16,0.,-1.));
#11239=DIRECTION('ref_axis',(-1.,0.,1.85037170770859E-16));
#11240=DIRECTION('',(-1.,0.,1.85037170770859E-16));
#11241=DIRECTION('',(0.,1.,0.));
#11242=DIRECTION('',(-1.,0.,1.85037170770859E-16));
#11243=DIRECTION('',(0.,1.,0.));
#11244=DIRECTION('center_axis',(-0.909064822894284,0.,0.416654710493214));
#11245=DIRECTION('ref_axis',(0.416654710493214,0.,0.909064822894284));
#11246=DIRECTION('',(0.416654710493214,0.,0.909064822894284));
#11247=DIRECTION('',(0.416654710493214,0.,0.909064822894284));
#11248=DIRECTION('',(0.,1.,0.));
#11249=DIRECTION('center_axis',(0.879291966536775,0.,0.476283148540752));
#11250=DIRECTION('ref_axis',(0.476283148540752,0.,-0.879291966536775));
#11251=DIRECTION('',(0.476283148540752,0.,-0.879291966536775));
#11252=DIRECTION('',(0.476283148540752,0.,-0.879291966536775));
#11253=DIRECTION('center_axis',(-3.70074341541719E-16,0.,-1.));
#11254=DIRECTION('ref_axis',(-1.,0.,3.70074341541719E-16));
#11255=DIRECTION('',(-1.,0.,3.70074341541719E-16));
#11256=DIRECTION('',(0.,1.,0.));
#11257=DIRECTION('',(-1.,0.,3.70074341541719E-16));
#11258=DIRECTION('',(0.,1.,0.));
#11259=DIRECTION('center_axis',(-0.909064822894284,0.,0.416654710493214));
#11260=DIRECTION('ref_axis',(0.416654710493214,0.,0.909064822894284));
#11261=DIRECTION('',(0.416654710493214,0.,0.909064822894284));
#11262=DIRECTION('',(0.416654710493214,0.,0.909064822894284));
#11263=DIRECTION('',(0.,1.,0.));
#11264=DIRECTION('center_axis',(0.879291966536775,0.,0.476283148540752));
#11265=DIRECTION('ref_axis',(0.476283148540752,0.,-0.879291966536775));
#11266=DIRECTION('',(0.476283148540752,0.,-0.879291966536775));
#11267=DIRECTION('',(0.476283148540752,0.,-0.879291966536775));
#11268=DIRECTION('center_axis',(-1.85037170770859E-16,0.,-1.));
#11269=DIRECTION('ref_axis',(-1.,0.,1.85037170770859E-16));
#11270=DIRECTION('',(-1.,0.,1.85037170770859E-16));
#11271=DIRECTION('',(0.,1.,0.));
#11272=DIRECTION('',(-1.,0.,1.85037170770859E-16));
#11273=DIRECTION('',(0.,1.,0.));
#11274=DIRECTION('center_axis',(-0.909064822894284,0.,0.416654710493213));
#11275=DIRECTION('ref_axis',(0.416654710493213,0.,0.909064822894284));
#11276=DIRECTION('',(0.416654710493213,0.,0.909064822894284));
#11277=DIRECTION('',(0.416654710493213,0.,0.909064822894284));
#11278=DIRECTION('',(0.,1.,0.));
#11279=DIRECTION('center_axis',(0.879291966536775,0.,0.476283148540752));
#11280=DIRECTION('ref_axis',(0.476283148540752,0.,-0.879291966536775));
#11281=DIRECTION('',(0.476283148540752,0.,-0.879291966536775));
#11282=DIRECTION('',(0.476283148540752,0.,-0.879291966536775));
#11283=DIRECTION('center_axis',(-0.894427190999916,0.,-0.447213595499958));
#11284=DIRECTION('ref_axis',(-0.447213595499958,0.,0.894427190999916));
#11285=DIRECTION('',(-0.447213595499958,0.,0.894427190999916));
#11286=DIRECTION('',(0.,1.,0.));
#11287=DIRECTION('',(-0.447213595499958,0.,0.894427190999916));
#11288=DIRECTION('',(0.,1.,0.));
#11289=DIRECTION('center_axis',(-2.77555756156289E-16,0.,1.));
#11290=DIRECTION('ref_axis',(1.,0.,2.77555756156289E-16));
#11291=DIRECTION('',(1.,0.,2.77555756156289E-16));
#11292=DIRECTION('',(1.,0.,2.77555756156289E-16));
#11293=DIRECTION('',(0.,1.,0.));
#11294=DIRECTION('center_axis',(0.894427190999915,0.,-0.447213595499959));
#11295=DIRECTION('ref_axis',(-0.447213595499959,0.,-0.894427190999915));
#11296=DIRECTION('',(-0.447213595499959,0.,-0.894427190999915));
#11297=DIRECTION('',(-0.447213595499959,0.,-0.894427190999915));
#11298=DIRECTION('center_axis',(-1.85037170770859E-16,0.,-1.));
#11299=DIRECTION('ref_axis',(-1.,0.,1.85037170770859E-16));
#11300=DIRECTION('',(-1.,0.,1.85037170770859E-16));
#11301=DIRECTION('',(0.,1.,0.));
#11302=DIRECTION('',(-1.,0.,1.85037170770859E-16));
#11303=DIRECTION('',(0.,1.,0.));
#11304=DIRECTION('center_axis',(-0.909064822894284,0.,0.416654710493213));
#11305=DIRECTION('ref_axis',(0.416654710493213,0.,0.909064822894284));
#11306=DIRECTION('',(0.416654710493213,0.,0.909064822894284));
#11307=DIRECTION('',(0.416654710493213,0.,0.909064822894284));
#11308=DIRECTION('',(0.,1.,0.));
#11309=DIRECTION('center_axis',(0.879291966536775,0.,0.476283148540752));
#11310=DIRECTION('ref_axis',(0.476283148540752,0.,-0.879291966536775));
#11311=DIRECTION('',(0.476283148540752,0.,-0.879291966536775));
#11312=DIRECTION('',(0.476283148540752,0.,-0.879291966536775));
#11313=DIRECTION('center_axis',(-3.70074341541719E-16,0.,-1.));
#11314=DIRECTION('ref_axis',(-1.,0.,3.70074341541719E-16));
#11315=DIRECTION('',(-1.,0.,3.70074341541719E-16));
#11316=DIRECTION('',(0.,1.,0.));
#11317=DIRECTION('',(-1.,0.,3.70074341541719E-16));
#11318=DIRECTION('',(0.,1.,0.));
#11319=DIRECTION('center_axis',(-0.909064822894284,0.,0.416654710493214));
#11320=DIRECTION('ref_axis',(0.416654710493214,0.,0.909064822894284));
#11321=DIRECTION('',(0.416654710493214,0.,0.909064822894284));
#11322=DIRECTION('',(0.416654710493214,0.,0.909064822894284));
#11323=DIRECTION('',(0.,1.,0.));
#11324=DIRECTION('center_axis',(0.879291966536775,0.,0.476283148540752));
#11325=DIRECTION('ref_axis',(0.476283148540752,0.,-0.879291966536775));
#11326=DIRECTION('',(0.476283148540752,0.,-0.879291966536775));
#11327=DIRECTION('',(0.476283148540752,0.,-0.879291966536775));
#11328=DIRECTION('center_axis',(-3.70074341541719E-16,0.,-1.));
#11329=DIRECTION('ref_axis',(-1.,0.,3.70074341541719E-16));
#11330=DIRECTION('',(-1.,0.,3.70074341541719E-16));
#11331=DIRECTION('',(0.,1.,0.));
#11332=DIRECTION('',(-1.,0.,3.70074341541719E-16));
#11333=DIRECTION('',(0.,1.,0.));
#11334=DIRECTION('center_axis',(-0.909064822894284,0.,0.416654710493214));
#11335=DIRECTION('ref_axis',(0.416654710493214,0.,0.909064822894284));
#11336=DIRECTION('',(0.416654710493214,0.,0.909064822894284));
#11337=DIRECTION('',(0.416654710493214,0.,0.909064822894284));
#11338=DIRECTION('',(0.,1.,0.));
#11339=DIRECTION('center_axis',(0.879291966536775,0.,0.476283148540752));
#11340=DIRECTION('ref_axis',(0.476283148540752,0.,-0.879291966536775));
#11341=DIRECTION('',(0.476283148540752,0.,-0.879291966536775));
#11342=DIRECTION('',(0.476283148540752,0.,-0.879291966536775));
#11343=DIRECTION('center_axis',(-0.894427190999916,0.,-0.447213595499958));
#11344=DIRECTION('ref_axis',(-0.447213595499958,0.,0.894427190999916));
#11345=DIRECTION('',(-0.447213595499958,0.,0.894427190999916));
#11346=DIRECTION('',(0.,1.,0.));
#11347=DIRECTION('',(-0.447213595499958,0.,0.894427190999916));
#11348=DIRECTION('',(0.,1.,0.));
#11349=DIRECTION('center_axis',(-3.70074341541718E-16,0.,1.));
#11350=DIRECTION('ref_axis',(1.,0.,3.70074341541718E-16));
#11351=DIRECTION('',(1.,0.,3.70074341541718E-16));
#11352=DIRECTION('',(1.,0.,3.70074341541718E-16));
#11353=DIRECTION('',(0.,1.,0.));
#11354=DIRECTION('center_axis',(0.894427190999916,0.,-0.447213595499959));
#11355=DIRECTION('ref_axis',(-0.447213595499959,0.,-0.894427190999916));
#11356=DIRECTION('',(-0.447213595499959,0.,-0.894427190999916));
#11357=DIRECTION('',(-0.447213595499959,0.,-0.894427190999916));
#11358=DIRECTION('center_axis',(-3.70074341541719E-16,0.,-1.));
#11359=DIRECTION('ref_axis',(-1.,0.,3.70074341541719E-16));
#11360=DIRECTION('',(-1.,0.,3.70074341541719E-16));
#11361=DIRECTION('',(0.,1.,0.));
#11362=DIRECTION('',(-1.,0.,3.70074341541719E-16));
#11363=DIRECTION('',(0.,1.,0.));
#11364=DIRECTION('center_axis',(-0.909064822894284,0.,0.416654710493214));
#11365=DIRECTION('ref_axis',(0.416654710493214,0.,0.909064822894284));
#11366=DIRECTION('',(0.416654710493214,0.,0.909064822894284));
#11367=DIRECTION('',(0.416654710493214,0.,0.909064822894284));
#11368=DIRECTION('',(0.,1.,0.));
#11369=DIRECTION('center_axis',(0.879291966536775,0.,0.476283148540752));
#11370=DIRECTION('ref_axis',(0.476283148540752,0.,-0.879291966536775));
#11371=DIRECTION('',(0.476283148540752,0.,-0.879291966536775));
#11372=DIRECTION('',(0.476283148540752,0.,-0.879291966536775));
#11373=DIRECTION('center_axis',(0.,1.,0.));
#11374=DIRECTION('ref_axis',(1.,0.,0.));
#11375=DIRECTION('center_axis',(0.,-1.,0.));
#11376=DIRECTION('ref_axis',(1.,0.,0.));
#11377=DIRECTION('',(0.,-1.,0.));
#11378=DIRECTION('center_axis',(0.,-1.,0.));
#11379=DIRECTION('ref_axis',(1.,0.,0.));
#11380=DIRECTION('center_axis',(-0.894427190999916,0.,-0.447213595499958));
#11381=DIRECTION('ref_axis',(-0.447213595499958,0.,0.894427190999916));
#11382=DIRECTION('',(-0.447213595499958,0.,0.894427190999916));
#11383=DIRECTION('',(0.,1.,0.));
#11384=DIRECTION('',(-0.447213595499958,0.,0.894427190999916));
#11385=DIRECTION('',(0.,1.,0.));
#11386=DIRECTION('center_axis',(-3.70074341541718E-16,0.,1.));
#11387=DIRECTION('ref_axis',(1.,0.,3.70074341541718E-16));
#11388=DIRECTION('',(1.,0.,3.70074341541718E-16));
#11389=DIRECTION('',(1.,0.,3.70074341541718E-16));
#11390=DIRECTION('',(0.,1.,0.));
#11391=DIRECTION('center_axis',(0.894427190999916,0.,-0.447213595499959));
#11392=DIRECTION('ref_axis',(-0.447213595499959,0.,-0.894427190999916));
#11393=DIRECTION('',(-0.447213595499959,0.,-0.894427190999916));
#11394=DIRECTION('',(-0.447213595499959,0.,-0.894427190999916));
#11395=DIRECTION('center_axis',(-0.894427190999916,0.,-0.447213595499958));
#11396=DIRECTION('ref_axis',(-0.447213595499958,0.,0.894427190999916));
#11397=DIRECTION('',(-0.447213595499958,0.,0.894427190999916));
#11398=DIRECTION('',(0.,1.,0.));
#11399=DIRECTION('',(-0.447213595499958,0.,0.894427190999916));
#11400=DIRECTION('',(0.,1.,0.));
#11401=DIRECTION('center_axis',(-3.70074341541718E-16,0.,1.));
#11402=DIRECTION('ref_axis',(1.,0.,3.70074341541718E-16));
#11403=DIRECTION('',(1.,0.,3.70074341541718E-16));
#11404=DIRECTION('',(1.,0.,3.70074341541718E-16));
#11405=DIRECTION('',(0.,1.,0.));
#11406=DIRECTION('center_axis',(0.894427190999916,0.,-0.447213595499959));
#11407=DIRECTION('ref_axis',(-0.447213595499959,0.,-0.894427190999916));
#11408=DIRECTION('',(-0.447213595499959,0.,-0.894427190999916));
#11409=DIRECTION('',(-0.447213595499959,0.,-0.894427190999916));
#11410=DIRECTION('center_axis',(-3.70074341541719E-16,0.,-1.));
#11411=DIRECTION('ref_axis',(-1.,0.,3.70074341541719E-16));
#11412=DIRECTION('',(-1.,0.,3.70074341541719E-16));
#11413=DIRECTION('',(0.,1.,0.));
#11414=DIRECTION('',(-1.,0.,3.70074341541719E-16));
#11415=DIRECTION('',(0.,1.,0.));
#11416=DIRECTION('center_axis',(-0.909064822894284,0.,0.416654710493214));
#11417=DIRECTION('ref_axis',(0.416654710493214,0.,0.909064822894284));
#11418=DIRECTION('',(0.416654710493214,0.,0.909064822894284));
#11419=DIRECTION('',(0.416654710493214,0.,0.909064822894284));
#11420=DIRECTION('',(0.,1.,0.));
#11421=DIRECTION('center_axis',(0.879291966536775,0.,0.476283148540752));
#11422=DIRECTION('ref_axis',(0.476283148540752,0.,-0.879291966536775));
#11423=DIRECTION('',(0.476283148540752,0.,-0.879291966536775));
#11424=DIRECTION('',(0.476283148540752,0.,-0.879291966536775));
#11425=DIRECTION('center_axis',(-0.894427190999916,0.,-0.447213595499958));
#11426=DIRECTION('ref_axis',(-0.447213595499958,0.,0.894427190999916));
#11427=DIRECTION('',(-0.447213595499958,0.,0.894427190999916));
#11428=DIRECTION('',(0.,1.,0.));
#11429=DIRECTION('',(-0.447213595499958,0.,0.894427190999916));
#11430=DIRECTION('',(0.,1.,0.));
#11431=DIRECTION('center_axis',(-3.70074341541718E-16,0.,1.));
#11432=DIRECTION('ref_axis',(1.,0.,3.70074341541718E-16));
#11433=DIRECTION('',(1.,0.,3.70074341541718E-16));
#11434=DIRECTION('',(1.,0.,3.70074341541718E-16));
#11435=DIRECTION('',(0.,1.,0.));
#11436=DIRECTION('center_axis',(0.894427190999916,0.,-0.447213595499958));
#11437=DIRECTION('ref_axis',(-0.447213595499958,0.,-0.894427190999916));
#11438=DIRECTION('',(-0.447213595499958,0.,-0.894427190999916));
#11439=DIRECTION('',(-0.447213595499958,0.,-0.894427190999916));
#11440=DIRECTION('center_axis',(-0.894427190999916,0.,-0.447213595499958));
#11441=DIRECTION('ref_axis',(-0.447213595499958,0.,0.894427190999916));
#11442=DIRECTION('',(-0.447213595499958,0.,0.894427190999916));
#11443=DIRECTION('',(0.,1.,0.));
#11444=DIRECTION('',(-0.447213595499958,0.,0.894427190999916));
#11445=DIRECTION('',(0.,1.,0.));
#11446=DIRECTION('center_axis',(-3.70074341541718E-16,0.,1.));
#11447=DIRECTION('ref_axis',(1.,0.,3.70074341541718E-16));
#11448=DIRECTION('',(1.,0.,3.70074341541718E-16));
#11449=DIRECTION('',(1.,0.,3.70074341541718E-16));
#11450=DIRECTION('',(0.,1.,0.));
#11451=DIRECTION('center_axis',(0.894427190999916,0.,-0.447213595499959));
#11452=DIRECTION('ref_axis',(-0.447213595499959,0.,-0.894427190999916));
#11453=DIRECTION('',(-0.447213595499959,0.,-0.894427190999916));
#11454=DIRECTION('',(-0.447213595499959,0.,-0.894427190999916));
#11455=DIRECTION('center_axis',(-3.70074341541719E-16,0.,-1.));
#11456=DIRECTION('ref_axis',(-1.,0.,3.70074341541719E-16));
#11457=DIRECTION('',(-1.,0.,3.70074341541719E-16));
#11458=DIRECTION('',(0.,1.,0.));
#11459=DIRECTION('',(-1.,0.,3.70074341541719E-16));
#11460=DIRECTION('',(0.,1.,0.));
#11461=DIRECTION('center_axis',(-0.909064822894284,0.,0.416654710493214));
#11462=DIRECTION('ref_axis',(0.416654710493214,0.,0.909064822894284));
#11463=DIRECTION('',(0.416654710493214,0.,0.909064822894284));
#11464=DIRECTION('',(0.416654710493214,0.,0.909064822894284));
#11465=DIRECTION('',(0.,1.,0.));
#11466=DIRECTION('center_axis',(0.879291966536775,0.,0.476283148540752));
#11467=DIRECTION('ref_axis',(0.476283148540752,0.,-0.879291966536775));
#11468=DIRECTION('',(0.476283148540752,0.,-0.879291966536775));
#11469=DIRECTION('',(0.476283148540752,0.,-0.879291966536775));
#11470=DIRECTION('center_axis',(-0.894427190999916,0.,-0.447213595499958));
#11471=DIRECTION('ref_axis',(-0.447213595499958,0.,0.894427190999916));
#11472=DIRECTION('',(-0.447213595499958,0.,0.894427190999916));
#11473=DIRECTION('',(0.,1.,0.));
#11474=DIRECTION('',(-0.447213595499958,0.,0.894427190999916));
#11475=DIRECTION('',(0.,1.,0.));
#11476=DIRECTION('center_axis',(-3.70074341541718E-16,0.,1.));
#11477=DIRECTION('ref_axis',(1.,0.,3.70074341541718E-16));
#11478=DIRECTION('',(1.,0.,3.70074341541718E-16));
#11479=DIRECTION('',(1.,0.,3.70074341541718E-16));
#11480=DIRECTION('',(0.,1.,0.));
#11481=DIRECTION('center_axis',(0.894427190999916,0.,-0.447213595499958));
#11482=DIRECTION('ref_axis',(-0.447213595499958,0.,-0.894427190999916));
#11483=DIRECTION('',(-0.447213595499958,0.,-0.894427190999916));
#11484=DIRECTION('',(-0.447213595499958,0.,-0.894427190999916));
#11485=DIRECTION('center_axis',(-0.894427190999916,0.,-0.447213595499958));
#11486=DIRECTION('ref_axis',(-0.447213595499958,0.,0.894427190999916));
#11487=DIRECTION('',(-0.447213595499958,0.,0.894427190999916));
#11488=DIRECTION('',(0.,1.,0.));
#11489=DIRECTION('',(-0.447213595499958,0.,0.894427190999916));
#11490=DIRECTION('',(0.,1.,0.));
#11491=DIRECTION('center_axis',(-7.40148683083437E-16,0.,1.));
#11492=DIRECTION('ref_axis',(1.,0.,7.40148683083437E-16));
#11493=DIRECTION('',(1.,0.,7.40148683083437E-16));
#11494=DIRECTION('',(1.,0.,7.40148683083437E-16));
#11495=DIRECTION('',(0.,1.,0.));
#11496=DIRECTION('center_axis',(0.894427190999916,0.,-0.447213595499959));
#11497=DIRECTION('ref_axis',(-0.447213595499959,0.,-0.894427190999916));
#11498=DIRECTION('',(-0.447213595499959,0.,-0.894427190999916));
#11499=DIRECTION('',(-0.447213595499959,0.,-0.894427190999916));
#11500=DIRECTION('center_axis',(-0.894427190999916,0.,-0.447213595499958));
#11501=DIRECTION('ref_axis',(-0.447213595499958,0.,0.894427190999916));
#11502=DIRECTION('',(-0.447213595499958,0.,0.894427190999916));
#11503=DIRECTION('',(0.,1.,0.));
#11504=DIRECTION('',(-0.447213595499958,0.,0.894427190999916));
#11505=DIRECTION('',(0.,1.,0.));
#11506=DIRECTION('center_axis',(-2.77555756156289E-16,0.,1.));
#11507=DIRECTION('ref_axis',(1.,0.,2.77555756156289E-16));
#11508=DIRECTION('',(1.,0.,2.77555756156289E-16));
#11509=DIRECTION('',(1.,0.,2.77555756156289E-16));
#11510=DIRECTION('',(0.,1.,0.));
#11511=DIRECTION('center_axis',(0.894427190999916,0.,-0.447213595499959));
#11512=DIRECTION('ref_axis',(-0.447213595499959,0.,-0.894427190999916));
#11513=DIRECTION('',(-0.447213595499959,0.,-0.894427190999916));
#11514=DIRECTION('',(-0.447213595499959,0.,-0.894427190999916));
#11515=DIRECTION('center_axis',(1.,0.,0.));
#11516=DIRECTION('ref_axis',(0.,0.,-1.));
#11517=DIRECTION('',(0.,0.,1.));
#11518=DIRECTION('',(0.,1.,0.));
#11519=DIRECTION('',(0.,0.,-1.));
#11520=DIRECTION('',(0.,1.,0.));
#11521=DIRECTION('center_axis',(9.61232055952517E-17,0.,1.));
#11522=DIRECTION('ref_axis',(1.,0.,-9.61232055952517E-17));
#11523=DIRECTION('',(-1.,0.,9.61232055952517E-17));
#11524=DIRECTION('',(1.,0.,-9.61232055952517E-17));
#11525=DIRECTION('',(0.,1.,0.));
#11526=DIRECTION('center_axis',(-1.,0.,1.63268091856641E-16));
#11527=DIRECTION('ref_axis',(1.63268091856641E-16,0.,1.));
#11528=DIRECTION('',(-1.63268091856641E-16,0.,-1.));
#11529=DIRECTION('',(1.63268091856641E-16,0.,1.));
#11530=DIRECTION('',(0.,1.,0.));
#11531=DIRECTION('center_axis',(0.,0.,-1.));
#11532=DIRECTION('ref_axis',(-1.,0.,0.));
#11533=DIRECTION('',(1.,0.,0.));
#11534=DIRECTION('',(-1.,0.,0.));
#11535=DIRECTION('center_axis',(0.,1.,0.));
#11536=DIRECTION('ref_axis',(1.,0.,0.));
#11537=DIRECTION('center_axis',(0.,1.,0.));
#11538=DIRECTION('ref_axis',(1.,0.,0.));
#11539=CARTESIAN_POINT('',(0.,0.,0.));
#11540=CARTESIAN_POINT('Origin',(-87.,0.,49.));
#11541=CARTESIAN_POINT('',(-89.75,0.,49.));
#11542=CARTESIAN_POINT('Origin',(-87.,0.,49.));
#11543=CARTESIAN_POINT('',(-89.75,3.,49.));
#11544=CARTESIAN_POINT('',(-89.75,0.,49.));
#11545=CARTESIAN_POINT('Origin',(-87.,3.,49.));
#11546=CARTESIAN_POINT('Origin',(-87.,3.,49.));
#11547=CARTESIAN_POINT('',(-88.6,3.,49.));
#11548=CARTESIAN_POINT('Origin',(-87.,3.,49.));
#11549=CARTESIAN_POINT('Origin',(87.,0.,49.));
#11550=CARTESIAN_POINT('',(84.25,0.,49.));
#11551=CARTESIAN_POINT('Origin',(87.,0.,49.));
#11552=CARTESIAN_POINT('',(84.25,3.,49.));
#11553=CARTESIAN_POINT('',(84.25,0.,49.));
#11554=CARTESIAN_POINT('Origin',(87.,3.,49.));
#11555=CARTESIAN_POINT('Origin',(87.,3.,49.));
#11556=CARTESIAN_POINT('',(85.4,3.,49.));
#11557=CARTESIAN_POINT('Origin',(87.,3.,49.));
#11558=CARTESIAN_POINT('Origin',(-87.,0.,-49.));
#11559=CARTESIAN_POINT('',(-89.75,0.,-49.));
#11560=CARTESIAN_POINT('Origin',(-87.,0.,-49.));
#11561=CARTESIAN_POINT('',(-89.75,3.,-49.));
#11562=CARTESIAN_POINT('',(-89.75,0.,-49.));
#11563=CARTESIAN_POINT('Origin',(-87.,3.,-49.));
#11564=CARTESIAN_POINT('Origin',(-87.,3.,-49.));
#11565=CARTESIAN_POINT('',(-88.6,3.,-49.));
#11566=CARTESIAN_POINT('Origin',(-87.,3.,-49.));
#11567=CARTESIAN_POINT('Origin',(87.,0.,-49.));
#11568=CARTESIAN_POINT('',(84.25,0.,-49.));
#11569=CARTESIAN_POINT('Origin',(87.,0.,-49.));
#11570=CARTESIAN_POINT('',(84.25,3.,-49.));
#11571=CARTESIAN_POINT('',(84.25,0.,-49.));
#11572=CARTESIAN_POINT('Origin',(87.,3.,-49.));
#11573=CARTESIAN_POINT('Origin',(87.,3.,-49.));
#11574=CARTESIAN_POINT('',(85.4,3.,-49.));
#11575=CARTESIAN_POINT('Origin',(87.,3.,-49.));
#11576=CARTESIAN_POINT('Origin',(-87.,0.,49.));
#11577=CARTESIAN_POINT('',(-83.47,1.4,52.5410591635837));
#11578=CARTESIAN_POINT('',(-83.47,1.4,45.4589408364163));
#11579=CARTESIAN_POINT('Origin',(-87.,1.4,49.));
#11580=CARTESIAN_POINT('',(-83.47,6.6,52.5410591635837));
#11581=CARTESIAN_POINT('',(-83.47,0.,52.5410591635837));
#11582=CARTESIAN_POINT('',(-83.47,6.6,45.4589408364163));
#11583=CARTESIAN_POINT('Origin',(-87.,6.6,49.));
#11584=CARTESIAN_POINT('',(-83.47,0.,45.4589408364163));
#11585=CARTESIAN_POINT('Origin',(-87.,0.,49.));
#11586=CARTESIAN_POINT('',(-88.6,6.6,49.));
#11587=CARTESIAN_POINT('Origin',(-87.,6.6,49.));
#11588=CARTESIAN_POINT('',(-88.6,0.,49.));
#11589=CARTESIAN_POINT('Origin',(-83.47,0.,52.5410591635837));
#11590=CARTESIAN_POINT('',(-83.47,1.4,45.4589408364163));
#11591=CARTESIAN_POINT('',(-83.47,6.6,45.4589408364163));
#11592=CARTESIAN_POINT('Origin',(-87.735,6.6,49.));
#11593=CARTESIAN_POINT('Origin',(-87.,0.,-49.));
#11594=CARTESIAN_POINT('',(-83.47,1.4,-45.4589408364163));
#11595=CARTESIAN_POINT('',(-83.47,1.4,-52.5410591635837));
#11596=CARTESIAN_POINT('Origin',(-87.,1.4,-49.));
#11597=CARTESIAN_POINT('',(-83.47,6.6,-45.4589408364163));
#11598=CARTESIAN_POINT('',(-83.47,0.,-45.4589408364163));
#11599=CARTESIAN_POINT('',(-83.47,6.6,-52.5410591635837));
#11600=CARTESIAN_POINT('Origin',(-87.,6.6,-49.));
#11601=CARTESIAN_POINT('',(-83.47,0.,-52.5410591635837));
#11602=CARTESIAN_POINT('Origin',(-87.,0.,-49.));
#11603=CARTESIAN_POINT('',(-88.6,6.6,-49.));
#11604=CARTESIAN_POINT('Origin',(-87.,6.6,-49.));
#11605=CARTESIAN_POINT('',(-88.6,0.,-49.));
#11606=CARTESIAN_POINT('Origin',(-83.47,0.,-45.4589408364163));
#11607=CARTESIAN_POINT('',(-83.47,1.4,-52.5410591635837));
#11608=CARTESIAN_POINT('',(-83.47,6.6,-52.5410591635837));
#11609=CARTESIAN_POINT('Origin',(-87.735,6.6,-49.));
#11610=CARTESIAN_POINT('Origin',(83.47,0.,45.4589408364163));
#11611=CARTESIAN_POINT('',(83.47,1.4,52.5410591635837));
#11612=CARTESIAN_POINT('',(83.47,1.4,45.4589408364163));
#11613=CARTESIAN_POINT('',(83.47,1.4,52.5410591635837));
#11614=CARTESIAN_POINT('',(83.47,6.6,52.5410591635837));
#11615=CARTESIAN_POINT('',(83.47,0.,52.5410591635837));
#11616=CARTESIAN_POINT('',(83.47,6.6,45.4589408364163));
#11617=CARTESIAN_POINT('',(83.47,6.6,52.5410591635837));
#11618=CARTESIAN_POINT('',(83.47,0.,45.4589408364163));
#11619=CARTESIAN_POINT('Origin',(87.,0.,49.));
#11620=CARTESIAN_POINT('',(85.4,6.6,49.));
#11621=CARTESIAN_POINT('Origin',(87.,6.6,49.));
#11622=CARTESIAN_POINT('',(85.4,0.,49.));
#11623=CARTESIAN_POINT('Origin',(87.,0.,49.));
#11624=CARTESIAN_POINT('Origin',(87.,1.4,49.));
#11625=CARTESIAN_POINT('Origin',(87.,6.6,49.));
#11626=CARTESIAN_POINT('Origin',(87.735,6.6,49.));
#11627=CARTESIAN_POINT('Origin',(83.47,0.,-52.5410591635837));
#11628=CARTESIAN_POINT('',(83.47,1.4,-45.4589408364163));
#11629=CARTESIAN_POINT('',(83.47,1.4,-52.5410591635837));
#11630=CARTESIAN_POINT('',(83.47,1.4,-45.4589408364163));
#11631=CARTESIAN_POINT('',(83.47,6.6,-45.4589408364163));
#11632=CARTESIAN_POINT('',(83.47,0.,-45.4589408364163));
#11633=CARTESIAN_POINT('',(83.47,6.6,-52.5410591635837));
#11634=CARTESIAN_POINT('',(83.47,6.6,-45.4589408364163));
#11635=CARTESIAN_POINT('',(83.47,0.,-52.5410591635837));
#11636=CARTESIAN_POINT('Origin',(87.,0.,-49.));
#11637=CARTESIAN_POINT('',(85.4,6.6,-49.));
#11638=CARTESIAN_POINT('Origin',(87.,6.6,-49.));
#11639=CARTESIAN_POINT('',(85.4,0.,-49.));
#11640=CARTESIAN_POINT('Origin',(87.,0.,-49.));
#11641=CARTESIAN_POINT('Origin',(87.,1.4,-49.));
#11642=CARTESIAN_POINT('Origin',(87.,6.6,-49.));
#11643=CARTESIAN_POINT('Origin',(87.735,6.6,-49.));
#11644=CARTESIAN_POINT('Origin',(-16.106519172275,0.,-7.04816823966288));
#11645=CARTESIAN_POINT('',(-16.106519172275,0.,-7.04816823966289));
#11646=CARTESIAN_POINT('',(-22.106519172275,0.,4.95183176033712));
#11647=CARTESIAN_POINT('',(-22.106519172275,0.,4.95183176033712));
#11648=CARTESIAN_POINT('',(-22.106519172275,1.4,4.95183176033712));
#11649=CARTESIAN_POINT('',(-22.106519172275,0.,4.95183176033712));
#11650=CARTESIAN_POINT('',(-16.106519172275,1.4,-7.04816823966288));
#11651=CARTESIAN_POINT('',(-22.106519172275,1.4,4.95183176033712));
#11652=CARTESIAN_POINT('',(-16.106519172275,0.,-7.04816823966289));
#11653=CARTESIAN_POINT('Origin',(-28.106519172275,0.,-7.04816823966289));
#11654=CARTESIAN_POINT('',(-28.106519172275,0.,-7.04816823966289));
#11655=CARTESIAN_POINT('',(-28.106519172275,0.,-7.04816823966289));
#11656=CARTESIAN_POINT('',(-28.106519172275,1.4,-7.04816823966289));
#11657=CARTESIAN_POINT('',(-28.106519172275,1.4,-7.04816823966289));
#11658=CARTESIAN_POINT('',(-28.106519172275,0.,-7.04816823966289));
#11659=CARTESIAN_POINT('Origin',(-22.106519172275,0.,4.95183176033712));
#11660=CARTESIAN_POINT('',(-28.106519172275,0.,-7.04816823966289));
#11661=CARTESIAN_POINT('',(-28.106519172275,1.4,-7.04816823966289));
#11662=CARTESIAN_POINT('Origin',(-87.,0.,-40.2));
#11663=CARTESIAN_POINT('',(-88.6,1.4,-40.2));
#11664=CARTESIAN_POINT('Origin',(-87.,1.4,-40.2));
#11665=CARTESIAN_POINT('',(-88.6,0.,-40.2));
#11666=CARTESIAN_POINT('',(-88.6,0.,-40.2));
#11667=CARTESIAN_POINT('Origin',(-87.,0.,-40.2));
#11668=CARTESIAN_POINT('Origin',(69.3826155406,0.,22.1530529338952));
#11669=CARTESIAN_POINT('',(69.3826155406,0.,22.1530529338952));
#11670=CARTESIAN_POINT('',(63.3826155406,0.,34.1530529338952));
#11671=CARTESIAN_POINT('',(63.3826155406,0.,34.1530529338952));
#11672=CARTESIAN_POINT('',(63.3826155406,1.4,34.1530529338952));
#11673=CARTESIAN_POINT('',(63.3826155406,0.,34.1530529338952));
#11674=CARTESIAN_POINT('',(69.3826155406001,1.4,22.1530529338952));
#11675=CARTESIAN_POINT('',(63.3826155406,1.4,34.1530529338952));
#11676=CARTESIAN_POINT('',(69.3826155406,0.,22.1530529338952));
#11677=CARTESIAN_POINT('Origin',(57.3826155406,0.,22.1530529338952));
#11678=CARTESIAN_POINT('',(57.3826155406,0.,22.1530529338952));
#11679=CARTESIAN_POINT('',(57.3826155406,0.,22.1530529338952));
#11680=CARTESIAN_POINT('',(57.3826155406,1.4,22.1530529338952));
#11681=CARTESIAN_POINT('',(57.3826155406,1.4,22.1530529338952));
#11682=CARTESIAN_POINT('',(57.3826155406,0.,22.1530529338952));
#11683=CARTESIAN_POINT('Origin',(63.3826155406,0.,34.1530529338952));
#11684=CARTESIAN_POINT('',(57.3826155406,0.,22.1530529338952));
#11685=CARTESIAN_POINT('',(57.3826155406,1.4,22.1530529338952));
#11686=CARTESIAN_POINT('Origin',(60.284788598025,0.,48.7536635206743));
#11687=CARTESIAN_POINT('',(60.284788598025,0.,48.7536635206743));
#11688=CARTESIAN_POINT('',(48.284788598025,0.,48.7536635206743));
#11689=CARTESIAN_POINT('',(48.284788598025,0.,48.7536635206743));
#11690=CARTESIAN_POINT('',(48.2847885980251,1.4,48.7536635206743));
#11691=CARTESIAN_POINT('',(48.284788598025,0.,48.7536635206743));
#11692=CARTESIAN_POINT('',(60.284788598025,1.4,48.7536635206743));
#11693=CARTESIAN_POINT('',(48.284788598025,1.4,48.7536635206743));
#11694=CARTESIAN_POINT('',(60.284788598025,0.,48.7536635206743));
#11695=CARTESIAN_POINT('Origin',(54.784788598025,0.,36.7536635206742));
#11696=CARTESIAN_POINT('',(54.784788598025,0.,36.7536635206742));
#11697=CARTESIAN_POINT('',(54.784788598025,0.,36.7536635206742));
#11698=CARTESIAN_POINT('',(54.784788598025,1.4,36.7536635206742));
#11699=CARTESIAN_POINT('',(54.784788598025,1.4,36.7536635206742));
#11700=CARTESIAN_POINT('',(54.784788598025,0.,36.7536635206742));
#11701=CARTESIAN_POINT('Origin',(48.284788598025,0.,48.7536635206743));
#11702=CARTESIAN_POINT('',(48.284788598025,0.,48.7536635206743));
#11703=CARTESIAN_POINT('',(48.284788598025,1.4,48.7536635206743));
#11704=CARTESIAN_POINT('Origin',(69.3826155406,0.,7.55244234711616));
#11705=CARTESIAN_POINT('',(69.3826155406,0.,7.55244234711616));
#11706=CARTESIAN_POINT('',(63.3826155406,0.,19.5524423471162));
#11707=CARTESIAN_POINT('',(63.3826155406,0.,19.5524423471162));
#11708=CARTESIAN_POINT('',(63.3826155406,1.4,19.5524423471162));
#11709=CARTESIAN_POINT('',(63.3826155406,0.,19.5524423471162));
#11710=CARTESIAN_POINT('',(69.3826155406001,1.4,7.55244234711616));
#11711=CARTESIAN_POINT('',(63.3826155406,1.4,19.5524423471162));
#11712=CARTESIAN_POINT('',(69.3826155406,0.,7.55244234711616));
#11713=CARTESIAN_POINT('Origin',(57.3826155406,0.,7.55244234711615));
#11714=CARTESIAN_POINT('',(57.3826155406,0.,7.55244234711615));
#11715=CARTESIAN_POINT('',(57.3826155406,0.,7.55244234711615));
#11716=CARTESIAN_POINT('',(57.3826155406,1.4,7.55244234711615));
#11717=CARTESIAN_POINT('',(57.3826155406,1.4,7.55244234711615));
#11718=CARTESIAN_POINT('',(57.3826155406,0.,7.55244234711615));
#11719=CARTESIAN_POINT('Origin',(63.3826155406,0.,19.5524423471162));
#11720=CARTESIAN_POINT('',(57.3826155406,0.,7.55244234711615));
#11721=CARTESIAN_POINT('',(57.3826155406,1.4,7.55244234711615));
#11722=CARTESIAN_POINT('Origin',(35.18696165545,0.,-21.6487788264419));
#11723=CARTESIAN_POINT('',(35.18696165545,0.,-21.6487788264419));
#11724=CARTESIAN_POINT('',(29.18696165545,0.,-9.64877882644192));
#11725=CARTESIAN_POINT('',(29.18696165545,0.,-9.64877882644192));
#11726=CARTESIAN_POINT('',(29.18696165545,1.4,-9.64877882644192));
#11727=CARTESIAN_POINT('',(29.18696165545,0.,-9.64877882644192));
#11728=CARTESIAN_POINT('',(35.18696165545,1.4,-21.6487788264419));
#11729=CARTESIAN_POINT('',(29.18696165545,1.4,-9.64877882644192));
#11730=CARTESIAN_POINT('',(35.18696165545,0.,-21.6487788264419));
#11731=CARTESIAN_POINT('Origin',(23.18696165545,0.,-21.6487788264419));
#11732=CARTESIAN_POINT('',(23.18696165545,0.,-21.6487788264419));
#11733=CARTESIAN_POINT('',(23.18696165545,0.,-21.6487788264419));
#11734=CARTESIAN_POINT('',(23.18696165545,1.4,-21.6487788264419));
#11735=CARTESIAN_POINT('',(23.18696165545,1.4,-21.6487788264419));
#11736=CARTESIAN_POINT('',(23.18696165545,0.,-21.6487788264419));
#11737=CARTESIAN_POINT('Origin',(29.18696165545,0.,-9.64877882644192));
#11738=CARTESIAN_POINT('',(23.18696165545,0.,-21.6487788264419));
#11739=CARTESIAN_POINT('',(23.18696165545,1.4,-21.6487788264419));
#11740=CARTESIAN_POINT('Origin',(77.3826155406,0.,48.7536635206743));
#11741=CARTESIAN_POINT('',(77.3826155406,0.,48.7536635206743));
#11742=CARTESIAN_POINT('',(65.3826155406,0.,48.7536635206743));
#11743=CARTESIAN_POINT('',(65.3826155406,0.,48.7536635206743));
#11744=CARTESIAN_POINT('',(65.3826155406,1.4,48.7536635206743));
#11745=CARTESIAN_POINT('',(65.3826155406,0.,48.7536635206743));
#11746=CARTESIAN_POINT('',(77.3826155406,1.4,48.7536635206743));
#11747=CARTESIAN_POINT('',(65.3826155406,1.4,48.7536635206743));
#11748=CARTESIAN_POINT('',(77.3826155406,0.,48.7536635206743));
#11749=CARTESIAN_POINT('Origin',(71.8826155406,0.,36.7536635206742));
#11750=CARTESIAN_POINT('',(71.8826155406,0.,36.7536635206742));
#11751=CARTESIAN_POINT('',(71.8826155406,0.,36.7536635206742));
#11752=CARTESIAN_POINT('',(71.8826155406,1.4,36.7536635206742));
#11753=CARTESIAN_POINT('',(71.8826155406,1.4,36.7536635206742));
#11754=CARTESIAN_POINT('',(71.8826155406,0.,36.7536635206742));
#11755=CARTESIAN_POINT('Origin',(65.3826155406,0.,48.7536635206743));
#11756=CARTESIAN_POINT('',(65.3826155406,0.,48.7536635206743));
#11757=CARTESIAN_POINT('',(65.3826155406,1.4,48.7536635206743));
#11758=CARTESIAN_POINT('Origin',(77.3826155406,0.,-24.2493894132209));
#11759=CARTESIAN_POINT('',(77.3826155406,0.,-24.2493894132209));
#11760=CARTESIAN_POINT('',(65.3826155406,0.,-24.2493894132209));
#11761=CARTESIAN_POINT('',(65.3826155406,0.,-24.2493894132209));
#11762=CARTESIAN_POINT('',(65.3826155406,1.4,-24.2493894132209));
#11763=CARTESIAN_POINT('',(65.3826155406,0.,-24.2493894132209));
#11764=CARTESIAN_POINT('',(77.3826155406,1.4,-24.2493894132209));
#11765=CARTESIAN_POINT('',(65.3826155406,1.4,-24.2493894132209));
#11766=CARTESIAN_POINT('',(77.3826155406,0.,-24.2493894132209));
#11767=CARTESIAN_POINT('Origin',(71.8826155406,0.,-36.249389413221));
#11768=CARTESIAN_POINT('',(71.8826155406,0.,-36.249389413221));
#11769=CARTESIAN_POINT('',(71.8826155406,0.,-36.249389413221));
#11770=CARTESIAN_POINT('',(71.8826155406,1.4,-36.249389413221));
#11771=CARTESIAN_POINT('',(71.8826155406,1.4,-36.249389413221));
#11772=CARTESIAN_POINT('',(71.8826155406,0.,-36.249389413221));
#11773=CARTESIAN_POINT('Origin',(65.3826155406,0.,-24.2493894132209));
#11774=CARTESIAN_POINT('',(65.3826155406,0.,-24.2493894132209));
#11775=CARTESIAN_POINT('',(65.3826155406,1.4,-24.2493894132209));
#11776=CARTESIAN_POINT('Origin',(0.991307770300041,0.,-21.6487788264419));
#11777=CARTESIAN_POINT('',(0.991307770300041,0.,-21.6487788264419));
#11778=CARTESIAN_POINT('',(-5.00869222969996,0.,-9.64877882644192));
#11779=CARTESIAN_POINT('',(-5.00869222969996,0.,-9.64877882644192));
#11780=CARTESIAN_POINT('',(-5.00869222969996,1.4,-9.64877882644192));
#11781=CARTESIAN_POINT('',(-5.00869222969996,0.,-9.64877882644192));
#11782=CARTESIAN_POINT('',(0.991307770300036,1.4,-21.6487788264419));
#11783=CARTESIAN_POINT('',(-5.00869222969996,1.4,-9.64877882644192));
#11784=CARTESIAN_POINT('',(0.991307770300041,0.,-21.6487788264419));
#11785=CARTESIAN_POINT('Origin',(-11.0086922297,0.,-21.6487788264419));
#11786=CARTESIAN_POINT('',(-11.0086922297,0.,-21.6487788264419));
#11787=CARTESIAN_POINT('',(-11.0086922297,0.,-21.6487788264419));
#11788=CARTESIAN_POINT('',(-11.0086922297,1.4,-21.6487788264419));
#11789=CARTESIAN_POINT('',(-11.0086922297,1.4,-21.6487788264419));
#11790=CARTESIAN_POINT('',(-11.0086922297,0.,-21.6487788264419));
#11791=CARTESIAN_POINT('Origin',(-5.00869222969996,0.,-9.64877882644192));
#11792=CARTESIAN_POINT('',(-11.0086922297,0.,-21.6487788264419));
#11793=CARTESIAN_POINT('',(-11.0086922297,1.4,-21.6487788264419));
#11794=CARTESIAN_POINT('Origin',(18.089134712875,0.,-21.6487788264419));
#11795=CARTESIAN_POINT('',(18.089134712875,0.,-21.6487788264419));
#11796=CARTESIAN_POINT('',(12.089134712875,0.,-9.64877882644192));
#11797=CARTESIAN_POINT('',(12.089134712875,0.,-9.64877882644192));
#11798=CARTESIAN_POINT('',(12.089134712875,1.4,-9.64877882644192));
#11799=CARTESIAN_POINT('',(12.089134712875,0.,-9.64877882644192));
#11800=CARTESIAN_POINT('',(18.089134712875,1.4,-21.6487788264419));
#11801=CARTESIAN_POINT('',(12.089134712875,1.4,-9.64877882644192));
#11802=CARTESIAN_POINT('',(18.089134712875,0.,-21.6487788264419));
#11803=CARTESIAN_POINT('Origin',(6.08913471287503,0.,-21.6487788264419));
#11804=CARTESIAN_POINT('',(6.08913471287503,0.,-21.6487788264419));
#11805=CARTESIAN_POINT('',(6.08913471287503,0.,-21.6487788264419));
#11806=CARTESIAN_POINT('',(6.08913471287503,1.4,-21.6487788264419));
#11807=CARTESIAN_POINT('',(6.08913471287503,1.4,-21.6487788264419));
#11808=CARTESIAN_POINT('',(6.08913471287503,0.,-21.6487788264419));
#11809=CARTESIAN_POINT('Origin',(12.089134712875,0.,-9.64877882644192));
#11810=CARTESIAN_POINT('',(6.08913471287503,0.,-21.6487788264419));
#11811=CARTESIAN_POINT('',(6.08913471287503,1.4,-21.6487788264419));
#11812=CARTESIAN_POINT('Origin',(69.3826155406,0.,-7.04816823966289));
#11813=CARTESIAN_POINT('',(69.3826155406,0.,-7.04816823966289));
#11814=CARTESIAN_POINT('',(63.3826155406,0.,4.95183176033712));
#11815=CARTESIAN_POINT('',(63.3826155406,0.,4.95183176033712));
#11816=CARTESIAN_POINT('',(63.3826155406,1.4,4.95183176033712));
#11817=CARTESIAN_POINT('',(63.3826155406,0.,4.95183176033712));
#11818=CARTESIAN_POINT('',(69.3826155406001,1.4,-7.04816823966288));
#11819=CARTESIAN_POINT('',(63.3826155406,1.4,4.95183176033712));
#11820=CARTESIAN_POINT('',(69.3826155406,0.,-7.04816823966289));
#11821=CARTESIAN_POINT('Origin',(57.3826155406,0.,-7.04816823966289));
#11822=CARTESIAN_POINT('',(57.3826155406,0.,-7.04816823966289));
#11823=CARTESIAN_POINT('',(57.3826155406,0.,-7.04816823966289));
#11824=CARTESIAN_POINT('',(57.3826155406,1.4,-7.04816823966289));
#11825=CARTESIAN_POINT('',(57.3826155406,1.4,-7.04816823966289));
#11826=CARTESIAN_POINT('',(57.3826155406,0.,-7.04816823966289));
#11827=CARTESIAN_POINT('Origin',(63.3826155406,0.,4.95183176033712));
#11828=CARTESIAN_POINT('',(57.3826155406,0.,-7.04816823966289));
#11829=CARTESIAN_POINT('',(57.3826155406,1.4,-7.04816823966289));
#11830=CARTESIAN_POINT('Origin',(18.089134712875,0.,7.55244234711616));
#11831=CARTESIAN_POINT('',(18.089134712875,0.,7.55244234711616));
#11832=CARTESIAN_POINT('',(12.089134712875,0.,19.5524423471162));
#11833=CARTESIAN_POINT('',(12.089134712875,0.,19.5524423471162));
#11834=CARTESIAN_POINT('',(12.089134712875,1.4,19.5524423471162));
#11835=CARTESIAN_POINT('',(12.089134712875,0.,19.5524423471162));
#11836=CARTESIAN_POINT('',(18.089134712875,1.4,7.55244234711616));
#11837=CARTESIAN_POINT('',(12.089134712875,1.4,19.5524423471162));
#11838=CARTESIAN_POINT('',(18.089134712875,0.,7.55244234711616));
#11839=CARTESIAN_POINT('Origin',(6.08913471287503,0.,7.55244234711615));
#11840=CARTESIAN_POINT('',(6.08913471287503,0.,7.55244234711615));
#11841=CARTESIAN_POINT('',(6.08913471287503,0.,7.55244234711615));
#11842=CARTESIAN_POINT('',(6.08913471287503,1.4,7.55244234711615));
#11843=CARTESIAN_POINT('',(6.08913471287503,1.4,7.55244234711615));
#11844=CARTESIAN_POINT('',(6.08913471287503,0.,7.55244234711615));
#11845=CARTESIAN_POINT('Origin',(12.089134712875,0.,19.5524423471162));
#11846=CARTESIAN_POINT('',(6.08913471287503,0.,7.55244234711615));
#11847=CARTESIAN_POINT('',(6.08913471287503,1.4,7.55244234711615));
#11848=CARTESIAN_POINT('Origin',(8.99130777030005,0.,48.7536635206743));
#11849=CARTESIAN_POINT('',(8.99130777030005,0.,48.7536635206743));
#11850=CARTESIAN_POINT('',(-3.00869222969996,0.,48.7536635206743));
#11851=CARTESIAN_POINT('',(-3.00869222969996,0.,48.7536635206743));
#11852=CARTESIAN_POINT('',(-3.00869222969996,1.4,48.7536635206743));
#11853=CARTESIAN_POINT('',(-3.00869222969996,0.,48.7536635206743));
#11854=CARTESIAN_POINT('',(8.99130777030004,1.4,48.7536635206743));
#11855=CARTESIAN_POINT('',(-3.00869222969996,1.4,48.7536635206743));
#11856=CARTESIAN_POINT('',(8.99130777030005,0.,48.7536635206743));
#11857=CARTESIAN_POINT('Origin',(3.49130777030004,0.,36.7536635206742));
#11858=CARTESIAN_POINT('',(3.49130777030004,0.,36.7536635206742));
#11859=CARTESIAN_POINT('',(3.49130777030004,0.,36.7536635206742));
#11860=CARTESIAN_POINT('',(3.49130777030004,1.4,36.7536635206742));
#11861=CARTESIAN_POINT('',(3.49130777030004,1.4,36.7536635206742));
#11862=CARTESIAN_POINT('',(3.49130777030004,0.,36.7536635206742));
#11863=CARTESIAN_POINT('Origin',(-3.00869222969996,0.,48.7536635206743));
#11864=CARTESIAN_POINT('',(-3.00869222969996,0.,48.7536635206743));
#11865=CARTESIAN_POINT('',(-3.00869222969996,1.4,48.7536635206743));
#11866=CARTESIAN_POINT('Origin',(-33.20434611485,0.,-50.85));
#11867=CARTESIAN_POINT('',(-33.20434611485,0.,-50.85));
#11868=CARTESIAN_POINT('',(-39.20434611485,0.,-38.85));
#11869=CARTESIAN_POINT('',(-39.20434611485,0.,-38.85));
#11870=CARTESIAN_POINT('',(-39.20434611485,1.4,-38.85));
#11871=CARTESIAN_POINT('',(-39.20434611485,0.,-38.85));
#11872=CARTESIAN_POINT('',(-33.20434611485,1.4,-50.85));
#11873=CARTESIAN_POINT('',(-39.20434611485,1.4,-38.85));
#11874=CARTESIAN_POINT('',(-33.20434611485,0.,-50.85));
#11875=CARTESIAN_POINT('Origin',(-45.20434611485,0.,-50.85));
#11876=CARTESIAN_POINT('',(-45.20434611485,0.,-50.85));
#11877=CARTESIAN_POINT('',(-45.20434611485,0.,-50.85));
#11878=CARTESIAN_POINT('',(-45.20434611485,1.4,-50.85));
#11879=CARTESIAN_POINT('',(-45.20434611485,1.4,-50.85));
#11880=CARTESIAN_POINT('',(-45.20434611485,0.,-50.85));
#11881=CARTESIAN_POINT('Origin',(-39.20434611485,0.,-38.85));
#11882=CARTESIAN_POINT('',(-45.20434611485,0.,-50.85));
#11883=CARTESIAN_POINT('',(-45.20434611485,1.4,-50.85));
#11884=CARTESIAN_POINT('Origin',(69.3826155406,0.,-50.85));
#11885=CARTESIAN_POINT('',(69.3826155406,0.,-50.85));
#11886=CARTESIAN_POINT('',(63.3826155406,0.,-38.85));
#11887=CARTESIAN_POINT('',(63.3826155406,0.,-38.85));
#11888=CARTESIAN_POINT('',(63.3826155406,1.4,-38.85));
#11889=CARTESIAN_POINT('',(63.3826155406,0.,-38.85));
#11890=CARTESIAN_POINT('',(69.3826155406001,1.4,-50.85));
#11891=CARTESIAN_POINT('',(63.3826155406,1.4,-38.85));
#11892=CARTESIAN_POINT('',(69.3826155406,0.,-50.85));
#11893=CARTESIAN_POINT('Origin',(57.3826155406,0.,-50.85));
#11894=CARTESIAN_POINT('',(57.3826155406,0.,-50.85));
#11895=CARTESIAN_POINT('',(57.3826155406,0.,-50.85));
#11896=CARTESIAN_POINT('',(57.3826155406,1.4,-50.85));
#11897=CARTESIAN_POINT('',(57.3826155406,1.4,-50.85));
#11898=CARTESIAN_POINT('',(57.3826155406,0.,-50.85));
#11899=CARTESIAN_POINT('Origin',(63.3826155406,0.,-38.85));
#11900=CARTESIAN_POINT('',(57.3826155406,0.,-50.85));
#11901=CARTESIAN_POINT('',(57.3826155406,1.4,-50.85));
#11902=CARTESIAN_POINT('Origin',(87.,0.,-40.2));
#11903=CARTESIAN_POINT('',(85.4,1.4,-40.2));
#11904=CARTESIAN_POINT('Origin',(87.,1.4,-40.2));
#11905=CARTESIAN_POINT('',(85.4,0.,-40.2));
#11906=CARTESIAN_POINT('',(85.4,0.,-40.2));
#11907=CARTESIAN_POINT('Origin',(87.,0.,-40.2));
#11908=CARTESIAN_POINT('Origin',(26.089134712875,0.,-24.2493894132209));
#11909=CARTESIAN_POINT('',(26.089134712875,0.,-24.2493894132209));
#11910=CARTESIAN_POINT('',(14.089134712875,0.,-24.2493894132209));
#11911=CARTESIAN_POINT('',(14.089134712875,0.,-24.2493894132209));
#11912=CARTESIAN_POINT('',(14.089134712875,1.4,-24.2493894132209));
#11913=CARTESIAN_POINT('',(14.089134712875,0.,-24.2493894132209));
#11914=CARTESIAN_POINT('',(26.089134712875,1.4,-24.2493894132209));
#11915=CARTESIAN_POINT('',(14.089134712875,1.4,-24.2493894132209));
#11916=CARTESIAN_POINT('',(26.089134712875,0.,-24.2493894132209));
#11917=CARTESIAN_POINT('Origin',(20.589134712875,0.,-36.249389413221));
#11918=CARTESIAN_POINT('',(20.589134712875,0.,-36.249389413221));
#11919=CARTESIAN_POINT('',(20.589134712875,0.,-36.249389413221));
#11920=CARTESIAN_POINT('',(20.589134712875,1.4,-36.249389413221));
#11921=CARTESIAN_POINT('',(20.589134712875,1.4,-36.249389413221));
#11922=CARTESIAN_POINT('',(20.589134712875,0.,-36.249389413221));
#11923=CARTESIAN_POINT('Origin',(14.089134712875,0.,-24.2493894132209));
#11924=CARTESIAN_POINT('',(14.089134712875,0.,-24.2493894132209));
#11925=CARTESIAN_POINT('',(14.089134712875,1.4,-24.2493894132209));
#11926=CARTESIAN_POINT('Origin',(69.3826155406,0.,-21.6487788264419));
#11927=CARTESIAN_POINT('',(69.3826155406,0.,-21.6487788264419));
#11928=CARTESIAN_POINT('',(63.3826155406,0.,-9.64877882644192));
#11929=CARTESIAN_POINT('',(63.3826155406,0.,-9.64877882644192));
#11930=CARTESIAN_POINT('',(63.3826155406,1.4,-9.64877882644192));
#11931=CARTESIAN_POINT('',(63.3826155406,0.,-9.64877882644192));
#11932=CARTESIAN_POINT('',(69.3826155406001,1.4,-21.6487788264419));
#11933=CARTESIAN_POINT('',(63.3826155406,1.4,-9.64877882644192));
#11934=CARTESIAN_POINT('',(69.3826155406,0.,-21.6487788264419));
#11935=CARTESIAN_POINT('Origin',(57.3826155406,0.,-21.6487788264419));
#11936=CARTESIAN_POINT('',(57.3826155406,0.,-21.6487788264419));
#11937=CARTESIAN_POINT('',(57.3826155406,0.,-21.6487788264419));
#11938=CARTESIAN_POINT('',(57.3826155406,1.4,-21.6487788264419));
#11939=CARTESIAN_POINT('',(57.3826155406,1.4,-21.6487788264419));
#11940=CARTESIAN_POINT('',(57.3826155406,0.,-21.6487788264419));
#11941=CARTESIAN_POINT('Origin',(63.3826155406,0.,-9.64877882644192));
#11942=CARTESIAN_POINT('',(57.3826155406,0.,-21.6487788264419));
#11943=CARTESIAN_POINT('',(57.3826155406,1.4,-21.6487788264419));
#11944=CARTESIAN_POINT('Origin',(-50.302173057425,0.,-36.249389413221));
#11945=CARTESIAN_POINT('',(-50.302173057425,0.,-36.249389413221));
#11946=CARTESIAN_POINT('',(-56.302173057425,0.,-24.249389413221));
#11947=CARTESIAN_POINT('',(-56.302173057425,0.,-24.249389413221));
#11948=CARTESIAN_POINT('',(-56.302173057425,1.4,-24.249389413221));
#11949=CARTESIAN_POINT('',(-56.302173057425,0.,-24.249389413221));
#11950=CARTESIAN_POINT('',(-50.302173057425,1.4,-36.249389413221));
#11951=CARTESIAN_POINT('',(-56.302173057425,1.4,-24.249389413221));
#11952=CARTESIAN_POINT('',(-50.302173057425,0.,-36.249389413221));
#11953=CARTESIAN_POINT('Origin',(-62.302173057425,0.,-36.249389413221));
#11954=CARTESIAN_POINT('',(-62.302173057425,0.,-36.249389413221));
#11955=CARTESIAN_POINT('',(-62.302173057425,0.,-36.249389413221));
#11956=CARTESIAN_POINT('',(-62.302173057425,1.4,-36.249389413221));
#11957=CARTESIAN_POINT('',(-62.302173057425,1.4,-36.249389413221));
#11958=CARTESIAN_POINT('',(-62.302173057425,0.,-36.249389413221));
#11959=CARTESIAN_POINT('Origin',(-56.302173057425,0.,-24.249389413221));
#11960=CARTESIAN_POINT('',(-62.302173057425,0.,-36.249389413221));
#11961=CARTESIAN_POINT('',(-62.302173057425,1.4,-36.249389413221));
#11962=CARTESIAN_POINT('Origin',(-25.20434611485,0.,-38.85));
#11963=CARTESIAN_POINT('',(-25.20434611485,0.,-38.85));
#11964=CARTESIAN_POINT('',(-37.20434611485,0.,-38.85));
#11965=CARTESIAN_POINT('',(-37.20434611485,0.,-38.85));
#11966=CARTESIAN_POINT('',(-37.20434611485,1.4,-38.85));
#11967=CARTESIAN_POINT('',(-37.20434611485,0.,-38.85));
#11968=CARTESIAN_POINT('',(-25.20434611485,1.4,-38.85));
#11969=CARTESIAN_POINT('',(-37.20434611485,1.4,-38.85));
#11970=CARTESIAN_POINT('',(-25.20434611485,0.,-38.85));
#11971=CARTESIAN_POINT('Origin',(-30.70434611485,0.,-50.85));
#11972=CARTESIAN_POINT('',(-30.70434611485,0.,-50.85));
#11973=CARTESIAN_POINT('',(-30.70434611485,0.,-50.85));
#11974=CARTESIAN_POINT('',(-30.70434611485,1.4,-50.85));
#11975=CARTESIAN_POINT('',(-30.70434611485,1.4,-50.85));
#11976=CARTESIAN_POINT('',(-30.70434611485,0.,-50.85));
#11977=CARTESIAN_POINT('Origin',(-37.20434611485,0.,-38.85));
#11978=CARTESIAN_POINT('',(-37.20434611485,0.,-38.85));
#11979=CARTESIAN_POINT('',(-37.20434611485,1.4,-38.85));
#11980=CARTESIAN_POINT('Origin',(35.18696165545,0.,36.7536635206742));
#11981=CARTESIAN_POINT('',(35.18696165545,0.,36.7536635206742));
#11982=CARTESIAN_POINT('',(29.18696165545,0.,48.7536635206742));
#11983=CARTESIAN_POINT('',(29.18696165545,0.,48.7536635206742));
#11984=CARTESIAN_POINT('',(29.18696165545,1.4,48.7536635206742));
#11985=CARTESIAN_POINT('',(29.18696165545,0.,48.7536635206742));
#11986=CARTESIAN_POINT('',(35.18696165545,1.4,36.7536635206742));
#11987=CARTESIAN_POINT('',(29.18696165545,1.4,48.7536635206742));
#11988=CARTESIAN_POINT('',(35.18696165545,0.,36.7536635206742));
#11989=CARTESIAN_POINT('Origin',(23.18696165545,0.,36.7536635206742));
#11990=CARTESIAN_POINT('',(23.18696165545,0.,36.7536635206742));
#11991=CARTESIAN_POINT('',(23.18696165545,0.,36.7536635206742));
#11992=CARTESIAN_POINT('',(23.18696165545,1.4,36.7536635206742));
#11993=CARTESIAN_POINT('',(23.18696165545,1.4,36.7536635206742));
#11994=CARTESIAN_POINT('',(23.18696165545,0.,36.7536635206742));
#11995=CARTESIAN_POINT('Origin',(29.18696165545,0.,48.7536635206742));
#11996=CARTESIAN_POINT('',(23.18696165545,0.,36.7536635206742));
#11997=CARTESIAN_POINT('',(23.18696165545,1.4,36.7536635206742));
#11998=CARTESIAN_POINT('Origin',(26.089134712875,0.,4.95183176033714));
#11999=CARTESIAN_POINT('',(26.089134712875,0.,4.95183176033714));
#12000=CARTESIAN_POINT('',(14.089134712875,0.,4.95183176033715));
#12001=CARTESIAN_POINT('',(14.089134712875,0.,4.95183176033715));
#12002=CARTESIAN_POINT('',(14.089134712875,1.4,4.95183176033715));
#12003=CARTESIAN_POINT('',(14.089134712875,0.,4.95183176033715));
#12004=CARTESIAN_POINT('',(26.089134712875,1.4,4.95183176033714));
#12005=CARTESIAN_POINT('',(14.089134712875,1.4,4.95183176033715));
#12006=CARTESIAN_POINT('',(26.089134712875,0.,4.95183176033714));
#12007=CARTESIAN_POINT('Origin',(20.589134712875,0.,-7.04816823966288));
#12008=CARTESIAN_POINT('',(20.589134712875,0.,-7.04816823966288));
#12009=CARTESIAN_POINT('',(20.589134712875,0.,-7.04816823966288));
#12010=CARTESIAN_POINT('',(20.589134712875,1.4,-7.04816823966288));
#12011=CARTESIAN_POINT('',(20.589134712875,1.4,-7.04816823966288));
#12012=CARTESIAN_POINT('',(20.589134712875,0.,-7.04816823966288));
#12013=CARTESIAN_POINT('Origin',(14.089134712875,0.,4.95183176033715));
#12014=CARTESIAN_POINT('',(14.089134712875,0.,4.95183176033715));
#12015=CARTESIAN_POINT('',(14.089134712875,1.4,4.95183176033715));
#12016=CARTESIAN_POINT('Origin',(35.18696165545,0.,-36.249389413221));
#12017=CARTESIAN_POINT('',(35.18696165545,0.,-36.249389413221));
#12018=CARTESIAN_POINT('',(29.18696165545,0.,-24.249389413221));
#12019=CARTESIAN_POINT('',(29.18696165545,0.,-24.249389413221));
#12020=CARTESIAN_POINT('',(29.18696165545,1.4,-24.249389413221));
#12021=CARTESIAN_POINT('',(29.18696165545,0.,-24.249389413221));
#12022=CARTESIAN_POINT('',(35.18696165545,1.4,-36.249389413221));
#12023=CARTESIAN_POINT('',(29.18696165545,1.4,-24.249389413221));
#12024=CARTESIAN_POINT('',(35.18696165545,0.,-36.249389413221));
#12025=CARTESIAN_POINT('Origin',(23.18696165545,0.,-36.249389413221));
#12026=CARTESIAN_POINT('',(23.18696165545,0.,-36.249389413221));
#12027=CARTESIAN_POINT('',(23.18696165545,0.,-36.249389413221));
#12028=CARTESIAN_POINT('',(23.18696165545,1.4,-36.249389413221));
#12029=CARTESIAN_POINT('',(23.18696165545,1.4,-36.249389413221));
#12030=CARTESIAN_POINT('',(23.18696165545,0.,-36.249389413221));
#12031=CARTESIAN_POINT('Origin',(29.18696165545,0.,-24.249389413221));
#12032=CARTESIAN_POINT('',(23.18696165545,0.,-36.249389413221));
#12033=CARTESIAN_POINT('',(23.18696165545,1.4,-36.249389413221));
#12034=CARTESIAN_POINT('Origin',(-42.302173057425,0.,-38.85));
#12035=CARTESIAN_POINT('',(-42.302173057425,0.,-38.85));
#12036=CARTESIAN_POINT('',(-54.302173057425,0.,-38.85));
#12037=CARTESIAN_POINT('',(-54.302173057425,0.,-38.85));
#12038=CARTESIAN_POINT('',(-54.302173057425,1.4,-38.85));
#12039=CARTESIAN_POINT('',(-54.302173057425,0.,-38.85));
#12040=CARTESIAN_POINT('',(-42.302173057425,1.4,-38.85));
#12041=CARTESIAN_POINT('',(-54.302173057425,1.4,-38.85));
#12042=CARTESIAN_POINT('',(-42.302173057425,0.,-38.85));
#12043=CARTESIAN_POINT('Origin',(-47.802173057425,0.,-50.85));
#12044=CARTESIAN_POINT('',(-47.802173057425,0.,-50.85));
#12045=CARTESIAN_POINT('',(-47.802173057425,0.,-50.85));
#12046=CARTESIAN_POINT('',(-47.802173057425,1.4,-50.85));
#12047=CARTESIAN_POINT('',(-47.802173057425,1.4,-50.85));
#12048=CARTESIAN_POINT('',(-47.802173057425,0.,-50.85));
#12049=CARTESIAN_POINT('Origin',(-54.302173057425,0.,-38.85));
#12050=CARTESIAN_POINT('',(-54.302173057425,0.,-38.85));
#12051=CARTESIAN_POINT('',(-54.302173057425,1.4,-38.85));
#12052=CARTESIAN_POINT('Origin',(-67.4,0.,-36.249389413221));
#12053=CARTESIAN_POINT('',(-67.4,0.,-36.249389413221));
#12054=CARTESIAN_POINT('',(-73.4,0.,-24.249389413221));
#12055=CARTESIAN_POINT('',(-73.4,0.,-24.249389413221));
#12056=CARTESIAN_POINT('',(-73.4,1.4,-24.249389413221));
#12057=CARTESIAN_POINT('',(-73.4,0.,-24.249389413221));
#12058=CARTESIAN_POINT('',(-67.4,1.4,-36.249389413221));
#12059=CARTESIAN_POINT('',(-73.4,1.4,-24.249389413221));
#12060=CARTESIAN_POINT('',(-67.4,0.,-36.249389413221));
#12061=CARTESIAN_POINT('Origin',(-79.4,0.,-36.249389413221));
#12062=CARTESIAN_POINT('',(-79.4,0.,-36.249389413221));
#12063=CARTESIAN_POINT('',(-79.4,0.,-36.249389413221));
#12064=CARTESIAN_POINT('',(-79.4,1.4,-36.249389413221));
#12065=CARTESIAN_POINT('',(-79.4,1.4,-36.249389413221));
#12066=CARTESIAN_POINT('',(-79.4,0.,-36.249389413221));
#12067=CARTESIAN_POINT('Origin',(-73.4,0.,-24.249389413221));
#12068=CARTESIAN_POINT('',(-79.4,0.,-36.249389413221));
#12069=CARTESIAN_POINT('',(-79.4,1.4,-36.249389413221));
#12070=CARTESIAN_POINT('Origin',(43.18696165545,0.,4.95183176033714));
#12071=CARTESIAN_POINT('',(43.18696165545,0.,4.95183176033714));
#12072=CARTESIAN_POINT('',(31.18696165545,0.,4.95183176033715));
#12073=CARTESIAN_POINT('',(31.18696165545,0.,4.95183176033715));
#12074=CARTESIAN_POINT('',(31.18696165545,1.4,4.95183176033715));
#12075=CARTESIAN_POINT('',(31.18696165545,0.,4.95183176033715));
#12076=CARTESIAN_POINT('',(43.18696165545,1.4,4.95183176033714));
#12077=CARTESIAN_POINT('',(31.18696165545,1.4,4.95183176033715));
#12078=CARTESIAN_POINT('',(43.18696165545,0.,4.95183176033714));
#12079=CARTESIAN_POINT('Origin',(37.68696165545,0.,-7.04816823966288));
#12080=CARTESIAN_POINT('',(37.68696165545,0.,-7.04816823966288));
#12081=CARTESIAN_POINT('',(37.68696165545,0.,-7.04816823966288));
#12082=CARTESIAN_POINT('',(37.68696165545,1.4,-7.04816823966288));
#12083=CARTESIAN_POINT('',(37.68696165545,1.4,-7.04816823966288));
#12084=CARTESIAN_POINT('',(37.68696165545,0.,-7.04816823966288));
#12085=CARTESIAN_POINT('Origin',(31.18696165545,0.,4.95183176033715));
#12086=CARTESIAN_POINT('',(31.18696165545,0.,4.95183176033715));
#12087=CARTESIAN_POINT('',(31.18696165545,1.4,4.95183176033715));
#12088=CARTESIAN_POINT('Origin',(43.18696165545,0.,19.5524423471162));
#12089=CARTESIAN_POINT('',(43.18696165545,0.,19.5524423471162));
#12090=CARTESIAN_POINT('',(31.18696165545,0.,19.5524423471162));
#12091=CARTESIAN_POINT('',(31.18696165545,0.,19.5524423471162));
#12092=CARTESIAN_POINT('',(31.18696165545,1.4,19.5524423471162));
#12093=CARTESIAN_POINT('',(31.18696165545,0.,19.5524423471162));
#12094=CARTESIAN_POINT('',(43.18696165545,1.4,19.5524423471162));
#12095=CARTESIAN_POINT('',(31.18696165545,1.4,19.5524423471162));
#12096=CARTESIAN_POINT('',(43.18696165545,0.,19.5524423471162));
#12097=CARTESIAN_POINT('Origin',(37.68696165545,0.,7.55244234711616));
#12098=CARTESIAN_POINT('',(37.68696165545,0.,7.55244234711616));
#12099=CARTESIAN_POINT('',(37.68696165545,0.,7.55244234711616));
#12100=CARTESIAN_POINT('',(37.68696165545,1.4,7.55244234711616));
#12101=CARTESIAN_POINT('',(37.68696165545,1.4,7.55244234711616));
#12102=CARTESIAN_POINT('',(37.68696165545,0.,7.55244234711616));
#12103=CARTESIAN_POINT('Origin',(31.18696165545,0.,19.5524423471162));
#12104=CARTESIAN_POINT('',(31.18696165545,0.,19.5524423471162));
#12105=CARTESIAN_POINT('',(31.18696165545,1.4,19.5524423471162));
#12106=CARTESIAN_POINT('Origin',(77.3826155406,0.,-9.64877882644189));
#12107=CARTESIAN_POINT('',(77.3826155406,0.,-9.64877882644189));
#12108=CARTESIAN_POINT('',(65.3826155406,0.,-9.64877882644189));
#12109=CARTESIAN_POINT('',(65.3826155406,0.,-9.64877882644189));
#12110=CARTESIAN_POINT('',(65.3826155406,1.4,-9.64877882644189));
#12111=CARTESIAN_POINT('',(65.3826155406,0.,-9.64877882644189));
#12112=CARTESIAN_POINT('',(77.3826155406,1.4,-9.64877882644189));
#12113=CARTESIAN_POINT('',(65.3826155406,1.4,-9.64877882644189));
#12114=CARTESIAN_POINT('',(77.3826155406,0.,-9.64877882644189));
#12115=CARTESIAN_POINT('Origin',(71.8826155406,0.,-21.6487788264419));
#12116=CARTESIAN_POINT('',(71.8826155406,0.,-21.6487788264419));
#12117=CARTESIAN_POINT('',(71.8826155406,0.,-21.6487788264419));
#12118=CARTESIAN_POINT('',(71.8826155406,1.4,-21.6487788264419));
#12119=CARTESIAN_POINT('',(71.8826155406,1.4,-21.6487788264419));
#12120=CARTESIAN_POINT('',(71.8826155406,0.,-21.6487788264419));
#12121=CARTESIAN_POINT('Origin',(65.3826155406,0.,-9.64877882644189));
#12122=CARTESIAN_POINT('',(65.3826155406,0.,-9.64877882644189));
#12123=CARTESIAN_POINT('',(65.3826155406,1.4,-9.64877882644189));
#12124=CARTESIAN_POINT('Origin',(52.284788598025,0.,7.55244234711616));
#12125=CARTESIAN_POINT('',(52.284788598025,0.,7.55244234711616));
#12126=CARTESIAN_POINT('',(46.284788598025,0.,19.5524423471162));
#12127=CARTESIAN_POINT('',(46.284788598025,0.,19.5524423471162));
#12128=CARTESIAN_POINT('',(46.284788598025,1.4,19.5524423471162));
#12129=CARTESIAN_POINT('',(46.284788598025,0.,19.5524423471162));
#12130=CARTESIAN_POINT('',(52.284788598025,1.4,7.55244234711616));
#12131=CARTESIAN_POINT('',(46.284788598025,1.4,19.5524423471162));
#12132=CARTESIAN_POINT('',(52.284788598025,0.,7.55244234711616));
#12133=CARTESIAN_POINT('Origin',(40.284788598025,0.,7.55244234711615));
#12134=CARTESIAN_POINT('',(40.284788598025,0.,7.55244234711615));
#12135=CARTESIAN_POINT('',(40.284788598025,0.,7.55244234711615));
#12136=CARTESIAN_POINT('',(40.284788598025,1.4,7.55244234711615));
#12137=CARTESIAN_POINT('',(40.284788598025,1.4,7.55244234711615));
#12138=CARTESIAN_POINT('',(40.284788598025,0.,7.55244234711615));
#12139=CARTESIAN_POINT('Origin',(46.284788598025,0.,19.5524423471162));
#12140=CARTESIAN_POINT('',(40.284788598025,0.,7.55244234711615));
#12141=CARTESIAN_POINT('',(40.284788598025,1.4,7.55244234711615));
#12142=CARTESIAN_POINT('Origin',(18.089134712875,0.,22.1530529338952));
#12143=CARTESIAN_POINT('',(18.089134712875,0.,22.1530529338952));
#12144=CARTESIAN_POINT('',(12.089134712875,0.,34.1530529338952));
#12145=CARTESIAN_POINT('',(12.089134712875,0.,34.1530529338952));
#12146=CARTESIAN_POINT('',(12.089134712875,1.4,34.1530529338952));
#12147=CARTESIAN_POINT('',(12.089134712875,0.,34.1530529338952));
#12148=CARTESIAN_POINT('',(18.089134712875,1.4,22.1530529338952));
#12149=CARTESIAN_POINT('',(12.089134712875,1.4,34.1530529338952));
#12150=CARTESIAN_POINT('',(18.089134712875,0.,22.1530529338952));
#12151=CARTESIAN_POINT('Origin',(6.08913471287503,0.,22.1530529338952));
#12152=CARTESIAN_POINT('',(6.08913471287503,0.,22.1530529338952));
#12153=CARTESIAN_POINT('',(6.08913471287503,0.,22.1530529338952));
#12154=CARTESIAN_POINT('',(6.08913471287503,1.4,22.1530529338952));
#12155=CARTESIAN_POINT('',(6.08913471287503,1.4,22.1530529338952));
#12156=CARTESIAN_POINT('',(6.08913471287503,0.,22.1530529338952));
#12157=CARTESIAN_POINT('Origin',(12.089134712875,0.,34.1530529338952));
#12158=CARTESIAN_POINT('',(6.08913471287503,0.,22.1530529338952));
#12159=CARTESIAN_POINT('',(6.08913471287503,1.4,22.1530529338952));
#12160=CARTESIAN_POINT('Origin',(-8.10651917227495,0.,48.7536635206743));
#12161=CARTESIAN_POINT('',(-8.10651917227495,0.,48.7536635206743));
#12162=CARTESIAN_POINT('',(-20.106519172275,0.,48.7536635206743));
#12163=CARTESIAN_POINT('',(-20.106519172275,0.,48.7536635206743));
#12164=CARTESIAN_POINT('',(-20.106519172275,1.4,48.7536635206743));
#12165=CARTESIAN_POINT('',(-20.106519172275,0.,48.7536635206743));
#12166=CARTESIAN_POINT('',(-8.10651917227496,1.4,48.7536635206743));
#12167=CARTESIAN_POINT('',(-20.106519172275,1.4,48.7536635206743));
#12168=CARTESIAN_POINT('',(-8.10651917227495,0.,48.7536635206743));
#12169=CARTESIAN_POINT('Origin',(-13.606519172275,0.,36.7536635206742));
#12170=CARTESIAN_POINT('',(-13.606519172275,0.,36.7536635206742));
#12171=CARTESIAN_POINT('',(-13.606519172275,0.,36.7536635206742));
#12172=CARTESIAN_POINT('',(-13.606519172275,1.4,36.7536635206742));
#12173=CARTESIAN_POINT('',(-13.606519172275,1.4,36.7536635206742));
#12174=CARTESIAN_POINT('',(-13.606519172275,0.,36.7536635206742));
#12175=CARTESIAN_POINT('Origin',(-20.106519172275,0.,48.7536635206743));
#12176=CARTESIAN_POINT('',(-20.106519172275,0.,48.7536635206743));
#12177=CARTESIAN_POINT('',(-20.106519172275,1.4,48.7536635206743));
#12178=CARTESIAN_POINT('Origin',(43.18696165545,0.,-24.2493894132209));
#12179=CARTESIAN_POINT('',(43.18696165545,0.,-24.2493894132209));
#12180=CARTESIAN_POINT('',(31.18696165545,0.,-24.2493894132209));
#12181=CARTESIAN_POINT('',(31.18696165545,0.,-24.2493894132209));
#12182=CARTESIAN_POINT('',(31.18696165545,1.4,-24.2493894132209));
#12183=CARTESIAN_POINT('',(31.18696165545,0.,-24.2493894132209));
#12184=CARTESIAN_POINT('',(43.18696165545,1.4,-24.2493894132209));
#12185=CARTESIAN_POINT('',(31.18696165545,1.4,-24.2493894132209));
#12186=CARTESIAN_POINT('',(43.18696165545,0.,-24.2493894132209));
#12187=CARTESIAN_POINT('Origin',(37.68696165545,0.,-36.249389413221));
#12188=CARTESIAN_POINT('',(37.68696165545,0.,-36.249389413221));
#12189=CARTESIAN_POINT('',(37.68696165545,0.,-36.249389413221));
#12190=CARTESIAN_POINT('',(37.68696165545,1.4,-36.249389413221));
#12191=CARTESIAN_POINT('',(37.68696165545,1.4,-36.249389413221));
#12192=CARTESIAN_POINT('',(37.68696165545,0.,-36.249389413221));
#12193=CARTESIAN_POINT('Origin',(31.18696165545,0.,-24.2493894132209));
#12194=CARTESIAN_POINT('',(31.18696165545,0.,-24.2493894132209));
#12195=CARTESIAN_POINT('',(31.18696165545,1.4,-24.2493894132209));
#12196=CARTESIAN_POINT('Origin',(8.99130777030005,0.,-9.64877882644189));
#12197=CARTESIAN_POINT('',(8.99130777030005,0.,-9.64877882644189));
#12198=CARTESIAN_POINT('',(-3.00869222969996,0.,-9.64877882644189));
#12199=CARTESIAN_POINT('',(-3.00869222969996,0.,-9.64877882644189));
#12200=CARTESIAN_POINT('',(-3.00869222969996,1.4,-9.64877882644189));
#12201=CARTESIAN_POINT('',(-3.00869222969996,0.,-9.64877882644189));
#12202=CARTESIAN_POINT('',(8.99130777030004,1.4,-9.64877882644189));
#12203=CARTESIAN_POINT('',(-3.00869222969996,1.4,-9.64877882644189));
#12204=CARTESIAN_POINT('',(8.99130777030005,0.,-9.64877882644189));
#12205=CARTESIAN_POINT('Origin',(3.49130777030004,0.,-21.6487788264419));
#12206=CARTESIAN_POINT('',(3.49130777030004,0.,-21.6487788264419));
#12207=CARTESIAN_POINT('',(3.49130777030004,0.,-21.6487788264419));
#12208=CARTESIAN_POINT('',(3.49130777030004,1.4,-21.6487788264419));
#12209=CARTESIAN_POINT('',(3.49130777030004,1.4,-21.6487788264419));
#12210=CARTESIAN_POINT('',(3.49130777030004,0.,-21.6487788264419));
#12211=CARTESIAN_POINT('Origin',(-3.00869222969996,0.,-9.64877882644189));
#12212=CARTESIAN_POINT('',(-3.00869222969996,0.,-9.64877882644189));
#12213=CARTESIAN_POINT('',(-3.00869222969996,1.4,-9.64877882644189));
#12214=CARTESIAN_POINT('Origin',(43.18696165545,0.,-9.64877882644189));
#12215=CARTESIAN_POINT('',(43.18696165545,0.,-9.64877882644189));
#12216=CARTESIAN_POINT('',(31.18696165545,0.,-9.64877882644189));
#12217=CARTESIAN_POINT('',(31.18696165545,0.,-9.64877882644189));
#12218=CARTESIAN_POINT('',(31.18696165545,1.4,-9.64877882644189));
#12219=CARTESIAN_POINT('',(31.18696165545,0.,-9.64877882644189));
#12220=CARTESIAN_POINT('',(43.18696165545,1.4,-9.64877882644189));
#12221=CARTESIAN_POINT('',(31.18696165545,1.4,-9.64877882644189));
#12222=CARTESIAN_POINT('',(43.18696165545,0.,-9.64877882644189));
#12223=CARTESIAN_POINT('Origin',(37.68696165545,0.,-21.6487788264419));
#12224=CARTESIAN_POINT('',(37.68696165545,0.,-21.6487788264419));
#12225=CARTESIAN_POINT('',(37.68696165545,0.,-21.6487788264419));
#12226=CARTESIAN_POINT('',(37.68696165545,1.4,-21.6487788264419));
#12227=CARTESIAN_POINT('',(37.68696165545,1.4,-21.6487788264419));
#12228=CARTESIAN_POINT('',(37.68696165545,0.,-21.6487788264419));
#12229=CARTESIAN_POINT('Origin',(31.18696165545,0.,-9.64877882644189));
#12230=CARTESIAN_POINT('',(31.18696165545,0.,-9.64877882644189));
#12231=CARTESIAN_POINT('',(31.18696165545,1.4,-9.64877882644189));
#12232=CARTESIAN_POINT('Origin',(43.18696165545,0.,48.7536635206743));
#12233=CARTESIAN_POINT('',(43.18696165545,0.,48.7536635206743));
#12234=CARTESIAN_POINT('',(31.18696165545,0.,48.7536635206743));
#12235=CARTESIAN_POINT('',(31.18696165545,0.,48.7536635206743));
#12236=CARTESIAN_POINT('',(31.18696165545,1.4,48.7536635206743));
#12237=CARTESIAN_POINT('',(31.18696165545,0.,48.7536635206743));
#12238=CARTESIAN_POINT('',(43.18696165545,1.4,48.7536635206743));
#12239=CARTESIAN_POINT('',(31.18696165545,1.4,48.7536635206743));
#12240=CARTESIAN_POINT('',(43.18696165545,0.,48.7536635206743));
#12241=CARTESIAN_POINT('Origin',(37.68696165545,0.,36.7536635206742));
#12242=CARTESIAN_POINT('',(37.68696165545,0.,36.7536635206742));
#12243=CARTESIAN_POINT('',(37.68696165545,0.,36.7536635206742));
#12244=CARTESIAN_POINT('',(37.68696165545,1.4,36.7536635206742));
#12245=CARTESIAN_POINT('',(37.68696165545,1.4,36.7536635206742));
#12246=CARTESIAN_POINT('',(37.68696165545,0.,36.7536635206742));
#12247=CARTESIAN_POINT('Origin',(31.18696165545,0.,48.7536635206743));
#12248=CARTESIAN_POINT('',(31.18696165545,0.,48.7536635206743));
#12249=CARTESIAN_POINT('',(31.18696165545,1.4,48.7536635206743));
#12250=CARTESIAN_POINT('Origin',(52.284788598025,0.,36.7536635206742));
#12251=CARTESIAN_POINT('',(52.284788598025,0.,36.7536635206742));
#12252=CARTESIAN_POINT('',(46.284788598025,0.,48.7536635206742));
#12253=CARTESIAN_POINT('',(46.284788598025,0.,48.7536635206742));
#12254=CARTESIAN_POINT('',(46.284788598025,1.4,48.7536635206742));
#12255=CARTESIAN_POINT('',(46.284788598025,0.,48.7536635206742));
#12256=CARTESIAN_POINT('',(52.284788598025,1.4,36.7536635206742));
#12257=CARTESIAN_POINT('',(46.284788598025,1.4,48.7536635206742));
#12258=CARTESIAN_POINT('',(52.284788598025,0.,36.7536635206742));
#12259=CARTESIAN_POINT('Origin',(40.284788598025,0.,36.7536635206742));
#12260=CARTESIAN_POINT('',(40.284788598025,0.,36.7536635206742));
#12261=CARTESIAN_POINT('',(40.284788598025,0.,36.7536635206742));
#12262=CARTESIAN_POINT('',(40.284788598025,1.4,36.7536635206742));
#12263=CARTESIAN_POINT('',(40.284788598025,1.4,36.7536635206742));
#12264=CARTESIAN_POINT('',(40.284788598025,0.,36.7536635206742));
#12265=CARTESIAN_POINT('Origin',(46.284788598025,0.,48.7536635206742));
#12266=CARTESIAN_POINT('',(40.284788598025,0.,36.7536635206742));
#12267=CARTESIAN_POINT('',(40.284788598025,1.4,36.7536635206742));
#12268=CARTESIAN_POINT('Origin',(77.3826155406,0.,34.1530529338952));
#12269=CARTESIAN_POINT('',(77.3826155406,0.,34.1530529338952));
#12270=CARTESIAN_POINT('',(65.3826155406,0.,34.1530529338952));
#12271=CARTESIAN_POINT('',(65.3826155406,0.,34.1530529338952));
#12272=CARTESIAN_POINT('',(65.3826155406,1.4,34.1530529338952));
#12273=CARTESIAN_POINT('',(65.3826155406,0.,34.1530529338952));
#12274=CARTESIAN_POINT('',(77.3826155406,1.4,34.1530529338952));
#12275=CARTESIAN_POINT('',(65.3826155406,1.4,34.1530529338952));
#12276=CARTESIAN_POINT('',(77.3826155406,0.,34.1530529338952));
#12277=CARTESIAN_POINT('Origin',(71.8826155406,0.,22.1530529338952));
#12278=CARTESIAN_POINT('',(71.8826155406,0.,22.1530529338952));
#12279=CARTESIAN_POINT('',(71.8826155406,0.,22.1530529338952));
#12280=CARTESIAN_POINT('',(71.8826155406,1.4,22.1530529338952));
#12281=CARTESIAN_POINT('',(71.8826155406,1.4,22.1530529338952));
#12282=CARTESIAN_POINT('',(71.8826155406,0.,22.1530529338952));
#12283=CARTESIAN_POINT('Origin',(65.3826155406,0.,34.1530529338952));
#12284=CARTESIAN_POINT('',(65.3826155406,0.,34.1530529338952));
#12285=CARTESIAN_POINT('',(65.3826155406,1.4,34.1530529338952));
#12286=CARTESIAN_POINT('Origin',(52.284788598025,0.,-21.6487788264419));
#12287=CARTESIAN_POINT('',(52.284788598025,0.,-21.6487788264419));
#12288=CARTESIAN_POINT('',(46.284788598025,0.,-9.64877882644192));
#12289=CARTESIAN_POINT('',(46.284788598025,0.,-9.64877882644192));
#12290=CARTESIAN_POINT('',(46.284788598025,1.4,-9.64877882644192));
#12291=CARTESIAN_POINT('',(46.284788598025,0.,-9.64877882644192));
#12292=CARTESIAN_POINT('',(52.284788598025,1.4,-21.6487788264419));
#12293=CARTESIAN_POINT('',(46.284788598025,1.4,-9.64877882644192));
#12294=CARTESIAN_POINT('',(52.284788598025,0.,-21.6487788264419));
#12295=CARTESIAN_POINT('Origin',(40.284788598025,0.,-21.6487788264419));
#12296=CARTESIAN_POINT('',(40.284788598025,0.,-21.6487788264419));
#12297=CARTESIAN_POINT('',(40.284788598025,0.,-21.6487788264419));
#12298=CARTESIAN_POINT('',(40.284788598025,1.4,-21.6487788264419));
#12299=CARTESIAN_POINT('',(40.284788598025,1.4,-21.6487788264419));
#12300=CARTESIAN_POINT('',(40.284788598025,0.,-21.6487788264419));
#12301=CARTESIAN_POINT('Origin',(46.284788598025,0.,-9.64877882644192));
#12302=CARTESIAN_POINT('',(40.284788598025,0.,-21.6487788264419));
#12303=CARTESIAN_POINT('',(40.284788598025,1.4,-21.6487788264419));
#12304=CARTESIAN_POINT('Origin',(-33.20434611485,0.,36.7536635206742));
#12305=CARTESIAN_POINT('',(-33.20434611485,0.,36.7536635206742));
#12306=CARTESIAN_POINT('',(-39.20434611485,0.,48.7536635206742));
#12307=CARTESIAN_POINT('',(-39.20434611485,0.,48.7536635206742));
#12308=CARTESIAN_POINT('',(-39.20434611485,1.4,48.7536635206742));
#12309=CARTESIAN_POINT('',(-39.20434611485,0.,48.7536635206742));
#12310=CARTESIAN_POINT('',(-33.20434611485,1.4,36.7536635206742));
#12311=CARTESIAN_POINT('',(-39.20434611485,1.4,48.7536635206742));
#12312=CARTESIAN_POINT('',(-33.20434611485,0.,36.7536635206742));
#12313=CARTESIAN_POINT('Origin',(-45.20434611485,0.,36.7536635206742));
#12314=CARTESIAN_POINT('',(-45.20434611485,0.,36.7536635206742));
#12315=CARTESIAN_POINT('',(-45.20434611485,0.,36.7536635206742));
#12316=CARTESIAN_POINT('',(-45.20434611485,1.4,36.7536635206742));
#12317=CARTESIAN_POINT('',(-45.20434611485,1.4,36.7536635206742));
#12318=CARTESIAN_POINT('',(-45.20434611485,0.,36.7536635206742));
#12319=CARTESIAN_POINT('Origin',(-39.20434611485,0.,48.7536635206742));
#12320=CARTESIAN_POINT('',(-45.20434611485,0.,36.7536635206742));
#12321=CARTESIAN_POINT('',(-45.20434611485,1.4,36.7536635206742));
#12322=CARTESIAN_POINT('Origin',(0.991307770300041,0.,-50.85));
#12323=CARTESIAN_POINT('',(0.991307770300041,0.,-50.85));
#12324=CARTESIAN_POINT('',(-5.00869222969996,0.,-38.85));
#12325=CARTESIAN_POINT('',(-5.00869222969996,0.,-38.85));
#12326=CARTESIAN_POINT('',(-5.00869222969996,1.4,-38.85));
#12327=CARTESIAN_POINT('',(-5.00869222969996,0.,-38.85));
#12328=CARTESIAN_POINT('',(0.991307770300036,1.4,-50.85));
#12329=CARTESIAN_POINT('',(-5.00869222969996,1.4,-38.85));
#12330=CARTESIAN_POINT('',(0.991307770300041,0.,-50.85));
#12331=CARTESIAN_POINT('Origin',(-11.0086922297,0.,-50.85));
#12332=CARTESIAN_POINT('',(-11.0086922297,0.,-50.85));
#12333=CARTESIAN_POINT('',(-11.0086922297,0.,-50.85));
#12334=CARTESIAN_POINT('',(-11.0086922297,1.4,-50.85));
#12335=CARTESIAN_POINT('',(-11.0086922297,1.4,-50.85));
#12336=CARTESIAN_POINT('',(-11.0086922297,0.,-50.85));
#12337=CARTESIAN_POINT('Origin',(-5.00869222969996,0.,-38.85));
#12338=CARTESIAN_POINT('',(-11.0086922297,0.,-50.85));
#12339=CARTESIAN_POINT('',(-11.0086922297,1.4,-50.85));
#12340=CARTESIAN_POINT('Origin',(-42.302173057425,0.,48.7536635206743));
#12341=CARTESIAN_POINT('',(-42.302173057425,0.,48.7536635206743));
#12342=CARTESIAN_POINT('',(-54.302173057425,0.,48.7536635206743));
#12343=CARTESIAN_POINT('',(-54.302173057425,0.,48.7536635206743));
#12344=CARTESIAN_POINT('',(-54.302173057425,1.4,48.7536635206743));
#12345=CARTESIAN_POINT('',(-54.302173057425,0.,48.7536635206743));
#12346=CARTESIAN_POINT('',(-42.302173057425,1.4,48.7536635206743));
#12347=CARTESIAN_POINT('',(-54.302173057425,1.4,48.7536635206743));
#12348=CARTESIAN_POINT('',(-42.302173057425,0.,48.7536635206743));
#12349=CARTESIAN_POINT('Origin',(-47.802173057425,0.,36.7536635206742));
#12350=CARTESIAN_POINT('',(-47.802173057425,0.,36.7536635206742));
#12351=CARTESIAN_POINT('',(-47.802173057425,0.,36.7536635206742));
#12352=CARTESIAN_POINT('',(-47.802173057425,1.4,36.7536635206742));
#12353=CARTESIAN_POINT('',(-47.802173057425,1.4,36.7536635206742));
#12354=CARTESIAN_POINT('',(-47.802173057425,0.,36.7536635206742));
#12355=CARTESIAN_POINT('Origin',(-54.302173057425,0.,48.7536635206743));
#12356=CARTESIAN_POINT('',(-54.302173057425,0.,48.7536635206743));
#12357=CARTESIAN_POINT('',(-54.302173057425,1.4,48.7536635206743));
#12358=CARTESIAN_POINT('Origin',(-25.20434611485,0.,4.95183176033714));
#12359=CARTESIAN_POINT('',(-25.20434611485,0.,4.95183176033714));
#12360=CARTESIAN_POINT('',(-37.20434611485,0.,4.95183176033715));
#12361=CARTESIAN_POINT('',(-37.20434611485,0.,4.95183176033715));
#12362=CARTESIAN_POINT('',(-37.20434611485,1.4,4.95183176033715));
#12363=CARTESIAN_POINT('',(-37.20434611485,0.,4.95183176033715));
#12364=CARTESIAN_POINT('',(-25.20434611485,1.4,4.95183176033714));
#12365=CARTESIAN_POINT('',(-37.20434611485,1.4,4.95183176033715));
#12366=CARTESIAN_POINT('',(-25.20434611485,0.,4.95183176033714));
#12367=CARTESIAN_POINT('Origin',(-30.70434611485,0.,-7.04816823966288));
#12368=CARTESIAN_POINT('',(-30.70434611485,0.,-7.04816823966288));
#12369=CARTESIAN_POINT('',(-30.70434611485,0.,-7.04816823966288));
#12370=CARTESIAN_POINT('',(-30.70434611485,1.4,-7.04816823966288));
#12371=CARTESIAN_POINT('',(-30.70434611485,1.4,-7.04816823966288));
#12372=CARTESIAN_POINT('',(-30.70434611485,0.,-7.04816823966288));
#12373=CARTESIAN_POINT('Origin',(-37.20434611485,0.,4.95183176033715));
#12374=CARTESIAN_POINT('',(-37.20434611485,0.,4.95183176033715));
#12375=CARTESIAN_POINT('',(-37.20434611485,1.4,4.95183176033715));
#12376=CARTESIAN_POINT('Origin',(18.089134712875,0.,-50.85));
#12377=CARTESIAN_POINT('',(18.089134712875,0.,-50.85));
#12378=CARTESIAN_POINT('',(12.089134712875,0.,-38.85));
#12379=CARTESIAN_POINT('',(12.089134712875,0.,-38.85));
#12380=CARTESIAN_POINT('',(12.089134712875,1.4,-38.85));
#12381=CARTESIAN_POINT('',(12.089134712875,0.,-38.85));
#12382=CARTESIAN_POINT('',(18.089134712875,1.4,-50.85));
#12383=CARTESIAN_POINT('',(12.089134712875,1.4,-38.85));
#12384=CARTESIAN_POINT('',(18.089134712875,0.,-50.85));
#12385=CARTESIAN_POINT('Origin',(6.08913471287503,0.,-50.85));
#12386=CARTESIAN_POINT('',(6.08913471287503,0.,-50.85));
#12387=CARTESIAN_POINT('',(6.08913471287503,0.,-50.85));
#12388=CARTESIAN_POINT('',(6.08913471287503,1.4,-50.85));
#12389=CARTESIAN_POINT('',(6.08913471287503,1.4,-50.85));
#12390=CARTESIAN_POINT('',(6.08913471287503,0.,-50.85));
#12391=CARTESIAN_POINT('Origin',(12.089134712875,0.,-38.85));
#12392=CARTESIAN_POINT('',(6.08913471287503,0.,-50.85));
#12393=CARTESIAN_POINT('',(6.08913471287503,1.4,-50.85));
#12394=CARTESIAN_POINT('Origin',(-50.302173057425,0.,22.1530529338952));
#12395=CARTESIAN_POINT('',(-50.302173057425,0.,22.1530529338952));
#12396=CARTESIAN_POINT('',(-56.302173057425,0.,34.1530529338952));
#12397=CARTESIAN_POINT('',(-56.302173057425,0.,34.1530529338952));
#12398=CARTESIAN_POINT('',(-56.302173057425,1.4,34.1530529338952));
#12399=CARTESIAN_POINT('',(-56.302173057425,0.,34.1530529338952));
#12400=CARTESIAN_POINT('',(-50.302173057425,1.4,22.1530529338952));
#12401=CARTESIAN_POINT('',(-56.302173057425,1.4,34.1530529338952));
#12402=CARTESIAN_POINT('',(-50.302173057425,0.,22.1530529338952));
#12403=CARTESIAN_POINT('Origin',(-62.302173057425,0.,22.1530529338952));
#12404=CARTESIAN_POINT('',(-62.302173057425,0.,22.1530529338952));
#12405=CARTESIAN_POINT('',(-62.302173057425,0.,22.1530529338952));
#12406=CARTESIAN_POINT('',(-62.302173057425,1.4,22.1530529338952));
#12407=CARTESIAN_POINT('',(-62.302173057425,1.4,22.1530529338952));
#12408=CARTESIAN_POINT('',(-62.302173057425,0.,22.1530529338952));
#12409=CARTESIAN_POINT('Origin',(-56.302173057425,0.,34.1530529338952));
#12410=CARTESIAN_POINT('',(-62.302173057425,0.,22.1530529338952));
#12411=CARTESIAN_POINT('',(-62.302173057425,1.4,22.1530529338952));
#12412=CARTESIAN_POINT('Origin',(-33.20434611485,0.,22.1530529338952));
#12413=CARTESIAN_POINT('',(-33.20434611485,0.,22.1530529338952));
#12414=CARTESIAN_POINT('',(-39.20434611485,0.,34.1530529338952));
#12415=CARTESIAN_POINT('',(-39.20434611485,0.,34.1530529338952));
#12416=CARTESIAN_POINT('',(-39.20434611485,1.4,34.1530529338952));
#12417=CARTESIAN_POINT('',(-39.20434611485,0.,34.1530529338952));
#12418=CARTESIAN_POINT('',(-33.20434611485,1.4,22.1530529338952));
#12419=CARTESIAN_POINT('',(-39.20434611485,1.4,34.1530529338952));
#12420=CARTESIAN_POINT('',(-33.20434611485,0.,22.1530529338952));
#12421=CARTESIAN_POINT('Origin',(-45.20434611485,0.,22.1530529338952));
#12422=CARTESIAN_POINT('',(-45.20434611485,0.,22.1530529338952));
#12423=CARTESIAN_POINT('',(-45.20434611485,0.,22.1530529338952));
#12424=CARTESIAN_POINT('',(-45.20434611485,1.4,22.1530529338952));
#12425=CARTESIAN_POINT('',(-45.20434611485,1.4,22.1530529338952));
#12426=CARTESIAN_POINT('',(-45.20434611485,0.,22.1530529338952));
#12427=CARTESIAN_POINT('Origin',(-39.20434611485,0.,34.1530529338952));
#12428=CARTESIAN_POINT('',(-45.20434611485,0.,22.1530529338952));
#12429=CARTESIAN_POINT('',(-45.20434611485,1.4,22.1530529338952));
#12430=CARTESIAN_POINT('Origin',(35.18696165545,0.,7.55244234711616));
#12431=CARTESIAN_POINT('',(35.18696165545,0.,7.55244234711616));
#12432=CARTESIAN_POINT('',(29.18696165545,0.,19.5524423471162));
#12433=CARTESIAN_POINT('',(29.18696165545,0.,19.5524423471162));
#12434=CARTESIAN_POINT('',(29.18696165545,1.4,19.5524423471162));
#12435=CARTESIAN_POINT('',(29.18696165545,0.,19.5524423471162));
#12436=CARTESIAN_POINT('',(35.18696165545,1.4,7.55244234711616));
#12437=CARTESIAN_POINT('',(29.18696165545,1.4,19.5524423471162));
#12438=CARTESIAN_POINT('',(35.18696165545,0.,7.55244234711616));
#12439=CARTESIAN_POINT('Origin',(23.18696165545,0.,7.55244234711615));
#12440=CARTESIAN_POINT('',(23.18696165545,0.,7.55244234711615));
#12441=CARTESIAN_POINT('',(23.18696165545,0.,7.55244234711615));
#12442=CARTESIAN_POINT('',(23.18696165545,1.4,7.55244234711615));
#12443=CARTESIAN_POINT('',(23.18696165545,1.4,7.55244234711615));
#12444=CARTESIAN_POINT('',(23.18696165545,0.,7.55244234711615));
#12445=CARTESIAN_POINT('Origin',(29.18696165545,0.,19.5524423471162));
#12446=CARTESIAN_POINT('',(23.18696165545,0.,7.55244234711615));
#12447=CARTESIAN_POINT('',(23.18696165545,1.4,7.55244234711615));
#12448=CARTESIAN_POINT('Origin',(26.089134712875,0.,48.7536635206743));
#12449=CARTESIAN_POINT('',(26.089134712875,0.,48.7536635206743));
#12450=CARTESIAN_POINT('',(14.089134712875,0.,48.7536635206743));
#12451=CARTESIAN_POINT('',(14.089134712875,0.,48.7536635206743));
#12452=CARTESIAN_POINT('',(14.089134712875,1.4,48.7536635206743));
#12453=CARTESIAN_POINT('',(14.089134712875,0.,48.7536635206743));
#12454=CARTESIAN_POINT('',(26.089134712875,1.4,48.7536635206743));
#12455=CARTESIAN_POINT('',(14.089134712875,1.4,48.7536635206743));
#12456=CARTESIAN_POINT('',(26.089134712875,0.,48.7536635206743));
#12457=CARTESIAN_POINT('Origin',(20.589134712875,0.,36.7536635206742));
#12458=CARTESIAN_POINT('',(20.589134712875,0.,36.7536635206742));
#12459=CARTESIAN_POINT('',(20.589134712875,0.,36.7536635206742));
#12460=CARTESIAN_POINT('',(20.589134712875,1.4,36.7536635206742));
#12461=CARTESIAN_POINT('',(20.589134712875,1.4,36.7536635206742));
#12462=CARTESIAN_POINT('',(20.589134712875,0.,36.7536635206742));
#12463=CARTESIAN_POINT('Origin',(14.089134712875,0.,48.7536635206743));
#12464=CARTESIAN_POINT('',(14.089134712875,0.,48.7536635206743));
#12465=CARTESIAN_POINT('',(14.089134712875,1.4,48.7536635206743));
#12466=CARTESIAN_POINT('Origin',(-59.4,0.,4.95183176033714));
#12467=CARTESIAN_POINT('',(-59.4,0.,4.95183176033714));
#12468=CARTESIAN_POINT('',(-71.4,0.,4.95183176033715));
#12469=CARTESIAN_POINT('',(-71.4,0.,4.95183176033715));
#12470=CARTESIAN_POINT('',(-71.4,1.4,4.95183176033715));
#12471=CARTESIAN_POINT('',(-71.4,0.,4.95183176033715));
#12472=CARTESIAN_POINT('',(-59.4,1.4,4.95183176033714));
#12473=CARTESIAN_POINT('',(-71.4,1.4,4.95183176033715));
#12474=CARTESIAN_POINT('',(-59.4,0.,4.95183176033714));
#12475=CARTESIAN_POINT('Origin',(-64.9,0.,-7.04816823966288));
#12476=CARTESIAN_POINT('',(-64.9,0.,-7.04816823966288));
#12477=CARTESIAN_POINT('',(-64.9,0.,-7.04816823966288));
#12478=CARTESIAN_POINT('',(-64.9,1.4,-7.04816823966288));
#12479=CARTESIAN_POINT('',(-64.9,1.4,-7.04816823966288));
#12480=CARTESIAN_POINT('',(-64.9,0.,-7.04816823966288));
#12481=CARTESIAN_POINT('Origin',(-71.4,0.,4.95183176033715));
#12482=CARTESIAN_POINT('',(-71.4,0.,4.95183176033715));
#12483=CARTESIAN_POINT('',(-71.4,1.4,4.95183176033715));
#12484=CARTESIAN_POINT('Origin',(77.3826155406,0.,-38.85));
#12485=CARTESIAN_POINT('',(77.3826155406,0.,-38.85));
#12486=CARTESIAN_POINT('',(65.3826155406,0.,-38.85));
#12487=CARTESIAN_POINT('',(65.3826155406,0.,-38.85));
#12488=CARTESIAN_POINT('',(65.3826155406,1.4,-38.85));
#12489=CARTESIAN_POINT('',(65.3826155406,0.,-38.85));
#12490=CARTESIAN_POINT('',(77.3826155406,1.4,-38.85));
#12491=CARTESIAN_POINT('',(65.3826155406,1.4,-38.85));
#12492=CARTESIAN_POINT('',(77.3826155406,0.,-38.85));
#12493=CARTESIAN_POINT('Origin',(71.8826155406,0.,-50.85));
#12494=CARTESIAN_POINT('',(71.8826155406,0.,-50.85));
#12495=CARTESIAN_POINT('',(71.8826155406,0.,-50.85));
#12496=CARTESIAN_POINT('',(71.8826155406,1.4,-50.85));
#12497=CARTESIAN_POINT('',(71.8826155406,1.4,-50.85));
#12498=CARTESIAN_POINT('',(71.8826155406,0.,-50.85));
#12499=CARTESIAN_POINT('Origin',(65.3826155406,0.,-38.85));
#12500=CARTESIAN_POINT('',(65.3826155406,0.,-38.85));
#12501=CARTESIAN_POINT('',(65.3826155406,1.4,-38.85));
#12502=CARTESIAN_POINT('Origin',(-33.20434611485,0.,-7.04816823966288));
#12503=CARTESIAN_POINT('',(-33.20434611485,0.,-7.04816823966289));
#12504=CARTESIAN_POINT('',(-39.20434611485,0.,4.95183176033712));
#12505=CARTESIAN_POINT('',(-39.20434611485,0.,4.95183176033712));
#12506=CARTESIAN_POINT('',(-39.20434611485,1.4,4.95183176033712));
#12507=CARTESIAN_POINT('',(-39.20434611485,0.,4.95183176033712));
#12508=CARTESIAN_POINT('',(-33.20434611485,1.4,-7.04816823966288));
#12509=CARTESIAN_POINT('',(-39.20434611485,1.4,4.95183176033712));
#12510=CARTESIAN_POINT('',(-33.20434611485,0.,-7.04816823966289));
#12511=CARTESIAN_POINT('Origin',(-45.20434611485,0.,-7.04816823966289));
#12512=CARTESIAN_POINT('',(-45.20434611485,0.,-7.04816823966289));
#12513=CARTESIAN_POINT('',(-45.20434611485,0.,-7.04816823966289));
#12514=CARTESIAN_POINT('',(-45.20434611485,1.4,-7.04816823966289));
#12515=CARTESIAN_POINT('',(-45.20434611485,1.4,-7.04816823966289));
#12516=CARTESIAN_POINT('',(-45.20434611485,0.,-7.04816823966289));
#12517=CARTESIAN_POINT('Origin',(-39.20434611485,0.,4.95183176033712));
#12518=CARTESIAN_POINT('',(-45.20434611485,0.,-7.04816823966289));
#12519=CARTESIAN_POINT('',(-45.20434611485,1.4,-7.04816823966289));
#12520=CARTESIAN_POINT('Origin',(26.089134712875,0.,34.1530529338952));
#12521=CARTESIAN_POINT('',(26.089134712875,0.,34.1530529338952));
#12522=CARTESIAN_POINT('',(14.089134712875,0.,34.1530529338952));
#12523=CARTESIAN_POINT('',(14.089134712875,0.,34.1530529338952));
#12524=CARTESIAN_POINT('',(14.089134712875,1.4,34.1530529338952));
#12525=CARTESIAN_POINT('',(14.089134712875,0.,34.1530529338952));
#12526=CARTESIAN_POINT('',(26.089134712875,1.4,34.1530529338952));
#12527=CARTESIAN_POINT('',(14.089134712875,1.4,34.1530529338952));
#12528=CARTESIAN_POINT('',(26.089134712875,0.,34.1530529338952));
#12529=CARTESIAN_POINT('Origin',(20.589134712875,0.,22.1530529338952));
#12530=CARTESIAN_POINT('',(20.589134712875,0.,22.1530529338952));
#12531=CARTESIAN_POINT('',(20.589134712875,0.,22.1530529338952));
#12532=CARTESIAN_POINT('',(20.589134712875,1.4,22.1530529338952));
#12533=CARTESIAN_POINT('',(20.589134712875,1.4,22.1530529338952));
#12534=CARTESIAN_POINT('',(20.589134712875,0.,22.1530529338952));
#12535=CARTESIAN_POINT('Origin',(14.089134712875,0.,34.1530529338952));
#12536=CARTESIAN_POINT('',(14.089134712875,0.,34.1530529338952));
#12537=CARTESIAN_POINT('',(14.089134712875,1.4,34.1530529338952));
#12538=CARTESIAN_POINT('Origin',(-8.10651917227495,0.,4.95183176033714));
#12539=CARTESIAN_POINT('',(-8.10651917227495,0.,4.95183176033714));
#12540=CARTESIAN_POINT('',(-20.106519172275,0.,4.95183176033715));
#12541=CARTESIAN_POINT('',(-20.106519172275,0.,4.95183176033715));
#12542=CARTESIAN_POINT('',(-20.106519172275,1.4,4.95183176033715));
#12543=CARTESIAN_POINT('',(-20.106519172275,0.,4.95183176033715));
#12544=CARTESIAN_POINT('',(-8.10651917227496,1.4,4.95183176033714));
#12545=CARTESIAN_POINT('',(-20.106519172275,1.4,4.95183176033715));
#12546=CARTESIAN_POINT('',(-8.10651917227495,0.,4.95183176033714));
#12547=CARTESIAN_POINT('Origin',(-13.606519172275,0.,-7.04816823966288));
#12548=CARTESIAN_POINT('',(-13.606519172275,0.,-7.04816823966288));
#12549=CARTESIAN_POINT('',(-13.606519172275,0.,-7.04816823966288));
#12550=CARTESIAN_POINT('',(-13.606519172275,1.4,-7.04816823966288));
#12551=CARTESIAN_POINT('',(-13.606519172275,1.4,-7.04816823966288));
#12552=CARTESIAN_POINT('',(-13.606519172275,0.,-7.04816823966288));
#12553=CARTESIAN_POINT('Origin',(-20.106519172275,0.,4.95183176033715));
#12554=CARTESIAN_POINT('',(-20.106519172275,0.,4.95183176033715));
#12555=CARTESIAN_POINT('',(-20.106519172275,1.4,4.95183176033715));
#12556=CARTESIAN_POINT('Origin',(35.18696165545,0.,-7.04816823966288));
#12557=CARTESIAN_POINT('',(35.18696165545,0.,-7.04816823966289));
#12558=CARTESIAN_POINT('',(29.18696165545,0.,4.95183176033712));
#12559=CARTESIAN_POINT('',(29.18696165545,0.,4.95183176033712));
#12560=CARTESIAN_POINT('',(29.18696165545,1.4,4.95183176033712));
#12561=CARTESIAN_POINT('',(29.18696165545,0.,4.95183176033712));
#12562=CARTESIAN_POINT('',(35.18696165545,1.4,-7.04816823966288));
#12563=CARTESIAN_POINT('',(29.18696165545,1.4,4.95183176033712));
#12564=CARTESIAN_POINT('',(35.18696165545,0.,-7.04816823966289));
#12565=CARTESIAN_POINT('Origin',(23.18696165545,0.,-7.04816823966289));
#12566=CARTESIAN_POINT('',(23.18696165545,0.,-7.04816823966289));
#12567=CARTESIAN_POINT('',(23.18696165545,0.,-7.04816823966289));
#12568=CARTESIAN_POINT('',(23.18696165545,1.4,-7.04816823966289));
#12569=CARTESIAN_POINT('',(23.18696165545,1.4,-7.04816823966289));
#12570=CARTESIAN_POINT('',(23.18696165545,0.,-7.04816823966289));
#12571=CARTESIAN_POINT('Origin',(29.18696165545,0.,4.95183176033712));
#12572=CARTESIAN_POINT('',(23.18696165545,0.,-7.04816823966289));
#12573=CARTESIAN_POINT('',(23.18696165545,1.4,-7.04816823966289));
#12574=CARTESIAN_POINT('Origin',(-25.20434611485,0.,34.1530529338952));
#12575=CARTESIAN_POINT('',(-25.20434611485,0.,34.1530529338952));
#12576=CARTESIAN_POINT('',(-37.20434611485,0.,34.1530529338952));
#12577=CARTESIAN_POINT('',(-37.20434611485,0.,34.1530529338952));
#12578=CARTESIAN_POINT('',(-37.20434611485,1.4,34.1530529338952));
#12579=CARTESIAN_POINT('',(-37.20434611485,0.,34.1530529338952));
#12580=CARTESIAN_POINT('',(-25.20434611485,1.4,34.1530529338952));
#12581=CARTESIAN_POINT('',(-37.20434611485,1.4,34.1530529338952));
#12582=CARTESIAN_POINT('',(-25.20434611485,0.,34.1530529338952));
#12583=CARTESIAN_POINT('Origin',(-30.70434611485,0.,22.1530529338952));
#12584=CARTESIAN_POINT('',(-30.70434611485,0.,22.1530529338952));
#12585=CARTESIAN_POINT('',(-30.70434611485,0.,22.1530529338952));
#12586=CARTESIAN_POINT('',(-30.70434611485,1.4,22.1530529338952));
#12587=CARTESIAN_POINT('',(-30.70434611485,1.4,22.1530529338952));
#12588=CARTESIAN_POINT('',(-30.70434611485,0.,22.1530529338952));
#12589=CARTESIAN_POINT('Origin',(-37.20434611485,0.,34.1530529338952));
#12590=CARTESIAN_POINT('',(-37.20434611485,0.,34.1530529338952));
#12591=CARTESIAN_POINT('',(-37.20434611485,1.4,34.1530529338952));
#12592=CARTESIAN_POINT('Origin',(18.089134712875,0.,-7.04816823966288));
#12593=CARTESIAN_POINT('',(18.089134712875,0.,-7.04816823966289));
#12594=CARTESIAN_POINT('',(12.089134712875,0.,4.95183176033712));
#12595=CARTESIAN_POINT('',(12.089134712875,0.,4.95183176033712));
#12596=CARTESIAN_POINT('',(12.089134712875,1.4,4.95183176033712));
#12597=CARTESIAN_POINT('',(12.089134712875,0.,4.95183176033712));
#12598=CARTESIAN_POINT('',(18.089134712875,1.4,-7.04816823966288));
#12599=CARTESIAN_POINT('',(12.089134712875,1.4,4.95183176033712));
#12600=CARTESIAN_POINT('',(18.089134712875,0.,-7.04816823966289));
#12601=CARTESIAN_POINT('Origin',(6.08913471287503,0.,-7.04816823966289));
#12602=CARTESIAN_POINT('',(6.08913471287503,0.,-7.04816823966289));
#12603=CARTESIAN_POINT('',(6.08913471287503,0.,-7.04816823966289));
#12604=CARTESIAN_POINT('',(6.08913471287503,1.4,-7.04816823966289));
#12605=CARTESIAN_POINT('',(6.08913471287503,1.4,-7.04816823966289));
#12606=CARTESIAN_POINT('',(6.08913471287503,0.,-7.04816823966289));
#12607=CARTESIAN_POINT('Origin',(12.089134712875,0.,4.95183176033712));
#12608=CARTESIAN_POINT('',(6.08913471287503,0.,-7.04816823966289));
#12609=CARTESIAN_POINT('',(6.08913471287503,1.4,-7.04816823966289));
#12610=CARTESIAN_POINT('Origin',(-50.302173057425,0.,-7.04816823966289));
#12611=CARTESIAN_POINT('',(-50.302173057425,0.,-7.04816823966289));
#12612=CARTESIAN_POINT('',(-56.302173057425,0.,4.95183176033712));
#12613=CARTESIAN_POINT('',(-56.302173057425,0.,4.95183176033712));
#12614=CARTESIAN_POINT('',(-56.302173057425,1.4,4.95183176033712));
#12615=CARTESIAN_POINT('',(-56.302173057425,0.,4.95183176033712));
#12616=CARTESIAN_POINT('',(-50.302173057425,1.4,-7.04816823966288));
#12617=CARTESIAN_POINT('',(-56.302173057425,1.4,4.95183176033712));
#12618=CARTESIAN_POINT('',(-50.302173057425,0.,-7.04816823966289));
#12619=CARTESIAN_POINT('Origin',(-62.302173057425,0.,-7.04816823966289));
#12620=CARTESIAN_POINT('',(-62.302173057425,0.,-7.04816823966289));
#12621=CARTESIAN_POINT('',(-62.302173057425,0.,-7.04816823966289));
#12622=CARTESIAN_POINT('',(-62.302173057425,1.4,-7.04816823966289));
#12623=CARTESIAN_POINT('',(-62.302173057425,1.4,-7.04816823966289));
#12624=CARTESIAN_POINT('',(-62.302173057425,0.,-7.04816823966289));
#12625=CARTESIAN_POINT('Origin',(-56.302173057425,0.,4.95183176033712));
#12626=CARTESIAN_POINT('',(-62.302173057425,0.,-7.04816823966289));
#12627=CARTESIAN_POINT('',(-62.302173057425,1.4,-7.04816823966289));
#12628=CARTESIAN_POINT('Origin',(-67.4,0.,22.1530529338952));
#12629=CARTESIAN_POINT('',(-67.4,0.,22.1530529338952));
#12630=CARTESIAN_POINT('',(-73.4,0.,34.1530529338952));
#12631=CARTESIAN_POINT('',(-73.4,0.,34.1530529338952));
#12632=CARTESIAN_POINT('',(-73.4,1.4,34.1530529338952));
#12633=CARTESIAN_POINT('',(-73.4,0.,34.1530529338952));
#12634=CARTESIAN_POINT('',(-67.4,1.4,22.1530529338952));
#12635=CARTESIAN_POINT('',(-73.4,1.4,34.1530529338952));
#12636=CARTESIAN_POINT('',(-67.4,0.,22.1530529338952));
#12637=CARTESIAN_POINT('Origin',(-79.4,0.,22.1530529338952));
#12638=CARTESIAN_POINT('',(-79.4,0.,22.1530529338952));
#12639=CARTESIAN_POINT('',(-79.4,0.,22.1530529338952));
#12640=CARTESIAN_POINT('',(-79.4,1.4,22.1530529338952));
#12641=CARTESIAN_POINT('',(-79.4,1.4,22.1530529338952));
#12642=CARTESIAN_POINT('',(-79.4,0.,22.1530529338952));
#12643=CARTESIAN_POINT('Origin',(-73.4,0.,34.1530529338952));
#12644=CARTESIAN_POINT('',(-79.4,0.,22.1530529338952));
#12645=CARTESIAN_POINT('',(-79.4,1.4,22.1530529338952));
#12646=CARTESIAN_POINT('Origin',(8.99130777030005,0.,19.5524423471162));
#12647=CARTESIAN_POINT('',(8.99130777030005,0.,19.5524423471162));
#12648=CARTESIAN_POINT('',(-3.00869222969996,0.,19.5524423471162));
#12649=CARTESIAN_POINT('',(-3.00869222969996,0.,19.5524423471162));
#12650=CARTESIAN_POINT('',(-3.00869222969996,1.4,19.5524423471162));
#12651=CARTESIAN_POINT('',(-3.00869222969996,0.,19.5524423471162));
#12652=CARTESIAN_POINT('',(8.99130777030004,1.4,19.5524423471162));
#12653=CARTESIAN_POINT('',(-3.00869222969996,1.4,19.5524423471162));
#12654=CARTESIAN_POINT('',(8.99130777030005,0.,19.5524423471162));
#12655=CARTESIAN_POINT('Origin',(3.49130777030004,0.,7.55244234711616));
#12656=CARTESIAN_POINT('',(3.49130777030004,0.,7.55244234711616));
#12657=CARTESIAN_POINT('',(3.49130777030004,0.,7.55244234711616));
#12658=CARTESIAN_POINT('',(3.49130777030004,1.4,7.55244234711616));
#12659=CARTESIAN_POINT('',(3.49130777030004,1.4,7.55244234711616));
#12660=CARTESIAN_POINT('',(3.49130777030004,0.,7.55244234711616));
#12661=CARTESIAN_POINT('Origin',(-3.00869222969996,0.,19.5524423471162));
#12662=CARTESIAN_POINT('',(-3.00869222969996,0.,19.5524423471162));
#12663=CARTESIAN_POINT('',(-3.00869222969996,1.4,19.5524423471162));
#12664=CARTESIAN_POINT('Origin',(43.18696165545,0.,-38.85));
#12665=CARTESIAN_POINT('',(43.18696165545,0.,-38.85));
#12666=CARTESIAN_POINT('',(31.18696165545,0.,-38.85));
#12667=CARTESIAN_POINT('',(31.18696165545,0.,-38.85));
#12668=CARTESIAN_POINT('',(31.18696165545,1.4,-38.85));
#12669=CARTESIAN_POINT('',(31.18696165545,0.,-38.85));
#12670=CARTESIAN_POINT('',(43.18696165545,1.4,-38.85));
#12671=CARTESIAN_POINT('',(31.18696165545,1.4,-38.85));
#12672=CARTESIAN_POINT('',(43.18696165545,0.,-38.85));
#12673=CARTESIAN_POINT('Origin',(37.68696165545,0.,-50.85));
#12674=CARTESIAN_POINT('',(37.68696165545,0.,-50.85));
#12675=CARTESIAN_POINT('',(37.68696165545,0.,-50.85));
#12676=CARTESIAN_POINT('',(37.68696165545,1.4,-50.85));
#12677=CARTESIAN_POINT('',(37.68696165545,1.4,-50.85));
#12678=CARTESIAN_POINT('',(37.68696165545,0.,-50.85));
#12679=CARTESIAN_POINT('Origin',(31.18696165545,0.,-38.85));
#12680=CARTESIAN_POINT('',(31.18696165545,0.,-38.85));
#12681=CARTESIAN_POINT('',(31.18696165545,1.4,-38.85));
#12682=CARTESIAN_POINT('Origin',(-33.20434611485,0.,-21.6487788264419));
#12683=CARTESIAN_POINT('',(-33.20434611485,0.,-21.6487788264419));
#12684=CARTESIAN_POINT('',(-39.20434611485,0.,-9.64877882644192));
#12685=CARTESIAN_POINT('',(-39.20434611485,0.,-9.64877882644192));
#12686=CARTESIAN_POINT('',(-39.20434611485,1.4,-9.64877882644192));
#12687=CARTESIAN_POINT('',(-39.20434611485,0.,-9.64877882644192));
#12688=CARTESIAN_POINT('',(-33.20434611485,1.4,-21.6487788264419));
#12689=CARTESIAN_POINT('',(-39.20434611485,1.4,-9.64877882644192));
#12690=CARTESIAN_POINT('',(-33.20434611485,0.,-21.6487788264419));
#12691=CARTESIAN_POINT('Origin',(-45.20434611485,0.,-21.6487788264419));
#12692=CARTESIAN_POINT('',(-45.20434611485,0.,-21.6487788264419));
#12693=CARTESIAN_POINT('',(-45.20434611485,0.,-21.6487788264419));
#12694=CARTESIAN_POINT('',(-45.20434611485,1.4,-21.6487788264419));
#12695=CARTESIAN_POINT('',(-45.20434611485,1.4,-21.6487788264419));
#12696=CARTESIAN_POINT('',(-45.20434611485,0.,-21.6487788264419));
#12697=CARTESIAN_POINT('Origin',(-39.20434611485,0.,-9.64877882644192));
#12698=CARTESIAN_POINT('',(-45.20434611485,0.,-21.6487788264419));
#12699=CARTESIAN_POINT('',(-45.20434611485,1.4,-21.6487788264419));
#12700=CARTESIAN_POINT('Origin',(60.284788598025,0.,34.1530529338952));
#12701=CARTESIAN_POINT('',(60.284788598025,0.,34.1530529338952));
#12702=CARTESIAN_POINT('',(48.284788598025,0.,34.1530529338952));
#12703=CARTESIAN_POINT('',(48.284788598025,0.,34.1530529338952));
#12704=CARTESIAN_POINT('',(48.2847885980251,1.4,34.1530529338952));
#12705=CARTESIAN_POINT('',(48.284788598025,0.,34.1530529338952));
#12706=CARTESIAN_POINT('',(60.284788598025,1.4,34.1530529338952));
#12707=CARTESIAN_POINT('',(48.284788598025,1.4,34.1530529338952));
#12708=CARTESIAN_POINT('',(60.284788598025,0.,34.1530529338952));
#12709=CARTESIAN_POINT('Origin',(54.784788598025,0.,22.1530529338952));
#12710=CARTESIAN_POINT('',(54.784788598025,0.,22.1530529338952));
#12711=CARTESIAN_POINT('',(54.784788598025,0.,22.1530529338952));
#12712=CARTESIAN_POINT('',(54.784788598025,1.4,22.1530529338952));
#12713=CARTESIAN_POINT('',(54.784788598025,1.4,22.1530529338952));
#12714=CARTESIAN_POINT('',(54.784788598025,0.,22.1530529338952));
#12715=CARTESIAN_POINT('Origin',(48.284788598025,0.,34.1530529338952));
#12716=CARTESIAN_POINT('',(48.284788598025,0.,34.1530529338952));
#12717=CARTESIAN_POINT('',(48.284788598025,1.4,34.1530529338952));
#12718=CARTESIAN_POINT('Origin',(8.99130777030005,0.,4.95183176033714));
#12719=CARTESIAN_POINT('',(8.99130777030005,0.,4.95183176033714));
#12720=CARTESIAN_POINT('',(-3.00869222969996,0.,4.95183176033715));
#12721=CARTESIAN_POINT('',(-3.00869222969996,0.,4.95183176033715));
#12722=CARTESIAN_POINT('',(-3.00869222969996,1.4,4.95183176033715));
#12723=CARTESIAN_POINT('',(-3.00869222969996,0.,4.95183176033715));
#12724=CARTESIAN_POINT('',(8.99130777030004,1.4,4.95183176033714));
#12725=CARTESIAN_POINT('',(-3.00869222969996,1.4,4.95183176033715));
#12726=CARTESIAN_POINT('',(8.99130777030005,0.,4.95183176033714));
#12727=CARTESIAN_POINT('Origin',(3.49130777030004,0.,-7.04816823966288));
#12728=CARTESIAN_POINT('',(3.49130777030004,0.,-7.04816823966288));
#12729=CARTESIAN_POINT('',(3.49130777030004,0.,-7.04816823966288));
#12730=CARTESIAN_POINT('',(3.49130777030004,1.4,-7.04816823966288));
#12731=CARTESIAN_POINT('',(3.49130777030004,1.4,-7.04816823966288));
#12732=CARTESIAN_POINT('',(3.49130777030004,0.,-7.04816823966288));
#12733=CARTESIAN_POINT('Origin',(-3.00869222969996,0.,4.95183176033715));
#12734=CARTESIAN_POINT('',(-3.00869222969996,0.,4.95183176033715));
#12735=CARTESIAN_POINT('',(-3.00869222969996,1.4,4.95183176033715));
#12736=CARTESIAN_POINT('Origin',(-8.10651917227495,0.,-24.2493894132209));
#12737=CARTESIAN_POINT('',(-8.10651917227495,0.,-24.2493894132209));
#12738=CARTESIAN_POINT('',(-20.106519172275,0.,-24.2493894132209));
#12739=CARTESIAN_POINT('',(-20.106519172275,0.,-24.2493894132209));
#12740=CARTESIAN_POINT('',(-20.106519172275,1.4,-24.2493894132209));
#12741=CARTESIAN_POINT('',(-20.106519172275,0.,-24.2493894132209));
#12742=CARTESIAN_POINT('',(-8.10651917227496,1.4,-24.2493894132209));
#12743=CARTESIAN_POINT('',(-20.106519172275,1.4,-24.2493894132209));
#12744=CARTESIAN_POINT('',(-8.10651917227495,0.,-24.2493894132209));
#12745=CARTESIAN_POINT('Origin',(-13.606519172275,0.,-36.249389413221));
#12746=CARTESIAN_POINT('',(-13.606519172275,0.,-36.249389413221));
#12747=CARTESIAN_POINT('',(-13.606519172275,0.,-36.249389413221));
#12748=CARTESIAN_POINT('',(-13.606519172275,1.4,-36.249389413221));
#12749=CARTESIAN_POINT('',(-13.606519172275,1.4,-36.249389413221));
#12750=CARTESIAN_POINT('',(-13.606519172275,0.,-36.249389413221));
#12751=CARTESIAN_POINT('Origin',(-20.106519172275,0.,-24.2493894132209));
#12752=CARTESIAN_POINT('',(-20.106519172275,0.,-24.2493894132209));
#12753=CARTESIAN_POINT('',(-20.106519172275,1.4,-24.2493894132209));
#12754=CARTESIAN_POINT('Origin',(0.991307770300039,0.,-7.04816823966288));
#12755=CARTESIAN_POINT('',(0.991307770300041,0.,-7.04816823966289));
#12756=CARTESIAN_POINT('',(-5.00869222969996,0.,4.95183176033712));
#12757=CARTESIAN_POINT('',(-5.00869222969996,0.,4.95183176033712));
#12758=CARTESIAN_POINT('',(-5.00869222969996,1.4,4.95183176033712));
#12759=CARTESIAN_POINT('',(-5.00869222969996,0.,4.95183176033712));
#12760=CARTESIAN_POINT('',(0.991307770300036,1.4,-7.04816823966288));
#12761=CARTESIAN_POINT('',(-5.00869222969996,1.4,4.95183176033712));
#12762=CARTESIAN_POINT('',(0.991307770300041,0.,-7.04816823966289));
#12763=CARTESIAN_POINT('Origin',(-11.0086922297,0.,-7.04816823966289));
#12764=CARTESIAN_POINT('',(-11.0086922297,0.,-7.04816823966289));
#12765=CARTESIAN_POINT('',(-11.0086922297,0.,-7.04816823966289));
#12766=CARTESIAN_POINT('',(-11.0086922297,1.4,-7.04816823966289));
#12767=CARTESIAN_POINT('',(-11.0086922297,1.4,-7.04816823966289));
#12768=CARTESIAN_POINT('',(-11.0086922297,0.,-7.04816823966289));
#12769=CARTESIAN_POINT('Origin',(-5.00869222969996,0.,4.95183176033712));
#12770=CARTESIAN_POINT('',(-11.0086922297,0.,-7.04816823966289));
#12771=CARTESIAN_POINT('',(-11.0086922297,1.4,-7.04816823966289));
#12772=CARTESIAN_POINT('Origin',(-16.106519172275,0.,36.7536635206742));
#12773=CARTESIAN_POINT('',(-16.106519172275,0.,36.7536635206742));
#12774=CARTESIAN_POINT('',(-22.106519172275,0.,48.7536635206742));
#12775=CARTESIAN_POINT('',(-22.106519172275,0.,48.7536635206742));
#12776=CARTESIAN_POINT('',(-22.106519172275,1.4,48.7536635206742));
#12777=CARTESIAN_POINT('',(-22.106519172275,0.,48.7536635206742));
#12778=CARTESIAN_POINT('',(-16.106519172275,1.4,36.7536635206742));
#12779=CARTESIAN_POINT('',(-22.106519172275,1.4,48.7536635206742));
#12780=CARTESIAN_POINT('',(-16.106519172275,0.,36.7536635206742));
#12781=CARTESIAN_POINT('Origin',(-28.106519172275,0.,36.7536635206742));
#12782=CARTESIAN_POINT('',(-28.106519172275,0.,36.7536635206742));
#12783=CARTESIAN_POINT('',(-28.106519172275,0.,36.7536635206742));
#12784=CARTESIAN_POINT('',(-28.106519172275,1.4,36.7536635206742));
#12785=CARTESIAN_POINT('',(-28.106519172275,1.4,36.7536635206742));
#12786=CARTESIAN_POINT('',(-28.106519172275,0.,36.7536635206742));
#12787=CARTESIAN_POINT('Origin',(-22.106519172275,0.,48.7536635206742));
#12788=CARTESIAN_POINT('',(-28.106519172275,0.,36.7536635206742));
#12789=CARTESIAN_POINT('',(-28.106519172275,1.4,36.7536635206742));
#12790=CARTESIAN_POINT('Origin',(-59.4,0.,-9.64877882644189));
#12791=CARTESIAN_POINT('',(-59.4,0.,-9.64877882644189));
#12792=CARTESIAN_POINT('',(-71.4,0.,-9.64877882644189));
#12793=CARTESIAN_POINT('',(-71.4,0.,-9.64877882644189));
#12794=CARTESIAN_POINT('',(-71.4,1.4,-9.64877882644189));
#12795=CARTESIAN_POINT('',(-71.4,0.,-9.64877882644189));
#12796=CARTESIAN_POINT('',(-59.4,1.4,-9.64877882644189));
#12797=CARTESIAN_POINT('',(-71.4,1.4,-9.64877882644189));
#12798=CARTESIAN_POINT('',(-59.4,0.,-9.64877882644189));
#12799=CARTESIAN_POINT('Origin',(-64.9,0.,-21.6487788264419));
#12800=CARTESIAN_POINT('',(-64.9,0.,-21.6487788264419));
#12801=CARTESIAN_POINT('',(-64.9,0.,-21.6487788264419));
#12802=CARTESIAN_POINT('',(-64.9,1.4,-21.6487788264419));
#12803=CARTESIAN_POINT('',(-64.9,1.4,-21.6487788264419));
#12804=CARTESIAN_POINT('',(-64.9,0.,-21.6487788264419));
#12805=CARTESIAN_POINT('Origin',(-71.4,0.,-9.64877882644189));
#12806=CARTESIAN_POINT('',(-71.4,0.,-9.64877882644189));
#12807=CARTESIAN_POINT('',(-71.4,1.4,-9.64877882644189));
#12808=CARTESIAN_POINT('Origin',(-67.4,0.,-7.04816823966289));
#12809=CARTESIAN_POINT('',(-67.4,0.,-7.04816823966289));
#12810=CARTESIAN_POINT('',(-73.4,0.,4.95183176033712));
#12811=CARTESIAN_POINT('',(-73.4,0.,4.95183176033712));
#12812=CARTESIAN_POINT('',(-73.4,1.4,4.95183176033712));
#12813=CARTESIAN_POINT('',(-73.4,0.,4.95183176033712));
#12814=CARTESIAN_POINT('',(-67.4,1.4,-7.04816823966288));
#12815=CARTESIAN_POINT('',(-73.4,1.4,4.95183176033712));
#12816=CARTESIAN_POINT('',(-67.4,0.,-7.04816823966289));
#12817=CARTESIAN_POINT('Origin',(-79.4,0.,-7.04816823966289));
#12818=CARTESIAN_POINT('',(-79.4,0.,-7.04816823966289));
#12819=CARTESIAN_POINT('',(-79.4,0.,-7.04816823966289));
#12820=CARTESIAN_POINT('',(-79.4,1.4,-7.04816823966289));
#12821=CARTESIAN_POINT('',(-79.4,1.4,-7.04816823966289));
#12822=CARTESIAN_POINT('',(-79.4,0.,-7.04816823966289));
#12823=CARTESIAN_POINT('Origin',(-73.4,0.,4.95183176033712));
#12824=CARTESIAN_POINT('',(-79.4,0.,-7.04816823966289));
#12825=CARTESIAN_POINT('',(-79.4,1.4,-7.04816823966289));
#12826=CARTESIAN_POINT('Origin',(52.284788598025,0.,-36.249389413221));
#12827=CARTESIAN_POINT('',(52.284788598025,0.,-36.249389413221));
#12828=CARTESIAN_POINT('',(46.284788598025,0.,-24.249389413221));
#12829=CARTESIAN_POINT('',(46.284788598025,0.,-24.249389413221));
#12830=CARTESIAN_POINT('',(46.284788598025,1.4,-24.249389413221));
#12831=CARTESIAN_POINT('',(46.284788598025,0.,-24.249389413221));
#12832=CARTESIAN_POINT('',(52.284788598025,1.4,-36.249389413221));
#12833=CARTESIAN_POINT('',(46.284788598025,1.4,-24.249389413221));
#12834=CARTESIAN_POINT('',(52.284788598025,0.,-36.249389413221));
#12835=CARTESIAN_POINT('Origin',(40.284788598025,0.,-36.249389413221));
#12836=CARTESIAN_POINT('',(40.284788598025,0.,-36.249389413221));
#12837=CARTESIAN_POINT('',(40.284788598025,0.,-36.249389413221));
#12838=CARTESIAN_POINT('',(40.284788598025,1.4,-36.249389413221));
#12839=CARTESIAN_POINT('',(40.284788598025,1.4,-36.249389413221));
#12840=CARTESIAN_POINT('',(40.284788598025,0.,-36.249389413221));
#12841=CARTESIAN_POINT('Origin',(46.284788598025,0.,-24.249389413221));
#12842=CARTESIAN_POINT('',(40.284788598025,0.,-36.249389413221));
#12843=CARTESIAN_POINT('',(40.284788598025,1.4,-36.249389413221));
#12844=CARTESIAN_POINT('Origin',(87.,0.,40.2));
#12845=CARTESIAN_POINT('',(85.4,1.4,40.2));
#12846=CARTESIAN_POINT('Origin',(87.,1.4,40.2));
#12847=CARTESIAN_POINT('',(85.4,0.,40.2));
#12848=CARTESIAN_POINT('',(85.4,0.,40.2));
#12849=CARTESIAN_POINT('Origin',(87.,0.,40.2));
#12850=CARTESIAN_POINT('Origin',(-25.20434611485,0.,19.5524423471162));
#12851=CARTESIAN_POINT('',(-25.20434611485,0.,19.5524423471162));
#12852=CARTESIAN_POINT('',(-37.20434611485,0.,19.5524423471162));
#12853=CARTESIAN_POINT('',(-37.20434611485,0.,19.5524423471162));
#12854=CARTESIAN_POINT('',(-37.20434611485,1.4,19.5524423471162));
#12855=CARTESIAN_POINT('',(-37.20434611485,0.,19.5524423471162));
#12856=CARTESIAN_POINT('',(-25.20434611485,1.4,19.5524423471162));
#12857=CARTESIAN_POINT('',(-37.20434611485,1.4,19.5524423471162));
#12858=CARTESIAN_POINT('',(-25.20434611485,0.,19.5524423471162));
#12859=CARTESIAN_POINT('Origin',(-30.70434611485,0.,7.55244234711616));
#12860=CARTESIAN_POINT('',(-30.70434611485,0.,7.55244234711616));
#12861=CARTESIAN_POINT('',(-30.70434611485,0.,7.55244234711616));
#12862=CARTESIAN_POINT('',(-30.70434611485,1.4,7.55244234711616));
#12863=CARTESIAN_POINT('',(-30.70434611485,1.4,7.55244234711616));
#12864=CARTESIAN_POINT('',(-30.70434611485,0.,7.55244234711616));
#12865=CARTESIAN_POINT('Origin',(-37.20434611485,0.,19.5524423471162));
#12866=CARTESIAN_POINT('',(-37.20434611485,0.,19.5524423471162));
#12867=CARTESIAN_POINT('',(-37.20434611485,1.4,19.5524423471162));
#12868=CARTESIAN_POINT('Origin',(-59.4,0.,19.5524423471162));
#12869=CARTESIAN_POINT('',(-59.4,0.,19.5524423471162));
#12870=CARTESIAN_POINT('',(-71.4,0.,19.5524423471162));
#12871=CARTESIAN_POINT('',(-71.4,0.,19.5524423471162));
#12872=CARTESIAN_POINT('',(-71.4,1.4,19.5524423471162));
#12873=CARTESIAN_POINT('',(-71.4,0.,19.5524423471162));
#12874=CARTESIAN_POINT('',(-59.4,1.4,19.5524423471162));
#12875=CARTESIAN_POINT('',(-71.4,1.4,19.5524423471162));
#12876=CARTESIAN_POINT('',(-59.4,0.,19.5524423471162));
#12877=CARTESIAN_POINT('Origin',(-64.9,0.,7.55244234711616));
#12878=CARTESIAN_POINT('',(-64.9,0.,7.55244234711616));
#12879=CARTESIAN_POINT('',(-64.9,0.,7.55244234711616));
#12880=CARTESIAN_POINT('',(-64.9,1.4,7.55244234711616));
#12881=CARTESIAN_POINT('',(-64.9,1.4,7.55244234711616));
#12882=CARTESIAN_POINT('',(-64.9,0.,7.55244234711616));
#12883=CARTESIAN_POINT('Origin',(-71.4,0.,19.5524423471162));
#12884=CARTESIAN_POINT('',(-71.4,0.,19.5524423471162));
#12885=CARTESIAN_POINT('',(-71.4,1.4,19.5524423471162));
#12886=CARTESIAN_POINT('Origin',(18.089134712875,0.,-36.249389413221));
#12887=CARTESIAN_POINT('',(18.089134712875,0.,-36.249389413221));
#12888=CARTESIAN_POINT('',(12.089134712875,0.,-24.249389413221));
#12889=CARTESIAN_POINT('',(12.089134712875,0.,-24.249389413221));
#12890=CARTESIAN_POINT('',(12.089134712875,1.4,-24.249389413221));
#12891=CARTESIAN_POINT('',(12.089134712875,0.,-24.249389413221));
#12892=CARTESIAN_POINT('',(18.089134712875,1.4,-36.249389413221));
#12893=CARTESIAN_POINT('',(12.089134712875,1.4,-24.249389413221));
#12894=CARTESIAN_POINT('',(18.089134712875,0.,-36.249389413221));
#12895=CARTESIAN_POINT('Origin',(6.08913471287503,0.,-36.249389413221));
#12896=CARTESIAN_POINT('',(6.08913471287503,0.,-36.249389413221));
#12897=CARTESIAN_POINT('',(6.08913471287503,0.,-36.249389413221));
#12898=CARTESIAN_POINT('',(6.08913471287503,1.4,-36.249389413221));
#12899=CARTESIAN_POINT('',(6.08913471287503,1.4,-36.249389413221));
#12900=CARTESIAN_POINT('',(6.08913471287503,0.,-36.249389413221));
#12901=CARTESIAN_POINT('Origin',(12.089134712875,0.,-24.249389413221));
#12902=CARTESIAN_POINT('',(6.08913471287503,0.,-36.249389413221));
#12903=CARTESIAN_POINT('',(6.08913471287503,1.4,-36.249389413221));
#12904=CARTESIAN_POINT('Origin',(-16.106519172275,0.,-21.6487788264419));
#12905=CARTESIAN_POINT('',(-16.106519172275,0.,-21.6487788264419));
#12906=CARTESIAN_POINT('',(-22.106519172275,0.,-9.64877882644192));
#12907=CARTESIAN_POINT('',(-22.106519172275,0.,-9.64877882644192));
#12908=CARTESIAN_POINT('',(-22.106519172275,1.4,-9.64877882644192));
#12909=CARTESIAN_POINT('',(-22.106519172275,0.,-9.64877882644192));
#12910=CARTESIAN_POINT('',(-16.106519172275,1.4,-21.6487788264419));
#12911=CARTESIAN_POINT('',(-22.106519172275,1.4,-9.64877882644192));
#12912=CARTESIAN_POINT('',(-16.106519172275,0.,-21.6487788264419));
#12913=CARTESIAN_POINT('Origin',(-28.106519172275,0.,-21.6487788264419));
#12914=CARTESIAN_POINT('',(-28.106519172275,0.,-21.6487788264419));
#12915=CARTESIAN_POINT('',(-28.106519172275,0.,-21.6487788264419));
#12916=CARTESIAN_POINT('',(-28.106519172275,1.4,-21.6487788264419));
#12917=CARTESIAN_POINT('',(-28.106519172275,1.4,-21.6487788264419));
#12918=CARTESIAN_POINT('',(-28.106519172275,0.,-21.6487788264419));
#12919=CARTESIAN_POINT('Origin',(-22.106519172275,0.,-9.64877882644192));
#12920=CARTESIAN_POINT('',(-28.106519172275,0.,-21.6487788264419));
#12921=CARTESIAN_POINT('',(-28.106519172275,1.4,-21.6487788264419));
#12922=CARTESIAN_POINT('Origin',(60.284788598025,0.,-24.2493894132209));
#12923=CARTESIAN_POINT('',(60.284788598025,0.,-24.2493894132209));
#12924=CARTESIAN_POINT('',(48.284788598025,0.,-24.2493894132209));
#12925=CARTESIAN_POINT('',(48.284788598025,0.,-24.2493894132209));
#12926=CARTESIAN_POINT('',(48.2847885980251,1.4,-24.2493894132209));
#12927=CARTESIAN_POINT('',(48.284788598025,0.,-24.2493894132209));
#12928=CARTESIAN_POINT('',(60.284788598025,1.4,-24.2493894132209));
#12929=CARTESIAN_POINT('',(48.284788598025,1.4,-24.2493894132209));
#12930=CARTESIAN_POINT('',(60.284788598025,0.,-24.2493894132209));
#12931=CARTESIAN_POINT('Origin',(54.784788598025,0.,-36.249389413221));
#12932=CARTESIAN_POINT('',(54.784788598025,0.,-36.249389413221));
#12933=CARTESIAN_POINT('',(54.784788598025,0.,-36.249389413221));
#12934=CARTESIAN_POINT('',(54.784788598025,1.4,-36.249389413221));
#12935=CARTESIAN_POINT('',(54.784788598025,1.4,-36.249389413221));
#12936=CARTESIAN_POINT('',(54.784788598025,0.,-36.249389413221));
#12937=CARTESIAN_POINT('Origin',(48.284788598025,0.,-24.2493894132209));
#12938=CARTESIAN_POINT('',(48.284788598025,0.,-24.2493894132209));
#12939=CARTESIAN_POINT('',(48.284788598025,1.4,-24.2493894132209));
#12940=CARTESIAN_POINT('Origin',(-59.4,0.,48.7536635206743));
#12941=CARTESIAN_POINT('',(-59.4,0.,48.7536635206743));
#12942=CARTESIAN_POINT('',(-71.4,0.,48.7536635206743));
#12943=CARTESIAN_POINT('',(-71.4,0.,48.7536635206743));
#12944=CARTESIAN_POINT('',(-71.4,1.4,48.7536635206743));
#12945=CARTESIAN_POINT('',(-71.4,0.,48.7536635206743));
#12946=CARTESIAN_POINT('',(-59.4,1.4,48.7536635206743));
#12947=CARTESIAN_POINT('',(-71.4,1.4,48.7536635206743));
#12948=CARTESIAN_POINT('',(-59.4,0.,48.7536635206743));
#12949=CARTESIAN_POINT('Origin',(-64.9,0.,36.7536635206742));
#12950=CARTESIAN_POINT('',(-64.9,0.,36.7536635206742));
#12951=CARTESIAN_POINT('',(-64.9,0.,36.7536635206742));
#12952=CARTESIAN_POINT('',(-64.9,1.4,36.7536635206742));
#12953=CARTESIAN_POINT('',(-64.9,1.4,36.7536635206742));
#12954=CARTESIAN_POINT('',(-64.9,0.,36.7536635206742));
#12955=CARTESIAN_POINT('Origin',(-71.4,0.,48.7536635206743));
#12956=CARTESIAN_POINT('',(-71.4,0.,48.7536635206743));
#12957=CARTESIAN_POINT('',(-71.4,1.4,48.7536635206743));
#12958=CARTESIAN_POINT('Origin',(-64.9,0.,-50.85));
#12959=CARTESIAN_POINT('',(-64.9,0.,-50.85));
#12960=CARTESIAN_POINT('',(-59.4,0.,-38.85));
#12961=CARTESIAN_POINT('',(-64.9,0.,-50.85));
#12962=CARTESIAN_POINT('',(-59.4,1.4,-38.85));
#12963=CARTESIAN_POINT('',(-59.4,0.,-38.85));
#12964=CARTESIAN_POINT('',(-64.9,1.4,-50.85));
#12965=CARTESIAN_POINT('',(-64.9,1.4,-50.85));
#12966=CARTESIAN_POINT('',(-64.9,0.,-50.85));
#12967=CARTESIAN_POINT('Origin',(-71.4,0.,-38.85));
#12968=CARTESIAN_POINT('',(-71.4,0.,-38.85));
#12969=CARTESIAN_POINT('',(-71.4,0.,-38.85));
#12970=CARTESIAN_POINT('',(-71.4,1.4,-38.85));
#12971=CARTESIAN_POINT('',(-71.4,1.4,-38.85));
#12972=CARTESIAN_POINT('',(-71.4,0.,-38.85));
#12973=CARTESIAN_POINT('Origin',(-59.4,0.,-38.85));
#12974=CARTESIAN_POINT('',(-71.4,0.,-38.85));
#12975=CARTESIAN_POINT('',(-71.4,1.4,-38.85));
#12976=CARTESIAN_POINT('Origin',(-25.20434611485,0.,-24.2493894132209));
#12977=CARTESIAN_POINT('',(-25.20434611485,0.,-24.2493894132209));
#12978=CARTESIAN_POINT('',(-37.20434611485,0.,-24.2493894132209));
#12979=CARTESIAN_POINT('',(-37.20434611485,0.,-24.2493894132209));
#12980=CARTESIAN_POINT('',(-37.20434611485,1.4,-24.2493894132209));
#12981=CARTESIAN_POINT('',(-37.20434611485,0.,-24.2493894132209));
#12982=CARTESIAN_POINT('',(-25.20434611485,1.4,-24.2493894132209));
#12983=CARTESIAN_POINT('',(-37.20434611485,1.4,-24.2493894132209));
#12984=CARTESIAN_POINT('',(-25.20434611485,0.,-24.2493894132209));
#12985=CARTESIAN_POINT('Origin',(-30.70434611485,0.,-36.249389413221));
#12986=CARTESIAN_POINT('',(-30.70434611485,0.,-36.249389413221));
#12987=CARTESIAN_POINT('',(-30.70434611485,0.,-36.249389413221));
#12988=CARTESIAN_POINT('',(-30.70434611485,1.4,-36.249389413221));
#12989=CARTESIAN_POINT('',(-30.70434611485,1.4,-36.249389413221));
#12990=CARTESIAN_POINT('',(-30.70434611485,0.,-36.249389413221));
#12991=CARTESIAN_POINT('Origin',(-37.20434611485,0.,-24.2493894132209));
#12992=CARTESIAN_POINT('',(-37.20434611485,0.,-24.2493894132209));
#12993=CARTESIAN_POINT('',(-37.20434611485,1.4,-24.2493894132209));
#12994=CARTESIAN_POINT('Origin',(52.284788598025,0.,-7.04816823966289));
#12995=CARTESIAN_POINT('',(52.284788598025,0.,-7.04816823966289));
#12996=CARTESIAN_POINT('',(46.284788598025,0.,4.95183176033712));
#12997=CARTESIAN_POINT('',(46.284788598025,0.,4.95183176033712));
#12998=CARTESIAN_POINT('',(46.284788598025,1.4,4.95183176033712));
#12999=CARTESIAN_POINT('',(46.284788598025,0.,4.95183176033712));
#13000=CARTESIAN_POINT('',(52.284788598025,1.4,-7.04816823966288));
#13001=CARTESIAN_POINT('',(46.284788598025,1.4,4.95183176033712));
#13002=CARTESIAN_POINT('',(52.284788598025,0.,-7.04816823966289));
#13003=CARTESIAN_POINT('Origin',(40.284788598025,0.,-7.04816823966289));
#13004=CARTESIAN_POINT('',(40.284788598025,0.,-7.04816823966289));
#13005=CARTESIAN_POINT('',(40.284788598025,0.,-7.04816823966289));
#13006=CARTESIAN_POINT('',(40.284788598025,1.4,-7.04816823966289));
#13007=CARTESIAN_POINT('',(40.284788598025,1.4,-7.04816823966289));
#13008=CARTESIAN_POINT('',(40.284788598025,0.,-7.04816823966289));
#13009=CARTESIAN_POINT('Origin',(46.284788598025,0.,4.95183176033712));
#13010=CARTESIAN_POINT('',(40.284788598025,0.,-7.04816823966289));
#13011=CARTESIAN_POINT('',(40.284788598025,1.4,-7.04816823966289));
#13012=CARTESIAN_POINT('Origin',(26.089134712875,0.,-38.85));
#13013=CARTESIAN_POINT('',(26.089134712875,0.,-38.85));
#13014=CARTESIAN_POINT('',(14.089134712875,0.,-38.85));
#13015=CARTESIAN_POINT('',(14.089134712875,0.,-38.85));
#13016=CARTESIAN_POINT('',(14.089134712875,1.4,-38.85));
#13017=CARTESIAN_POINT('',(14.089134712875,0.,-38.85));
#13018=CARTESIAN_POINT('',(26.089134712875,1.4,-38.85));
#13019=CARTESIAN_POINT('',(14.089134712875,1.4,-38.85));
#13020=CARTESIAN_POINT('',(26.089134712875,0.,-38.85));
#13021=CARTESIAN_POINT('Origin',(20.589134712875,0.,-50.85));
#13022=CARTESIAN_POINT('',(20.589134712875,0.,-50.85));
#13023=CARTESIAN_POINT('',(20.589134712875,0.,-50.85));
#13024=CARTESIAN_POINT('',(20.589134712875,1.4,-50.85));
#13025=CARTESIAN_POINT('',(20.589134712875,1.4,-50.85));
#13026=CARTESIAN_POINT('',(20.589134712875,0.,-50.85));
#13027=CARTESIAN_POINT('Origin',(14.089134712875,0.,-38.85));
#13028=CARTESIAN_POINT('',(14.089134712875,0.,-38.85));
#13029=CARTESIAN_POINT('',(14.089134712875,1.4,-38.85));
#13030=CARTESIAN_POINT('Origin',(-50.302173057425,0.,36.7536635206742));
#13031=CARTESIAN_POINT('',(-50.302173057425,0.,36.7536635206742));
#13032=CARTESIAN_POINT('',(-56.302173057425,0.,48.7536635206742));
#13033=CARTESIAN_POINT('',(-56.302173057425,0.,48.7536635206742));
#13034=CARTESIAN_POINT('',(-56.302173057425,1.4,48.7536635206742));
#13035=CARTESIAN_POINT('',(-56.302173057425,0.,48.7536635206742));
#13036=CARTESIAN_POINT('',(-50.302173057425,1.4,36.7536635206742));
#13037=CARTESIAN_POINT('',(-56.302173057425,1.4,48.7536635206742));
#13038=CARTESIAN_POINT('',(-50.302173057425,0.,36.7536635206742));
#13039=CARTESIAN_POINT('Origin',(-62.302173057425,0.,36.7536635206742));
#13040=CARTESIAN_POINT('',(-62.302173057425,0.,36.7536635206742));
#13041=CARTESIAN_POINT('',(-62.302173057425,0.,36.7536635206742));
#13042=CARTESIAN_POINT('',(-62.302173057425,1.4,36.7536635206742));
#13043=CARTESIAN_POINT('',(-62.302173057425,1.4,36.7536635206742));
#13044=CARTESIAN_POINT('',(-62.302173057425,0.,36.7536635206742));
#13045=CARTESIAN_POINT('Origin',(-56.302173057425,0.,48.7536635206742));
#13046=CARTESIAN_POINT('',(-62.302173057425,0.,36.7536635206742));
#13047=CARTESIAN_POINT('',(-62.302173057425,1.4,36.7536635206742));
#13048=CARTESIAN_POINT('Origin',(52.284788598025,0.,-50.85));
#13049=CARTESIAN_POINT('',(52.284788598025,0.,-50.85));
#13050=CARTESIAN_POINT('',(46.284788598025,0.,-38.85));
#13051=CARTESIAN_POINT('',(46.284788598025,0.,-38.85));
#13052=CARTESIAN_POINT('',(46.284788598025,1.4,-38.85));
#13053=CARTESIAN_POINT('',(46.284788598025,0.,-38.85));
#13054=CARTESIAN_POINT('',(52.284788598025,1.4,-50.85));
#13055=CARTESIAN_POINT('',(46.284788598025,1.4,-38.85));
#13056=CARTESIAN_POINT('',(52.284788598025,0.,-50.85));
#13057=CARTESIAN_POINT('Origin',(40.284788598025,0.,-50.85));
#13058=CARTESIAN_POINT('',(40.284788598025,0.,-50.85));
#13059=CARTESIAN_POINT('',(40.284788598025,0.,-50.85));
#13060=CARTESIAN_POINT('',(40.284788598025,1.4,-50.85));
#13061=CARTESIAN_POINT('',(40.284788598025,1.4,-50.85));
#13062=CARTESIAN_POINT('',(40.284788598025,0.,-50.85));
#13063=CARTESIAN_POINT('Origin',(46.284788598025,0.,-38.85));
#13064=CARTESIAN_POINT('',(40.284788598025,0.,-50.85));
#13065=CARTESIAN_POINT('',(40.284788598025,1.4,-50.85));
#13066=CARTESIAN_POINT('Origin',(0.991307770300041,0.,22.1530529338952));
#13067=CARTESIAN_POINT('',(0.991307770300041,0.,22.1530529338952));
#13068=CARTESIAN_POINT('',(-5.00869222969996,0.,34.1530529338952));
#13069=CARTESIAN_POINT('',(-5.00869222969996,0.,34.1530529338952));
#13070=CARTESIAN_POINT('',(-5.00869222969996,1.4,34.1530529338952));
#13071=CARTESIAN_POINT('',(-5.00869222969996,0.,34.1530529338952));
#13072=CARTESIAN_POINT('',(0.991307770300036,1.4,22.1530529338952));
#13073=CARTESIAN_POINT('',(-5.00869222969996,1.4,34.1530529338952));
#13074=CARTESIAN_POINT('',(0.991307770300041,0.,22.1530529338952));
#13075=CARTESIAN_POINT('Origin',(-11.0086922297,0.,22.1530529338952));
#13076=CARTESIAN_POINT('',(-11.0086922297,0.,22.1530529338952));
#13077=CARTESIAN_POINT('',(-11.0086922297,0.,22.1530529338952));
#13078=CARTESIAN_POINT('',(-11.0086922297,1.4,22.1530529338952));
#13079=CARTESIAN_POINT('',(-11.0086922297,1.4,22.1530529338952));
#13080=CARTESIAN_POINT('',(-11.0086922297,0.,22.1530529338952));
#13081=CARTESIAN_POINT('Origin',(-5.00869222969996,0.,34.1530529338952));
#13082=CARTESIAN_POINT('',(-11.0086922297,0.,22.1530529338952));
#13083=CARTESIAN_POINT('',(-11.0086922297,1.4,22.1530529338952));
#13084=CARTESIAN_POINT('Origin',(-42.302173057425,0.,-9.64877882644189));
#13085=CARTESIAN_POINT('',(-42.302173057425,0.,-9.64877882644189));
#13086=CARTESIAN_POINT('',(-54.302173057425,0.,-9.64877882644189));
#13087=CARTESIAN_POINT('',(-54.302173057425,0.,-9.64877882644189));
#13088=CARTESIAN_POINT('',(-54.302173057425,1.4,-9.64877882644189));
#13089=CARTESIAN_POINT('',(-54.302173057425,0.,-9.64877882644189));
#13090=CARTESIAN_POINT('',(-42.302173057425,1.4,-9.64877882644189));
#13091=CARTESIAN_POINT('',(-54.302173057425,1.4,-9.64877882644189));
#13092=CARTESIAN_POINT('',(-42.302173057425,0.,-9.64877882644189));
#13093=CARTESIAN_POINT('Origin',(-47.802173057425,0.,-21.6487788264419));
#13094=CARTESIAN_POINT('',(-47.802173057425,0.,-21.6487788264419));
#13095=CARTESIAN_POINT('',(-47.802173057425,0.,-21.6487788264419));
#13096=CARTESIAN_POINT('',(-47.802173057425,1.4,-21.6487788264419));
#13097=CARTESIAN_POINT('',(-47.802173057425,1.4,-21.6487788264419));
#13098=CARTESIAN_POINT('',(-47.802173057425,0.,-21.6487788264419));
#13099=CARTESIAN_POINT('Origin',(-54.302173057425,0.,-9.64877882644189));
#13100=CARTESIAN_POINT('',(-54.302173057425,0.,-9.64877882644189));
#13101=CARTESIAN_POINT('',(-54.302173057425,1.4,-9.64877882644189));
#13102=CARTESIAN_POINT('Origin',(-50.302173057425,0.,7.55244234711616));
#13103=CARTESIAN_POINT('',(-50.302173057425,0.,7.55244234711616));
#13104=CARTESIAN_POINT('',(-56.302173057425,0.,19.5524423471162));
#13105=CARTESIAN_POINT('',(-56.302173057425,0.,19.5524423471162));
#13106=CARTESIAN_POINT('',(-56.302173057425,1.4,19.5524423471162));
#13107=CARTESIAN_POINT('',(-56.302173057425,0.,19.5524423471162));
#13108=CARTESIAN_POINT('',(-50.302173057425,1.4,7.55244234711616));
#13109=CARTESIAN_POINT('',(-56.302173057425,1.4,19.5524423471162));
#13110=CARTESIAN_POINT('',(-50.302173057425,0.,7.55244234711616));
#13111=CARTESIAN_POINT('Origin',(-62.302173057425,0.,7.55244234711615));
#13112=CARTESIAN_POINT('',(-62.302173057425,0.,7.55244234711615));
#13113=CARTESIAN_POINT('',(-62.302173057425,0.,7.55244234711615));
#13114=CARTESIAN_POINT('',(-62.302173057425,1.4,7.55244234711615));
#13115=CARTESIAN_POINT('',(-62.302173057425,1.4,7.55244234711615));
#13116=CARTESIAN_POINT('',(-62.302173057425,0.,7.55244234711615));
#13117=CARTESIAN_POINT('Origin',(-56.302173057425,0.,19.5524423471162));
#13118=CARTESIAN_POINT('',(-62.302173057425,0.,7.55244234711615));
#13119=CARTESIAN_POINT('',(-62.302173057425,1.4,7.55244234711615));
#13120=CARTESIAN_POINT('Origin',(60.284788598025,0.,-38.85));
#13121=CARTESIAN_POINT('',(60.284788598025,0.,-38.85));
#13122=CARTESIAN_POINT('',(48.284788598025,0.,-38.85));
#13123=CARTESIAN_POINT('',(48.284788598025,0.,-38.85));
#13124=CARTESIAN_POINT('',(48.2847885980251,1.4,-38.85));
#13125=CARTESIAN_POINT('',(48.284788598025,0.,-38.85));
#13126=CARTESIAN_POINT('',(60.284788598025,1.4,-38.85));
#13127=CARTESIAN_POINT('',(48.284788598025,1.4,-38.85));
#13128=CARTESIAN_POINT('',(60.284788598025,0.,-38.85));
#13129=CARTESIAN_POINT('Origin',(54.784788598025,0.,-50.85));
#13130=CARTESIAN_POINT('',(54.784788598025,0.,-50.85));
#13131=CARTESIAN_POINT('',(54.784788598025,0.,-50.85));
#13132=CARTESIAN_POINT('',(54.784788598025,1.4,-50.85));
#13133=CARTESIAN_POINT('',(54.784788598025,1.4,-50.85));
#13134=CARTESIAN_POINT('',(54.784788598025,0.,-50.85));
#13135=CARTESIAN_POINT('Origin',(48.284788598025,0.,-38.85));
#13136=CARTESIAN_POINT('',(48.284788598025,0.,-38.85));
#13137=CARTESIAN_POINT('',(48.284788598025,1.4,-38.85));
#13138=CARTESIAN_POINT('Origin',(-16.106519172275,0.,-36.249389413221));
#13139=CARTESIAN_POINT('',(-16.106519172275,0.,-36.249389413221));
#13140=CARTESIAN_POINT('',(-22.106519172275,0.,-24.249389413221));
#13141=CARTESIAN_POINT('',(-22.106519172275,0.,-24.249389413221));
#13142=CARTESIAN_POINT('',(-22.106519172275,1.4,-24.249389413221));
#13143=CARTESIAN_POINT('',(-22.106519172275,0.,-24.249389413221));
#13144=CARTESIAN_POINT('',(-16.106519172275,1.4,-36.249389413221));
#13145=CARTESIAN_POINT('',(-22.106519172275,1.4,-24.249389413221));
#13146=CARTESIAN_POINT('',(-16.106519172275,0.,-36.249389413221));
#13147=CARTESIAN_POINT('Origin',(-28.106519172275,0.,-36.249389413221));
#13148=CARTESIAN_POINT('',(-28.106519172275,0.,-36.249389413221));
#13149=CARTESIAN_POINT('',(-28.106519172275,0.,-36.249389413221));
#13150=CARTESIAN_POINT('',(-28.106519172275,1.4,-36.249389413221));
#13151=CARTESIAN_POINT('',(-28.106519172275,1.4,-36.249389413221));
#13152=CARTESIAN_POINT('',(-28.106519172275,0.,-36.249389413221));
#13153=CARTESIAN_POINT('Origin',(-22.106519172275,0.,-24.249389413221));
#13154=CARTESIAN_POINT('',(-28.106519172275,0.,-36.249389413221));
#13155=CARTESIAN_POINT('',(-28.106519172275,1.4,-36.249389413221));
#13156=CARTESIAN_POINT('Origin',(-42.302173057425,0.,34.1530529338952));
#13157=CARTESIAN_POINT('',(-42.302173057425,0.,34.1530529338952));
#13158=CARTESIAN_POINT('',(-54.302173057425,0.,34.1530529338952));
#13159=CARTESIAN_POINT('',(-54.302173057425,0.,34.1530529338952));
#13160=CARTESIAN_POINT('',(-54.302173057425,1.4,34.1530529338952));
#13161=CARTESIAN_POINT('',(-54.302173057425,0.,34.1530529338952));
#13162=CARTESIAN_POINT('',(-42.302173057425,1.4,34.1530529338952));
#13163=CARTESIAN_POINT('',(-54.302173057425,1.4,34.1530529338952));
#13164=CARTESIAN_POINT('',(-42.302173057425,0.,34.1530529338952));
#13165=CARTESIAN_POINT('Origin',(-47.802173057425,0.,22.1530529338952));
#13166=CARTESIAN_POINT('',(-47.802173057425,0.,22.1530529338952));
#13167=CARTESIAN_POINT('',(-47.802173057425,0.,22.1530529338952));
#13168=CARTESIAN_POINT('',(-47.802173057425,1.4,22.1530529338952));
#13169=CARTESIAN_POINT('',(-47.802173057425,1.4,22.1530529338952));
#13170=CARTESIAN_POINT('',(-47.802173057425,0.,22.1530529338952));
#13171=CARTESIAN_POINT('Origin',(-54.302173057425,0.,34.1530529338952));
#13172=CARTESIAN_POINT('',(-54.302173057425,0.,34.1530529338952));
#13173=CARTESIAN_POINT('',(-54.302173057425,1.4,34.1530529338952));
#13174=CARTESIAN_POINT('Origin',(77.3826155406,0.,4.95183176033714));
#13175=CARTESIAN_POINT('',(77.3826155406,0.,4.95183176033714));
#13176=CARTESIAN_POINT('',(65.3826155406,0.,4.95183176033715));
#13177=CARTESIAN_POINT('',(65.3826155406,0.,4.95183176033715));
#13178=CARTESIAN_POINT('',(65.3826155406,1.4,4.95183176033715));
#13179=CARTESIAN_POINT('',(65.3826155406,0.,4.95183176033715));
#13180=CARTESIAN_POINT('',(77.3826155406,1.4,4.95183176033714));
#13181=CARTESIAN_POINT('',(65.3826155406,1.4,4.95183176033715));
#13182=CARTESIAN_POINT('',(77.3826155406,0.,4.95183176033714));
#13183=CARTESIAN_POINT('Origin',(71.8826155406,0.,-7.04816823966288));
#13184=CARTESIAN_POINT('',(71.8826155406,0.,-7.04816823966288));
#13185=CARTESIAN_POINT('',(71.8826155406,0.,-7.04816823966288));
#13186=CARTESIAN_POINT('',(71.8826155406,1.4,-7.04816823966288));
#13187=CARTESIAN_POINT('',(71.8826155406,1.4,-7.04816823966288));
#13188=CARTESIAN_POINT('',(71.8826155406,0.,-7.04816823966288));
#13189=CARTESIAN_POINT('Origin',(65.3826155406,0.,4.95183176033715));
#13190=CARTESIAN_POINT('',(65.3826155406,0.,4.95183176033715));
#13191=CARTESIAN_POINT('',(65.3826155406,1.4,4.95183176033715));
#13192=CARTESIAN_POINT('Origin',(69.3826155406,0.,-36.249389413221));
#13193=CARTESIAN_POINT('',(69.3826155406,0.,-36.249389413221));
#13194=CARTESIAN_POINT('',(63.3826155406,0.,-24.249389413221));
#13195=CARTESIAN_POINT('',(63.3826155406,0.,-24.249389413221));
#13196=CARTESIAN_POINT('',(63.3826155406,1.4,-24.249389413221));
#13197=CARTESIAN_POINT('',(63.3826155406,0.,-24.249389413221));
#13198=CARTESIAN_POINT('',(69.3826155406001,1.4,-36.249389413221));
#13199=CARTESIAN_POINT('',(63.3826155406,1.4,-24.249389413221));
#13200=CARTESIAN_POINT('',(69.3826155406,0.,-36.249389413221));
#13201=CARTESIAN_POINT('Origin',(57.3826155406,0.,-36.249389413221));
#13202=CARTESIAN_POINT('',(57.3826155406,0.,-36.249389413221));
#13203=CARTESIAN_POINT('',(57.3826155406,0.,-36.249389413221));
#13204=CARTESIAN_POINT('',(57.3826155406,1.4,-36.249389413221));
#13205=CARTESIAN_POINT('',(57.3826155406,1.4,-36.249389413221));
#13206=CARTESIAN_POINT('',(57.3826155406,0.,-36.249389413221));
#13207=CARTESIAN_POINT('Origin',(63.3826155406,0.,-24.249389413221));
#13208=CARTESIAN_POINT('',(57.3826155406,0.,-36.249389413221));
#13209=CARTESIAN_POINT('',(57.3826155406,1.4,-36.249389413221));
#13210=CARTESIAN_POINT('Origin',(60.284788598025,0.,-9.64877882644189));
#13211=CARTESIAN_POINT('',(60.284788598025,0.,-9.64877882644189));
#13212=CARTESIAN_POINT('',(48.284788598025,0.,-9.64877882644189));
#13213=CARTESIAN_POINT('',(48.284788598025,0.,-9.64877882644189));
#13214=CARTESIAN_POINT('',(48.2847885980251,1.4,-9.64877882644189));
#13215=CARTESIAN_POINT('',(48.284788598025,0.,-9.64877882644189));
#13216=CARTESIAN_POINT('',(60.284788598025,1.4,-9.64877882644189));
#13217=CARTESIAN_POINT('',(48.284788598025,1.4,-9.64877882644189));
#13218=CARTESIAN_POINT('',(60.284788598025,0.,-9.64877882644189));
#13219=CARTESIAN_POINT('Origin',(54.784788598025,0.,-21.6487788264419));
#13220=CARTESIAN_POINT('',(54.784788598025,0.,-21.6487788264419));
#13221=CARTESIAN_POINT('',(54.784788598025,0.,-21.6487788264419));
#13222=CARTESIAN_POINT('',(54.784788598025,1.4,-21.6487788264419));
#13223=CARTESIAN_POINT('',(54.784788598025,1.4,-21.6487788264419));
#13224=CARTESIAN_POINT('',(54.784788598025,0.,-21.6487788264419));
#13225=CARTESIAN_POINT('Origin',(48.284788598025,0.,-9.64877882644189));
#13226=CARTESIAN_POINT('',(48.284788598025,0.,-9.64877882644189));
#13227=CARTESIAN_POINT('',(48.284788598025,1.4,-9.64877882644189));
#13228=CARTESIAN_POINT('Origin',(-25.20434611485,0.,-9.64877882644189));
#13229=CARTESIAN_POINT('',(-25.20434611485,0.,-9.64877882644189));
#13230=CARTESIAN_POINT('',(-37.20434611485,0.,-9.64877882644189));
#13231=CARTESIAN_POINT('',(-37.20434611485,0.,-9.64877882644189));
#13232=CARTESIAN_POINT('',(-37.20434611485,1.4,-9.64877882644189));
#13233=CARTESIAN_POINT('',(-37.20434611485,0.,-9.64877882644189));
#13234=CARTESIAN_POINT('',(-25.20434611485,1.4,-9.64877882644189));
#13235=CARTESIAN_POINT('',(-37.20434611485,1.4,-9.64877882644189));
#13236=CARTESIAN_POINT('',(-25.20434611485,0.,-9.64877882644189));
#13237=CARTESIAN_POINT('Origin',(-30.70434611485,0.,-21.6487788264419));
#13238=CARTESIAN_POINT('',(-30.70434611485,0.,-21.6487788264419));
#13239=CARTESIAN_POINT('',(-30.70434611485,0.,-21.6487788264419));
#13240=CARTESIAN_POINT('',(-30.70434611485,1.4,-21.6487788264419));
#13241=CARTESIAN_POINT('',(-30.70434611485,1.4,-21.6487788264419));
#13242=CARTESIAN_POINT('',(-30.70434611485,0.,-21.6487788264419));
#13243=CARTESIAN_POINT('Origin',(-37.20434611485,0.,-9.64877882644189));
#13244=CARTESIAN_POINT('',(-37.20434611485,0.,-9.64877882644189));
#13245=CARTESIAN_POINT('',(-37.20434611485,1.4,-9.64877882644189));
#13246=CARTESIAN_POINT('Origin',(-33.20434611485,0.,-36.249389413221));
#13247=CARTESIAN_POINT('',(-33.20434611485,0.,-36.249389413221));
#13248=CARTESIAN_POINT('',(-39.20434611485,0.,-24.249389413221));
#13249=CARTESIAN_POINT('',(-39.20434611485,0.,-24.249389413221));
#13250=CARTESIAN_POINT('',(-39.20434611485,1.4,-24.249389413221));
#13251=CARTESIAN_POINT('',(-39.20434611485,0.,-24.249389413221));
#13252=CARTESIAN_POINT('',(-33.20434611485,1.4,-36.249389413221));
#13253=CARTESIAN_POINT('',(-39.20434611485,1.4,-24.249389413221));
#13254=CARTESIAN_POINT('',(-33.20434611485,0.,-36.249389413221));
#13255=CARTESIAN_POINT('Origin',(-45.20434611485,0.,-36.249389413221));
#13256=CARTESIAN_POINT('',(-45.20434611485,0.,-36.249389413221));
#13257=CARTESIAN_POINT('',(-45.20434611485,0.,-36.249389413221));
#13258=CARTESIAN_POINT('',(-45.20434611485,1.4,-36.249389413221));
#13259=CARTESIAN_POINT('',(-45.20434611485,1.4,-36.249389413221));
#13260=CARTESIAN_POINT('',(-45.20434611485,0.,-36.249389413221));
#13261=CARTESIAN_POINT('Origin',(-39.20434611485,0.,-24.249389413221));
#13262=CARTESIAN_POINT('',(-45.20434611485,0.,-36.249389413221));
#13263=CARTESIAN_POINT('',(-45.20434611485,1.4,-36.249389413221));
#13264=CARTESIAN_POINT('Origin',(-8.10651917227495,0.,-9.64877882644189));
#13265=CARTESIAN_POINT('',(-8.10651917227495,0.,-9.64877882644189));
#13266=CARTESIAN_POINT('',(-20.106519172275,0.,-9.64877882644189));
#13267=CARTESIAN_POINT('',(-20.106519172275,0.,-9.64877882644189));
#13268=CARTESIAN_POINT('',(-20.106519172275,1.4,-9.64877882644189));
#13269=CARTESIAN_POINT('',(-20.106519172275,0.,-9.64877882644189));
#13270=CARTESIAN_POINT('',(-8.10651917227496,1.4,-9.64877882644189));
#13271=CARTESIAN_POINT('',(-20.106519172275,1.4,-9.64877882644189));
#13272=CARTESIAN_POINT('',(-8.10651917227495,0.,-9.64877882644189));
#13273=CARTESIAN_POINT('Origin',(-13.606519172275,0.,-21.6487788264419));
#13274=CARTESIAN_POINT('',(-13.606519172275,0.,-21.6487788264419));
#13275=CARTESIAN_POINT('',(-13.606519172275,0.,-21.6487788264419));
#13276=CARTESIAN_POINT('',(-13.606519172275,1.4,-21.6487788264419));
#13277=CARTESIAN_POINT('',(-13.606519172275,1.4,-21.6487788264419));
#13278=CARTESIAN_POINT('',(-13.606519172275,0.,-21.6487788264419));
#13279=CARTESIAN_POINT('Origin',(-20.106519172275,0.,-9.64877882644189));
#13280=CARTESIAN_POINT('',(-20.106519172275,0.,-9.64877882644189));
#13281=CARTESIAN_POINT('',(-20.106519172275,1.4,-9.64877882644189));
#13282=CARTESIAN_POINT('Origin',(-8.10651917227495,0.,-38.85));
#13283=CARTESIAN_POINT('',(-8.10651917227495,0.,-38.85));
#13284=CARTESIAN_POINT('',(-20.106519172275,0.,-38.85));
#13285=CARTESIAN_POINT('',(-20.106519172275,0.,-38.85));
#13286=CARTESIAN_POINT('',(-20.106519172275,1.4,-38.85));
#13287=CARTESIAN_POINT('',(-20.106519172275,0.,-38.85));
#13288=CARTESIAN_POINT('',(-8.10651917227496,1.4,-38.85));
#13289=CARTESIAN_POINT('',(-20.106519172275,1.4,-38.85));
#13290=CARTESIAN_POINT('',(-8.10651917227495,0.,-38.85));
#13291=CARTESIAN_POINT('Origin',(-13.606519172275,0.,-50.85));
#13292=CARTESIAN_POINT('',(-13.606519172275,0.,-50.85));
#13293=CARTESIAN_POINT('',(-13.606519172275,0.,-50.85));
#13294=CARTESIAN_POINT('',(-13.606519172275,1.4,-50.85));
#13295=CARTESIAN_POINT('',(-13.606519172275,1.4,-50.85));
#13296=CARTESIAN_POINT('',(-13.606519172275,0.,-50.85));
#13297=CARTESIAN_POINT('Origin',(-20.106519172275,0.,-38.85));
#13298=CARTESIAN_POINT('',(-20.106519172275,0.,-38.85));
#13299=CARTESIAN_POINT('',(-20.106519172275,1.4,-38.85));
#13300=CARTESIAN_POINT('Origin',(35.18696165545,0.,22.1530529338952));
#13301=CARTESIAN_POINT('',(35.18696165545,0.,22.1530529338952));
#13302=CARTESIAN_POINT('',(29.18696165545,0.,34.1530529338952));
#13303=CARTESIAN_POINT('',(29.18696165545,0.,34.1530529338952));
#13304=CARTESIAN_POINT('',(29.18696165545,1.4,34.1530529338952));
#13305=CARTESIAN_POINT('',(29.18696165545,0.,34.1530529338952));
#13306=CARTESIAN_POINT('',(35.18696165545,1.4,22.1530529338952));
#13307=CARTESIAN_POINT('',(29.18696165545,1.4,34.1530529338952));
#13308=CARTESIAN_POINT('',(35.18696165545,0.,22.1530529338952));
#13309=CARTESIAN_POINT('Origin',(23.18696165545,0.,22.1530529338952));
#13310=CARTESIAN_POINT('',(23.18696165545,0.,22.1530529338952));
#13311=CARTESIAN_POINT('',(23.18696165545,0.,22.1530529338952));
#13312=CARTESIAN_POINT('',(23.18696165545,1.4,22.1530529338952));
#13313=CARTESIAN_POINT('',(23.18696165545,1.4,22.1530529338952));
#13314=CARTESIAN_POINT('',(23.18696165545,0.,22.1530529338952));
#13315=CARTESIAN_POINT('Origin',(29.18696165545,0.,34.1530529338952));
#13316=CARTESIAN_POINT('',(23.18696165545,0.,22.1530529338952));
#13317=CARTESIAN_POINT('',(23.18696165545,1.4,22.1530529338952));
#13318=CARTESIAN_POINT('Origin',(-16.106519172275,0.,-50.85));
#13319=CARTESIAN_POINT('',(-16.106519172275,0.,-50.85));
#13320=CARTESIAN_POINT('',(-22.106519172275,0.,-38.85));
#13321=CARTESIAN_POINT('',(-22.106519172275,0.,-38.85));
#13322=CARTESIAN_POINT('',(-22.106519172275,1.4,-38.85));
#13323=CARTESIAN_POINT('',(-22.106519172275,0.,-38.85));
#13324=CARTESIAN_POINT('',(-16.106519172275,1.4,-50.85));
#13325=CARTESIAN_POINT('',(-22.106519172275,1.4,-38.85));
#13326=CARTESIAN_POINT('',(-16.106519172275,0.,-50.85));
#13327=CARTESIAN_POINT('Origin',(-28.106519172275,0.,-50.85));
#13328=CARTESIAN_POINT('',(-28.106519172275,0.,-50.85));
#13329=CARTESIAN_POINT('',(-28.106519172275,0.,-50.85));
#13330=CARTESIAN_POINT('',(-28.106519172275,1.4,-50.85));
#13331=CARTESIAN_POINT('',(-28.106519172275,1.4,-50.85));
#13332=CARTESIAN_POINT('',(-28.106519172275,0.,-50.85));
#13333=CARTESIAN_POINT('Origin',(-22.106519172275,0.,-38.85));
#13334=CARTESIAN_POINT('',(-28.106519172275,0.,-50.85));
#13335=CARTESIAN_POINT('',(-28.106519172275,1.4,-50.85));
#13336=CARTESIAN_POINT('Origin',(-42.302173057425,0.,19.5524423471162));
#13337=CARTESIAN_POINT('',(-42.302173057425,0.,19.5524423471162));
#13338=CARTESIAN_POINT('',(-54.302173057425,0.,19.5524423471162));
#13339=CARTESIAN_POINT('',(-54.302173057425,0.,19.5524423471162));
#13340=CARTESIAN_POINT('',(-54.302173057425,1.4,19.5524423471162));
#13341=CARTESIAN_POINT('',(-54.302173057425,0.,19.5524423471162));
#13342=CARTESIAN_POINT('',(-42.302173057425,1.4,19.5524423471162));
#13343=CARTESIAN_POINT('',(-54.302173057425,1.4,19.5524423471162));
#13344=CARTESIAN_POINT('',(-42.302173057425,0.,19.5524423471162));
#13345=CARTESIAN_POINT('Origin',(-47.802173057425,0.,7.55244234711616));
#13346=CARTESIAN_POINT('',(-47.802173057425,0.,7.55244234711616));
#13347=CARTESIAN_POINT('',(-47.802173057425,0.,7.55244234711616));
#13348=CARTESIAN_POINT('',(-47.802173057425,1.4,7.55244234711616));
#13349=CARTESIAN_POINT('',(-47.802173057425,1.4,7.55244234711616));
#13350=CARTESIAN_POINT('',(-47.802173057425,0.,7.55244234711616));
#13351=CARTESIAN_POINT('Origin',(-54.302173057425,0.,19.5524423471162));
#13352=CARTESIAN_POINT('',(-54.302173057425,0.,19.5524423471162));
#13353=CARTESIAN_POINT('',(-54.302173057425,1.4,19.5524423471162));
#13354=CARTESIAN_POINT('Origin',(0.991307770300041,0.,7.55244234711616));
#13355=CARTESIAN_POINT('',(0.991307770300041,0.,7.55244234711616));
#13356=CARTESIAN_POINT('',(-5.00869222969996,0.,19.5524423471162));
#13357=CARTESIAN_POINT('',(-5.00869222969996,0.,19.5524423471162));
#13358=CARTESIAN_POINT('',(-5.00869222969996,1.4,19.5524423471162));
#13359=CARTESIAN_POINT('',(-5.00869222969996,0.,19.5524423471162));
#13360=CARTESIAN_POINT('',(0.991307770300036,1.4,7.55244234711616));
#13361=CARTESIAN_POINT('',(-5.00869222969996,1.4,19.5524423471162));
#13362=CARTESIAN_POINT('',(0.991307770300041,0.,7.55244234711616));
#13363=CARTESIAN_POINT('Origin',(-11.0086922297,0.,7.55244234711615));
#13364=CARTESIAN_POINT('',(-11.0086922297,0.,7.55244234711615));
#13365=CARTESIAN_POINT('',(-11.0086922297,0.,7.55244234711615));
#13366=CARTESIAN_POINT('',(-11.0086922297,1.4,7.55244234711615));
#13367=CARTESIAN_POINT('',(-11.0086922297,1.4,7.55244234711615));
#13368=CARTESIAN_POINT('',(-11.0086922297,0.,7.55244234711615));
#13369=CARTESIAN_POINT('Origin',(-5.00869222969996,0.,19.5524423471162));
#13370=CARTESIAN_POINT('',(-11.0086922297,0.,7.55244234711615));
#13371=CARTESIAN_POINT('',(-11.0086922297,1.4,7.55244234711615));
#13372=CARTESIAN_POINT('Origin',(60.284788598025,0.,4.95183176033714));
#13373=CARTESIAN_POINT('',(60.284788598025,0.,4.95183176033714));
#13374=CARTESIAN_POINT('',(48.284788598025,0.,4.95183176033715));
#13375=CARTESIAN_POINT('',(48.284788598025,0.,4.95183176033715));
#13376=CARTESIAN_POINT('',(48.2847885980251,1.4,4.95183176033715));
#13377=CARTESIAN_POINT('',(48.284788598025,0.,4.95183176033715));
#13378=CARTESIAN_POINT('',(60.284788598025,1.4,4.95183176033714));
#13379=CARTESIAN_POINT('',(48.284788598025,1.4,4.95183176033715));
#13380=CARTESIAN_POINT('',(60.284788598025,0.,4.95183176033714));
#13381=CARTESIAN_POINT('Origin',(54.784788598025,0.,-7.04816823966288));
#13382=CARTESIAN_POINT('',(54.784788598025,0.,-7.04816823966288));
#13383=CARTESIAN_POINT('',(54.784788598025,0.,-7.04816823966288));
#13384=CARTESIAN_POINT('',(54.784788598025,1.4,-7.04816823966288));
#13385=CARTESIAN_POINT('',(54.784788598025,1.4,-7.04816823966288));
#13386=CARTESIAN_POINT('',(54.784788598025,0.,-7.04816823966288));
#13387=CARTESIAN_POINT('Origin',(48.284788598025,0.,4.95183176033715));
#13388=CARTESIAN_POINT('',(48.284788598025,0.,4.95183176033715));
#13389=CARTESIAN_POINT('',(48.284788598025,1.4,4.95183176033715));
#13390=CARTESIAN_POINT('Origin',(-25.20434611485,0.,48.7536635206743));
#13391=CARTESIAN_POINT('',(-25.20434611485,0.,48.7536635206743));
#13392=CARTESIAN_POINT('',(-37.20434611485,0.,48.7536635206743));
#13393=CARTESIAN_POINT('',(-37.20434611485,0.,48.7536635206743));
#13394=CARTESIAN_POINT('',(-37.20434611485,1.4,48.7536635206743));
#13395=CARTESIAN_POINT('',(-37.20434611485,0.,48.7536635206743));
#13396=CARTESIAN_POINT('',(-25.20434611485,1.4,48.7536635206743));
#13397=CARTESIAN_POINT('',(-37.20434611485,1.4,48.7536635206743));
#13398=CARTESIAN_POINT('',(-25.20434611485,0.,48.7536635206743));
#13399=CARTESIAN_POINT('Origin',(-30.70434611485,0.,36.7536635206742));
#13400=CARTESIAN_POINT('',(-30.70434611485,0.,36.7536635206742));
#13401=CARTESIAN_POINT('',(-30.70434611485,0.,36.7536635206742));
#13402=CARTESIAN_POINT('',(-30.70434611485,1.4,36.7536635206742));
#13403=CARTESIAN_POINT('',(-30.70434611485,1.4,36.7536635206742));
#13404=CARTESIAN_POINT('',(-30.70434611485,0.,36.7536635206742));
#13405=CARTESIAN_POINT('Origin',(-37.20434611485,0.,48.7536635206743));
#13406=CARTESIAN_POINT('',(-37.20434611485,0.,48.7536635206743));
#13407=CARTESIAN_POINT('',(-37.20434611485,1.4,48.7536635206743));
#13408=CARTESIAN_POINT('Origin',(52.284788598025,0.,22.1530529338952));
#13409=CARTESIAN_POINT('',(52.284788598025,0.,22.1530529338952));
#13410=CARTESIAN_POINT('',(46.284788598025,0.,34.1530529338952));
#13411=CARTESIAN_POINT('',(46.284788598025,0.,34.1530529338952));
#13412=CARTESIAN_POINT('',(46.284788598025,1.4,34.1530529338952));
#13413=CARTESIAN_POINT('',(46.284788598025,0.,34.1530529338952));
#13414=CARTESIAN_POINT('',(52.284788598025,1.4,22.1530529338952));
#13415=CARTESIAN_POINT('',(46.284788598025,1.4,34.1530529338952));
#13416=CARTESIAN_POINT('',(52.284788598025,0.,22.1530529338952));
#13417=CARTESIAN_POINT('Origin',(40.284788598025,0.,22.1530529338952));
#13418=CARTESIAN_POINT('',(40.284788598025,0.,22.1530529338952));
#13419=CARTESIAN_POINT('',(40.284788598025,0.,22.1530529338952));
#13420=CARTESIAN_POINT('',(40.284788598025,1.4,22.1530529338952));
#13421=CARTESIAN_POINT('',(40.284788598025,1.4,22.1530529338952));
#13422=CARTESIAN_POINT('',(40.284788598025,0.,22.1530529338952));
#13423=CARTESIAN_POINT('Origin',(46.284788598025,0.,34.1530529338952));
#13424=CARTESIAN_POINT('',(40.284788598025,0.,22.1530529338952));
#13425=CARTESIAN_POINT('',(40.284788598025,1.4,22.1530529338952));
#13426=CARTESIAN_POINT('Origin',(69.3826155406,0.,36.7536635206742));
#13427=CARTESIAN_POINT('',(69.3826155406,0.,36.7536635206742));
#13428=CARTESIAN_POINT('',(63.3826155406,0.,48.7536635206742));
#13429=CARTESIAN_POINT('',(63.3826155406,0.,48.7536635206742));
#13430=CARTESIAN_POINT('',(63.3826155406,1.4,48.7536635206742));
#13431=CARTESIAN_POINT('',(63.3826155406,0.,48.7536635206742));
#13432=CARTESIAN_POINT('',(69.3826155406001,1.4,36.7536635206742));
#13433=CARTESIAN_POINT('',(63.3826155406,1.4,48.7536635206742));
#13434=CARTESIAN_POINT('',(69.3826155406,0.,36.7536635206742));
#13435=CARTESIAN_POINT('Origin',(57.3826155406,0.,36.7536635206742));
#13436=CARTESIAN_POINT('',(57.3826155406,0.,36.7536635206742));
#13437=CARTESIAN_POINT('',(57.3826155406,0.,36.7536635206742));
#13438=CARTESIAN_POINT('',(57.3826155406,1.4,36.7536635206742));
#13439=CARTESIAN_POINT('',(57.3826155406,1.4,36.7536635206742));
#13440=CARTESIAN_POINT('',(57.3826155406,0.,36.7536635206742));
#13441=CARTESIAN_POINT('Origin',(63.3826155406,0.,48.7536635206742));
#13442=CARTESIAN_POINT('',(57.3826155406,0.,36.7536635206742));
#13443=CARTESIAN_POINT('',(57.3826155406,1.4,36.7536635206742));
#13444=CARTESIAN_POINT('Origin',(-16.106519172275,0.,7.55244234711616));
#13445=CARTESIAN_POINT('',(-16.106519172275,0.,7.55244234711616));
#13446=CARTESIAN_POINT('',(-22.106519172275,0.,19.5524423471162));
#13447=CARTESIAN_POINT('',(-22.106519172275,0.,19.5524423471162));
#13448=CARTESIAN_POINT('',(-22.106519172275,1.4,19.5524423471162));
#13449=CARTESIAN_POINT('',(-22.106519172275,0.,19.5524423471162));
#13450=CARTESIAN_POINT('',(-16.106519172275,1.4,7.55244234711616));
#13451=CARTESIAN_POINT('',(-22.106519172275,1.4,19.5524423471162));
#13452=CARTESIAN_POINT('',(-16.106519172275,0.,7.55244234711616));
#13453=CARTESIAN_POINT('Origin',(-28.106519172275,0.,7.55244234711615));
#13454=CARTESIAN_POINT('',(-28.106519172275,0.,7.55244234711615));
#13455=CARTESIAN_POINT('',(-28.106519172275,0.,7.55244234711615));
#13456=CARTESIAN_POINT('',(-28.106519172275,1.4,7.55244234711615));
#13457=CARTESIAN_POINT('',(-28.106519172275,1.4,7.55244234711615));
#13458=CARTESIAN_POINT('',(-28.106519172275,0.,7.55244234711615));
#13459=CARTESIAN_POINT('Origin',(-22.106519172275,0.,19.5524423471162));
#13460=CARTESIAN_POINT('',(-28.106519172275,0.,7.55244234711615));
#13461=CARTESIAN_POINT('',(-28.106519172275,1.4,7.55244234711615));
#13462=CARTESIAN_POINT('Origin',(8.99130777030005,0.,-24.2493894132209));
#13463=CARTESIAN_POINT('',(8.99130777030005,0.,-24.2493894132209));
#13464=CARTESIAN_POINT('',(-3.00869222969996,0.,-24.2493894132209));
#13465=CARTESIAN_POINT('',(-3.00869222969996,0.,-24.2493894132209));
#13466=CARTESIAN_POINT('',(-3.00869222969996,1.4,-24.2493894132209));
#13467=CARTESIAN_POINT('',(-3.00869222969996,0.,-24.2493894132209));
#13468=CARTESIAN_POINT('',(8.99130777030004,1.4,-24.2493894132209));
#13469=CARTESIAN_POINT('',(-3.00869222969996,1.4,-24.2493894132209));
#13470=CARTESIAN_POINT('',(8.99130777030005,0.,-24.2493894132209));
#13471=CARTESIAN_POINT('Origin',(3.49130777030004,0.,-36.249389413221));
#13472=CARTESIAN_POINT('',(3.49130777030004,0.,-36.249389413221));
#13473=CARTESIAN_POINT('',(3.49130777030004,0.,-36.249389413221));
#13474=CARTESIAN_POINT('',(3.49130777030004,1.4,-36.249389413221));
#13475=CARTESIAN_POINT('',(3.49130777030004,1.4,-36.249389413221));
#13476=CARTESIAN_POINT('',(3.49130777030004,0.,-36.249389413221));
#13477=CARTESIAN_POINT('Origin',(-3.00869222969996,0.,-24.2493894132209));
#13478=CARTESIAN_POINT('',(-3.00869222969996,0.,-24.2493894132209));
#13479=CARTESIAN_POINT('',(-3.00869222969996,1.4,-24.2493894132209));
#13480=CARTESIAN_POINT('Origin',(77.3826155406,0.,19.5524423471162));
#13481=CARTESIAN_POINT('',(77.3826155406,0.,19.5524423471162));
#13482=CARTESIAN_POINT('',(65.3826155406,0.,19.5524423471162));
#13483=CARTESIAN_POINT('',(65.3826155406,0.,19.5524423471162));
#13484=CARTESIAN_POINT('',(65.3826155406,1.4,19.5524423471162));
#13485=CARTESIAN_POINT('',(65.3826155406,0.,19.5524423471162));
#13486=CARTESIAN_POINT('',(77.3826155406,1.4,19.5524423471162));
#13487=CARTESIAN_POINT('',(65.3826155406,1.4,19.5524423471162));
#13488=CARTESIAN_POINT('',(77.3826155406,0.,19.5524423471162));
#13489=CARTESIAN_POINT('Origin',(71.8826155406,0.,7.55244234711616));
#13490=CARTESIAN_POINT('',(71.8826155406,0.,7.55244234711616));
#13491=CARTESIAN_POINT('',(71.8826155406,0.,7.55244234711616));
#13492=CARTESIAN_POINT('',(71.8826155406,1.4,7.55244234711616));
#13493=CARTESIAN_POINT('',(71.8826155406,1.4,7.55244234711616));
#13494=CARTESIAN_POINT('',(71.8826155406,0.,7.55244234711616));
#13495=CARTESIAN_POINT('Origin',(65.3826155406,0.,19.5524423471162));
#13496=CARTESIAN_POINT('',(65.3826155406,0.,19.5524423471162));
#13497=CARTESIAN_POINT('',(65.3826155406,1.4,19.5524423471162));
#13498=CARTESIAN_POINT('Origin',(-50.302173057425,0.,-50.85));
#13499=CARTESIAN_POINT('',(-50.302173057425,0.,-50.85));
#13500=CARTESIAN_POINT('',(-56.302173057425,0.,-38.85));
#13501=CARTESIAN_POINT('',(-56.302173057425,0.,-38.85));
#13502=CARTESIAN_POINT('',(-56.302173057425,1.4,-38.85));
#13503=CARTESIAN_POINT('',(-56.302173057425,0.,-38.85));
#13504=CARTESIAN_POINT('',(-50.302173057425,1.4,-50.85));
#13505=CARTESIAN_POINT('',(-56.302173057425,1.4,-38.85));
#13506=CARTESIAN_POINT('',(-50.302173057425,0.,-50.85));
#13507=CARTESIAN_POINT('Origin',(-62.302173057425,0.,-50.85));
#13508=CARTESIAN_POINT('',(-62.302173057425,0.,-50.85));
#13509=CARTESIAN_POINT('',(-62.302173057425,0.,-50.85));
#13510=CARTESIAN_POINT('',(-62.302173057425,1.4,-50.85));
#13511=CARTESIAN_POINT('',(-62.302173057425,1.4,-50.85));
#13512=CARTESIAN_POINT('',(-62.302173057425,0.,-50.85));
#13513=CARTESIAN_POINT('Origin',(-56.302173057425,0.,-38.85));
#13514=CARTESIAN_POINT('',(-62.302173057425,0.,-50.85));
#13515=CARTESIAN_POINT('',(-62.302173057425,1.4,-50.85));
#13516=CARTESIAN_POINT('Origin',(-67.4,0.,36.7536635206742));
#13517=CARTESIAN_POINT('',(-67.4,0.,36.7536635206742));
#13518=CARTESIAN_POINT('',(-73.4,0.,48.7536635206742));
#13519=CARTESIAN_POINT('',(-73.4,0.,48.7536635206742));
#13520=CARTESIAN_POINT('',(-73.4,1.4,48.7536635206742));
#13521=CARTESIAN_POINT('',(-73.4,0.,48.7536635206742));
#13522=CARTESIAN_POINT('',(-67.4,1.4,36.7536635206742));
#13523=CARTESIAN_POINT('',(-73.4,1.4,48.7536635206742));
#13524=CARTESIAN_POINT('',(-67.4,0.,36.7536635206742));
#13525=CARTESIAN_POINT('Origin',(-79.4,0.,36.7536635206742));
#13526=CARTESIAN_POINT('',(-79.4,0.,36.7536635206742));
#13527=CARTESIAN_POINT('',(-79.4,0.,36.7536635206742));
#13528=CARTESIAN_POINT('',(-79.4,1.4,36.7536635206742));
#13529=CARTESIAN_POINT('',(-79.4,1.4,36.7536635206742));
#13530=CARTESIAN_POINT('',(-79.4,0.,36.7536635206742));
#13531=CARTESIAN_POINT('Origin',(-73.4,0.,48.7536635206742));
#13532=CARTESIAN_POINT('',(-79.4,0.,36.7536635206742));
#13533=CARTESIAN_POINT('',(-79.4,1.4,36.7536635206742));
#13534=CARTESIAN_POINT('Origin',(-67.4,0.,-50.85));
#13535=CARTESIAN_POINT('',(-67.4,0.,-50.85));
#13536=CARTESIAN_POINT('',(-73.4,0.,-38.85));
#13537=CARTESIAN_POINT('',(-73.4,0.,-38.85));
#13538=CARTESIAN_POINT('',(-73.4,1.4,-38.85));
#13539=CARTESIAN_POINT('',(-73.4,0.,-38.85));
#13540=CARTESIAN_POINT('',(-67.4,1.4,-50.85));
#13541=CARTESIAN_POINT('',(-73.4,1.4,-38.85));
#13542=CARTESIAN_POINT('',(-67.4,0.,-50.85));
#13543=CARTESIAN_POINT('Origin',(-79.4,0.,-50.85));
#13544=CARTESIAN_POINT('',(-79.4,0.,-50.85));
#13545=CARTESIAN_POINT('',(-79.4,0.,-50.85));
#13546=CARTESIAN_POINT('',(-79.4,1.4,-50.85));
#13547=CARTESIAN_POINT('',(-79.4,1.4,-50.85));
#13548=CARTESIAN_POINT('',(-79.4,0.,-50.85));
#13549=CARTESIAN_POINT('Origin',(-73.4,0.,-38.85));
#13550=CARTESIAN_POINT('',(-79.4,0.,-50.85));
#13551=CARTESIAN_POINT('',(-79.4,1.4,-50.85));
#13552=CARTESIAN_POINT('Origin',(8.99130777030005,0.,-38.85));
#13553=CARTESIAN_POINT('',(8.99130777030005,0.,-38.85));
#13554=CARTESIAN_POINT('',(-3.00869222969996,0.,-38.85));
#13555=CARTESIAN_POINT('',(-3.00869222969996,0.,-38.85));
#13556=CARTESIAN_POINT('',(-3.00869222969996,1.4,-38.85));
#13557=CARTESIAN_POINT('',(-3.00869222969996,0.,-38.85));
#13558=CARTESIAN_POINT('',(8.99130777030004,1.4,-38.85));
#13559=CARTESIAN_POINT('',(-3.00869222969996,1.4,-38.85));
#13560=CARTESIAN_POINT('',(8.99130777030005,0.,-38.85));
#13561=CARTESIAN_POINT('Origin',(3.49130777030004,0.,-50.85));
#13562=CARTESIAN_POINT('',(3.49130777030004,0.,-50.85));
#13563=CARTESIAN_POINT('',(3.49130777030004,0.,-50.85));
#13564=CARTESIAN_POINT('',(3.49130777030004,1.4,-50.85));
#13565=CARTESIAN_POINT('',(3.49130777030004,1.4,-50.85));
#13566=CARTESIAN_POINT('',(3.49130777030004,0.,-50.85));
#13567=CARTESIAN_POINT('Origin',(-3.00869222969996,0.,-38.85));
#13568=CARTESIAN_POINT('',(-3.00869222969996,0.,-38.85));
#13569=CARTESIAN_POINT('',(-3.00869222969996,1.4,-38.85));
#13570=CARTESIAN_POINT('Origin',(-8.10651917227495,0.,19.5524423471162));
#13571=CARTESIAN_POINT('',(-8.10651917227495,0.,19.5524423471162));
#13572=CARTESIAN_POINT('',(-20.106519172275,0.,19.5524423471162));
#13573=CARTESIAN_POINT('',(-20.106519172275,0.,19.5524423471162));
#13574=CARTESIAN_POINT('',(-20.106519172275,1.4,19.5524423471162));
#13575=CARTESIAN_POINT('',(-20.106519172275,0.,19.5524423471162));
#13576=CARTESIAN_POINT('',(-8.10651917227496,1.4,19.5524423471162));
#13577=CARTESIAN_POINT('',(-20.106519172275,1.4,19.5524423471162));
#13578=CARTESIAN_POINT('',(-8.10651917227495,0.,19.5524423471162));
#13579=CARTESIAN_POINT('Origin',(-13.606519172275,0.,7.55244234711616));
#13580=CARTESIAN_POINT('',(-13.606519172275,0.,7.55244234711616));
#13581=CARTESIAN_POINT('',(-13.606519172275,0.,7.55244234711616));
#13582=CARTESIAN_POINT('',(-13.606519172275,1.4,7.55244234711616));
#13583=CARTESIAN_POINT('',(-13.606519172275,1.4,7.55244234711616));
#13584=CARTESIAN_POINT('',(-13.606519172275,0.,7.55244234711616));
#13585=CARTESIAN_POINT('Origin',(-20.106519172275,0.,19.5524423471162));
#13586=CARTESIAN_POINT('',(-20.106519172275,0.,19.5524423471162));
#13587=CARTESIAN_POINT('',(-20.106519172275,1.4,19.5524423471162));
#13588=CARTESIAN_POINT('Origin',(26.089134712875,0.,19.5524423471162));
#13589=CARTESIAN_POINT('',(26.089134712875,0.,19.5524423471162));
#13590=CARTESIAN_POINT('',(14.089134712875,0.,19.5524423471162));
#13591=CARTESIAN_POINT('',(14.089134712875,0.,19.5524423471162));
#13592=CARTESIAN_POINT('',(14.089134712875,1.4,19.5524423471162));
#13593=CARTESIAN_POINT('',(14.089134712875,0.,19.5524423471162));
#13594=CARTESIAN_POINT('',(26.089134712875,1.4,19.5524423471162));
#13595=CARTESIAN_POINT('',(14.089134712875,1.4,19.5524423471162));
#13596=CARTESIAN_POINT('',(26.089134712875,0.,19.5524423471162));
#13597=CARTESIAN_POINT('Origin',(20.589134712875,0.,7.55244234711616));
#13598=CARTESIAN_POINT('',(20.589134712875,0.,7.55244234711616));
#13599=CARTESIAN_POINT('',(20.589134712875,0.,7.55244234711616));
#13600=CARTESIAN_POINT('',(20.589134712875,1.4,7.55244234711616));
#13601=CARTESIAN_POINT('',(20.589134712875,1.4,7.55244234711616));
#13602=CARTESIAN_POINT('',(20.589134712875,0.,7.55244234711616));
#13603=CARTESIAN_POINT('Origin',(14.089134712875,0.,19.5524423471162));
#13604=CARTESIAN_POINT('',(14.089134712875,0.,19.5524423471162));
#13605=CARTESIAN_POINT('',(14.089134712875,1.4,19.5524423471162));
#13606=CARTESIAN_POINT('Origin',(26.089134712875,0.,-9.64877882644189));
#13607=CARTESIAN_POINT('',(26.089134712875,0.,-9.64877882644189));
#13608=CARTESIAN_POINT('',(14.089134712875,0.,-9.64877882644189));
#13609=CARTESIAN_POINT('',(14.089134712875,0.,-9.64877882644189));
#13610=CARTESIAN_POINT('',(14.089134712875,1.4,-9.64877882644189));
#13611=CARTESIAN_POINT('',(14.089134712875,0.,-9.64877882644189));
#13612=CARTESIAN_POINT('',(26.089134712875,1.4,-9.64877882644189));
#13613=CARTESIAN_POINT('',(14.089134712875,1.4,-9.64877882644189));
#13614=CARTESIAN_POINT('',(26.089134712875,0.,-9.64877882644189));
#13615=CARTESIAN_POINT('Origin',(20.589134712875,0.,-21.6487788264419));
#13616=CARTESIAN_POINT('',(20.589134712875,0.,-21.6487788264419));
#13617=CARTESIAN_POINT('',(20.589134712875,0.,-21.6487788264419));
#13618=CARTESIAN_POINT('',(20.589134712875,1.4,-21.6487788264419));
#13619=CARTESIAN_POINT('',(20.589134712875,1.4,-21.6487788264419));
#13620=CARTESIAN_POINT('',(20.589134712875,0.,-21.6487788264419));
#13621=CARTESIAN_POINT('Origin',(14.089134712875,0.,-9.64877882644189));
#13622=CARTESIAN_POINT('',(14.089134712875,0.,-9.64877882644189));
#13623=CARTESIAN_POINT('',(14.089134712875,1.4,-9.64877882644189));
#13624=CARTESIAN_POINT('Origin',(-8.10651917227495,0.,34.1530529338952));
#13625=CARTESIAN_POINT('',(-8.10651917227495,0.,34.1530529338952));
#13626=CARTESIAN_POINT('',(-20.106519172275,0.,34.1530529338952));
#13627=CARTESIAN_POINT('',(-20.106519172275,0.,34.1530529338952));
#13628=CARTESIAN_POINT('',(-20.106519172275,1.4,34.1530529338952));
#13629=CARTESIAN_POINT('',(-20.106519172275,0.,34.1530529338952));
#13630=CARTESIAN_POINT('',(-8.10651917227496,1.4,34.1530529338952));
#13631=CARTESIAN_POINT('',(-20.106519172275,1.4,34.1530529338952));
#13632=CARTESIAN_POINT('',(-8.10651917227495,0.,34.1530529338952));
#13633=CARTESIAN_POINT('Origin',(-13.606519172275,0.,22.1530529338952));
#13634=CARTESIAN_POINT('',(-13.606519172275,0.,22.1530529338952));
#13635=CARTESIAN_POINT('',(-13.606519172275,0.,22.1530529338952));
#13636=CARTESIAN_POINT('',(-13.606519172275,1.4,22.1530529338952));
#13637=CARTESIAN_POINT('',(-13.606519172275,1.4,22.1530529338952));
#13638=CARTESIAN_POINT('',(-13.606519172275,0.,22.1530529338952));
#13639=CARTESIAN_POINT('Origin',(-20.106519172275,0.,34.1530529338952));
#13640=CARTESIAN_POINT('',(-20.106519172275,0.,34.1530529338952));
#13641=CARTESIAN_POINT('',(-20.106519172275,1.4,34.1530529338952));
#13642=CARTESIAN_POINT('Origin',(-42.302173057425,0.,4.95183176033714));
#13643=CARTESIAN_POINT('',(-42.302173057425,0.,4.95183176033714));
#13644=CARTESIAN_POINT('',(-54.302173057425,0.,4.95183176033715));
#13645=CARTESIAN_POINT('',(-54.302173057425,0.,4.95183176033715));
#13646=CARTESIAN_POINT('',(-54.302173057425,1.4,4.95183176033715));
#13647=CARTESIAN_POINT('',(-54.302173057425,0.,4.95183176033715));
#13648=CARTESIAN_POINT('',(-42.302173057425,1.4,4.95183176033714));
#13649=CARTESIAN_POINT('',(-54.302173057425,1.4,4.95183176033715));
#13650=CARTESIAN_POINT('',(-42.302173057425,0.,4.95183176033714));
#13651=CARTESIAN_POINT('Origin',(-47.802173057425,0.,-7.04816823966288));
#13652=CARTESIAN_POINT('',(-47.802173057425,0.,-7.04816823966288));
#13653=CARTESIAN_POINT('',(-47.802173057425,0.,-7.04816823966288));
#13654=CARTESIAN_POINT('',(-47.802173057425,1.4,-7.04816823966288));
#13655=CARTESIAN_POINT('',(-47.802173057425,1.4,-7.04816823966288));
#13656=CARTESIAN_POINT('',(-47.802173057425,0.,-7.04816823966288));
#13657=CARTESIAN_POINT('Origin',(-54.302173057425,0.,4.95183176033715));
#13658=CARTESIAN_POINT('',(-54.302173057425,0.,4.95183176033715));
#13659=CARTESIAN_POINT('',(-54.302173057425,1.4,4.95183176033715));
#13660=CARTESIAN_POINT('Origin',(-33.20434611485,0.,7.55244234711616));
#13661=CARTESIAN_POINT('',(-33.20434611485,0.,7.55244234711616));
#13662=CARTESIAN_POINT('',(-39.20434611485,0.,19.5524423471162));
#13663=CARTESIAN_POINT('',(-39.20434611485,0.,19.5524423471162));
#13664=CARTESIAN_POINT('',(-39.20434611485,1.4,19.5524423471162));
#13665=CARTESIAN_POINT('',(-39.20434611485,0.,19.5524423471162));
#13666=CARTESIAN_POINT('',(-33.20434611485,1.4,7.55244234711616));
#13667=CARTESIAN_POINT('',(-39.20434611485,1.4,19.5524423471162));
#13668=CARTESIAN_POINT('',(-33.20434611485,0.,7.55244234711616));
#13669=CARTESIAN_POINT('Origin',(-45.20434611485,0.,7.55244234711615));
#13670=CARTESIAN_POINT('',(-45.20434611485,0.,7.55244234711615));
#13671=CARTESIAN_POINT('',(-45.20434611485,0.,7.55244234711615));
#13672=CARTESIAN_POINT('',(-45.20434611485,1.4,7.55244234711615));
#13673=CARTESIAN_POINT('',(-45.20434611485,1.4,7.55244234711615));
#13674=CARTESIAN_POINT('',(-45.20434611485,0.,7.55244234711615));
#13675=CARTESIAN_POINT('Origin',(-39.20434611485,0.,19.5524423471162));
#13676=CARTESIAN_POINT('',(-45.20434611485,0.,7.55244234711615));
#13677=CARTESIAN_POINT('',(-45.20434611485,1.4,7.55244234711615));
#13678=CARTESIAN_POINT('Origin',(60.284788598025,0.,19.5524423471162));
#13679=CARTESIAN_POINT('',(60.284788598025,0.,19.5524423471162));
#13680=CARTESIAN_POINT('',(48.284788598025,0.,19.5524423471162));
#13681=CARTESIAN_POINT('',(48.284788598025,0.,19.5524423471162));
#13682=CARTESIAN_POINT('',(48.2847885980251,1.4,19.5524423471162));
#13683=CARTESIAN_POINT('',(48.284788598025,0.,19.5524423471162));
#13684=CARTESIAN_POINT('',(60.284788598025,1.4,19.5524423471162));
#13685=CARTESIAN_POINT('',(48.284788598025,1.4,19.5524423471162));
#13686=CARTESIAN_POINT('',(60.284788598025,0.,19.5524423471162));
#13687=CARTESIAN_POINT('Origin',(54.784788598025,0.,7.55244234711616));
#13688=CARTESIAN_POINT('',(54.784788598025,0.,7.55244234711616));
#13689=CARTESIAN_POINT('',(54.784788598025,0.,7.55244234711616));
#13690=CARTESIAN_POINT('',(54.784788598025,1.4,7.55244234711616));
#13691=CARTESIAN_POINT('',(54.784788598025,1.4,7.55244234711616));
#13692=CARTESIAN_POINT('',(54.784788598025,0.,7.55244234711616));
#13693=CARTESIAN_POINT('Origin',(48.284788598025,0.,19.5524423471162));
#13694=CARTESIAN_POINT('',(48.284788598025,0.,19.5524423471162));
#13695=CARTESIAN_POINT('',(48.284788598025,1.4,19.5524423471162));
#13696=CARTESIAN_POINT('Origin',(43.18696165545,0.,34.1530529338952));
#13697=CARTESIAN_POINT('',(43.18696165545,0.,34.1530529338952));
#13698=CARTESIAN_POINT('',(31.18696165545,0.,34.1530529338952));
#13699=CARTESIAN_POINT('',(31.18696165545,0.,34.1530529338952));
#13700=CARTESIAN_POINT('',(31.18696165545,1.4,34.1530529338952));
#13701=CARTESIAN_POINT('',(31.18696165545,0.,34.1530529338952));
#13702=CARTESIAN_POINT('',(43.18696165545,1.4,34.1530529338952));
#13703=CARTESIAN_POINT('',(31.18696165545,1.4,34.1530529338952));
#13704=CARTESIAN_POINT('',(43.18696165545,0.,34.1530529338952));
#13705=CARTESIAN_POINT('Origin',(37.68696165545,0.,22.1530529338952));
#13706=CARTESIAN_POINT('',(37.68696165545,0.,22.1530529338952));
#13707=CARTESIAN_POINT('',(37.68696165545,0.,22.1530529338952));
#13708=CARTESIAN_POINT('',(37.68696165545,1.4,22.1530529338952));
#13709=CARTESIAN_POINT('',(37.68696165545,1.4,22.1530529338952));
#13710=CARTESIAN_POINT('',(37.68696165545,0.,22.1530529338952));
#13711=CARTESIAN_POINT('Origin',(31.18696165545,0.,34.1530529338952));
#13712=CARTESIAN_POINT('',(31.18696165545,0.,34.1530529338952));
#13713=CARTESIAN_POINT('',(31.18696165545,1.4,34.1530529338952));
#13714=CARTESIAN_POINT('Origin',(-59.4,0.,34.1530529338952));
#13715=CARTESIAN_POINT('',(-59.4,0.,34.1530529338952));
#13716=CARTESIAN_POINT('',(-71.4,0.,34.1530529338952));
#13717=CARTESIAN_POINT('',(-71.4,0.,34.1530529338952));
#13718=CARTESIAN_POINT('',(-71.4,1.4,34.1530529338952));
#13719=CARTESIAN_POINT('',(-71.4,0.,34.1530529338952));
#13720=CARTESIAN_POINT('',(-59.4,1.4,34.1530529338952));
#13721=CARTESIAN_POINT('',(-71.4,1.4,34.1530529338952));
#13722=CARTESIAN_POINT('',(-59.4,0.,34.1530529338952));
#13723=CARTESIAN_POINT('Origin',(-64.9,0.,22.1530529338952));
#13724=CARTESIAN_POINT('',(-64.9,0.,22.1530529338952));
#13725=CARTESIAN_POINT('',(-64.9,0.,22.1530529338952));
#13726=CARTESIAN_POINT('',(-64.9,1.4,22.1530529338952));
#13727=CARTESIAN_POINT('',(-64.9,1.4,22.1530529338952));
#13728=CARTESIAN_POINT('',(-64.9,0.,22.1530529338952));
#13729=CARTESIAN_POINT('Origin',(-71.4,0.,34.1530529338952));
#13730=CARTESIAN_POINT('',(-71.4,0.,34.1530529338952));
#13731=CARTESIAN_POINT('',(-71.4,1.4,34.1530529338952));
#13732=CARTESIAN_POINT('Origin',(0.991307770300041,0.,36.7536635206742));
#13733=CARTESIAN_POINT('',(0.991307770300041,0.,36.7536635206742));
#13734=CARTESIAN_POINT('',(-5.00869222969996,0.,48.7536635206742));
#13735=CARTESIAN_POINT('',(-5.00869222969996,0.,48.7536635206742));
#13736=CARTESIAN_POINT('',(-5.00869222969996,1.4,48.7536635206742));
#13737=CARTESIAN_POINT('',(-5.00869222969996,0.,48.7536635206742));
#13738=CARTESIAN_POINT('',(0.991307770300036,1.4,36.7536635206742));
#13739=CARTESIAN_POINT('',(-5.00869222969996,1.4,48.7536635206742));
#13740=CARTESIAN_POINT('',(0.991307770300041,0.,36.7536635206742));
#13741=CARTESIAN_POINT('Origin',(-11.0086922297,0.,36.7536635206742));
#13742=CARTESIAN_POINT('',(-11.0086922297,0.,36.7536635206742));
#13743=CARTESIAN_POINT('',(-11.0086922297,0.,36.7536635206742));
#13744=CARTESIAN_POINT('',(-11.0086922297,1.4,36.7536635206742));
#13745=CARTESIAN_POINT('',(-11.0086922297,1.4,36.7536635206742));
#13746=CARTESIAN_POINT('',(-11.0086922297,0.,36.7536635206742));
#13747=CARTESIAN_POINT('Origin',(-5.00869222969996,0.,48.7536635206742));
#13748=CARTESIAN_POINT('',(-11.0086922297,0.,36.7536635206742));
#13749=CARTESIAN_POINT('',(-11.0086922297,1.4,36.7536635206742));
#13750=CARTESIAN_POINT('Origin',(-59.4,0.,-24.2493894132209));
#13751=CARTESIAN_POINT('',(-59.4,0.,-24.2493894132209));
#13752=CARTESIAN_POINT('',(-71.4,0.,-24.2493894132209));
#13753=CARTESIAN_POINT('',(-71.4,0.,-24.2493894132209));
#13754=CARTESIAN_POINT('',(-71.4,1.4,-24.2493894132209));
#13755=CARTESIAN_POINT('',(-71.4,0.,-24.2493894132209));
#13756=CARTESIAN_POINT('',(-59.4,1.4,-24.2493894132209));
#13757=CARTESIAN_POINT('',(-71.4,1.4,-24.2493894132209));
#13758=CARTESIAN_POINT('',(-59.4,0.,-24.2493894132209));
#13759=CARTESIAN_POINT('Origin',(-64.9,0.,-36.249389413221));
#13760=CARTESIAN_POINT('',(-64.9,0.,-36.249389413221));
#13761=CARTESIAN_POINT('',(-64.9,0.,-36.249389413221));
#13762=CARTESIAN_POINT('',(-64.9,1.4,-36.249389413221));
#13763=CARTESIAN_POINT('',(-64.9,1.4,-36.249389413221));
#13764=CARTESIAN_POINT('',(-64.9,0.,-36.249389413221));
#13765=CARTESIAN_POINT('Origin',(-71.4,0.,-24.2493894132209));
#13766=CARTESIAN_POINT('',(-71.4,0.,-24.2493894132209));
#13767=CARTESIAN_POINT('',(-71.4,1.4,-24.2493894132209));
#13768=CARTESIAN_POINT('Origin',(-87.,0.,40.2));
#13769=CARTESIAN_POINT('',(-88.6,1.4,40.2));
#13770=CARTESIAN_POINT('Origin',(-87.,1.4,40.2));
#13771=CARTESIAN_POINT('',(-88.6,0.,40.2));
#13772=CARTESIAN_POINT('',(-88.6,0.,40.2));
#13773=CARTESIAN_POINT('Origin',(-87.,0.,40.2));
#13774=CARTESIAN_POINT('Origin',(-16.106519172275,0.,22.1530529338952));
#13775=CARTESIAN_POINT('',(-16.106519172275,0.,22.1530529338952));
#13776=CARTESIAN_POINT('',(-22.106519172275,0.,34.1530529338952));
#13777=CARTESIAN_POINT('',(-22.106519172275,0.,34.1530529338952));
#13778=CARTESIAN_POINT('',(-22.106519172275,1.4,34.1530529338952));
#13779=CARTESIAN_POINT('',(-22.106519172275,0.,34.1530529338952));
#13780=CARTESIAN_POINT('',(-16.106519172275,1.4,22.1530529338952));
#13781=CARTESIAN_POINT('',(-22.106519172275,1.4,34.1530529338952));
#13782=CARTESIAN_POINT('',(-16.106519172275,0.,22.1530529338952));
#13783=CARTESIAN_POINT('Origin',(-28.106519172275,0.,22.1530529338952));
#13784=CARTESIAN_POINT('',(-28.106519172275,0.,22.1530529338952));
#13785=CARTESIAN_POINT('',(-28.106519172275,0.,22.1530529338952));
#13786=CARTESIAN_POINT('',(-28.106519172275,1.4,22.1530529338952));
#13787=CARTESIAN_POINT('',(-28.106519172275,1.4,22.1530529338952));
#13788=CARTESIAN_POINT('',(-28.106519172275,0.,22.1530529338952));
#13789=CARTESIAN_POINT('Origin',(-22.106519172275,0.,34.1530529338952));
#13790=CARTESIAN_POINT('',(-28.106519172275,0.,22.1530529338952));
#13791=CARTESIAN_POINT('',(-28.106519172275,1.4,22.1530529338952));
#13792=CARTESIAN_POINT('Origin',(0.991307770300041,0.,-36.249389413221));
#13793=CARTESIAN_POINT('',(0.991307770300041,0.,-36.249389413221));
#13794=CARTESIAN_POINT('',(-5.00869222969996,0.,-24.249389413221));
#13795=CARTESIAN_POINT('',(-5.00869222969996,0.,-24.249389413221));
#13796=CARTESIAN_POINT('',(-5.00869222969996,1.4,-24.249389413221));
#13797=CARTESIAN_POINT('',(-5.00869222969996,0.,-24.249389413221));
#13798=CARTESIAN_POINT('',(0.991307770300036,1.4,-36.249389413221));
#13799=CARTESIAN_POINT('',(-5.00869222969996,1.4,-24.249389413221));
#13800=CARTESIAN_POINT('',(0.991307770300041,0.,-36.249389413221));
#13801=CARTESIAN_POINT('Origin',(-11.0086922297,0.,-36.249389413221));
#13802=CARTESIAN_POINT('',(-11.0086922297,0.,-36.249389413221));
#13803=CARTESIAN_POINT('',(-11.0086922297,0.,-36.249389413221));
#13804=CARTESIAN_POINT('',(-11.0086922297,1.4,-36.249389413221));
#13805=CARTESIAN_POINT('',(-11.0086922297,1.4,-36.249389413221));
#13806=CARTESIAN_POINT('',(-11.0086922297,0.,-36.249389413221));
#13807=CARTESIAN_POINT('Origin',(-5.00869222969996,0.,-24.249389413221));
#13808=CARTESIAN_POINT('',(-11.0086922297,0.,-36.249389413221));
#13809=CARTESIAN_POINT('',(-11.0086922297,1.4,-36.249389413221));
#13810=CARTESIAN_POINT('Origin',(-42.302173057425,0.,-24.2493894132209));
#13811=CARTESIAN_POINT('',(-42.302173057425,0.,-24.2493894132209));
#13812=CARTESIAN_POINT('',(-54.302173057425,0.,-24.2493894132209));
#13813=CARTESIAN_POINT('',(-54.302173057425,0.,-24.2493894132209));
#13814=CARTESIAN_POINT('',(-54.302173057425,1.4,-24.2493894132209));
#13815=CARTESIAN_POINT('',(-54.302173057425,0.,-24.2493894132209));
#13816=CARTESIAN_POINT('',(-42.302173057425,1.4,-24.2493894132209));
#13817=CARTESIAN_POINT('',(-54.302173057425,1.4,-24.2493894132209));
#13818=CARTESIAN_POINT('',(-42.302173057425,0.,-24.2493894132209));
#13819=CARTESIAN_POINT('Origin',(-47.802173057425,0.,-36.249389413221));
#13820=CARTESIAN_POINT('',(-47.802173057425,0.,-36.249389413221));
#13821=CARTESIAN_POINT('',(-47.802173057425,0.,-36.249389413221));
#13822=CARTESIAN_POINT('',(-47.802173057425,1.4,-36.249389413221));
#13823=CARTESIAN_POINT('',(-47.802173057425,1.4,-36.249389413221));
#13824=CARTESIAN_POINT('',(-47.802173057425,0.,-36.249389413221));
#13825=CARTESIAN_POINT('Origin',(-54.302173057425,0.,-24.2493894132209));
#13826=CARTESIAN_POINT('',(-54.302173057425,0.,-24.2493894132209));
#13827=CARTESIAN_POINT('',(-54.302173057425,1.4,-24.2493894132209));
#13828=CARTESIAN_POINT('Origin',(-67.4,0.,-21.6487788264419));
#13829=CARTESIAN_POINT('',(-67.4,0.,-21.6487788264419));
#13830=CARTESIAN_POINT('',(-73.4,0.,-9.64877882644192));
#13831=CARTESIAN_POINT('',(-73.4,0.,-9.64877882644192));
#13832=CARTESIAN_POINT('',(-73.4,1.4,-9.64877882644192));
#13833=CARTESIAN_POINT('',(-73.4,0.,-9.64877882644192));
#13834=CARTESIAN_POINT('',(-67.4,1.4,-21.6487788264419));
#13835=CARTESIAN_POINT('',(-73.4,1.4,-9.64877882644192));
#13836=CARTESIAN_POINT('',(-67.4,0.,-21.6487788264419));
#13837=CARTESIAN_POINT('Origin',(-79.4,0.,-21.6487788264419));
#13838=CARTESIAN_POINT('',(-79.4,0.,-21.6487788264419));
#13839=CARTESIAN_POINT('',(-79.4,0.,-21.6487788264419));
#13840=CARTESIAN_POINT('',(-79.4,1.4,-21.6487788264419));
#13841=CARTESIAN_POINT('',(-79.4,1.4,-21.6487788264419));
#13842=CARTESIAN_POINT('',(-79.4,0.,-21.6487788264419));
#13843=CARTESIAN_POINT('Origin',(-73.4,0.,-9.64877882644192));
#13844=CARTESIAN_POINT('',(-79.4,0.,-21.6487788264419));
#13845=CARTESIAN_POINT('',(-79.4,1.4,-21.6487788264419));
#13846=CARTESIAN_POINT('Origin',(18.089134712875,0.,36.7536635206742));
#13847=CARTESIAN_POINT('',(18.089134712875,0.,36.7536635206742));
#13848=CARTESIAN_POINT('',(12.089134712875,0.,48.7536635206742));
#13849=CARTESIAN_POINT('',(12.089134712875,0.,48.7536635206742));
#13850=CARTESIAN_POINT('',(12.089134712875,1.4,48.7536635206742));
#13851=CARTESIAN_POINT('',(12.089134712875,0.,48.7536635206742));
#13852=CARTESIAN_POINT('',(18.089134712875,1.4,36.7536635206742));
#13853=CARTESIAN_POINT('',(12.089134712875,1.4,48.7536635206742));
#13854=CARTESIAN_POINT('',(18.089134712875,0.,36.7536635206742));
#13855=CARTESIAN_POINT('Origin',(6.08913471287503,0.,36.7536635206742));
#13856=CARTESIAN_POINT('',(6.08913471287503,0.,36.7536635206742));
#13857=CARTESIAN_POINT('',(6.08913471287503,0.,36.7536635206742));
#13858=CARTESIAN_POINT('',(6.08913471287503,1.4,36.7536635206742));
#13859=CARTESIAN_POINT('',(6.08913471287503,1.4,36.7536635206742));
#13860=CARTESIAN_POINT('',(6.08913471287503,0.,36.7536635206742));
#13861=CARTESIAN_POINT('Origin',(12.089134712875,0.,48.7536635206742));
#13862=CARTESIAN_POINT('',(6.08913471287503,0.,36.7536635206742));
#13863=CARTESIAN_POINT('',(6.08913471287503,1.4,36.7536635206742));
#13864=CARTESIAN_POINT('Origin',(8.99130777030005,0.,34.1530529338952));
#13865=CARTESIAN_POINT('',(8.99130777030005,0.,34.1530529338952));
#13866=CARTESIAN_POINT('',(-3.00869222969996,0.,34.1530529338952));
#13867=CARTESIAN_POINT('',(-3.00869222969996,0.,34.1530529338952));
#13868=CARTESIAN_POINT('',(-3.00869222969996,1.4,34.1530529338952));
#13869=CARTESIAN_POINT('',(-3.00869222969996,0.,34.1530529338952));
#13870=CARTESIAN_POINT('',(8.99130777030004,1.4,34.1530529338952));
#13871=CARTESIAN_POINT('',(-3.00869222969996,1.4,34.1530529338952));
#13872=CARTESIAN_POINT('',(8.99130777030005,0.,34.1530529338952));
#13873=CARTESIAN_POINT('Origin',(3.49130777030004,0.,22.1530529338952));
#13874=CARTESIAN_POINT('',(3.49130777030004,0.,22.1530529338952));
#13875=CARTESIAN_POINT('',(3.49130777030004,0.,22.1530529338952));
#13876=CARTESIAN_POINT('',(3.49130777030004,1.4,22.1530529338952));
#13877=CARTESIAN_POINT('',(3.49130777030004,1.4,22.1530529338952));
#13878=CARTESIAN_POINT('',(3.49130777030004,0.,22.1530529338952));
#13879=CARTESIAN_POINT('Origin',(-3.00869222969996,0.,34.1530529338952));
#13880=CARTESIAN_POINT('',(-3.00869222969996,0.,34.1530529338952));
#13881=CARTESIAN_POINT('',(-3.00869222969996,1.4,34.1530529338952));
#13882=CARTESIAN_POINT('Origin',(-50.302173057425,0.,-21.6487788264419));
#13883=CARTESIAN_POINT('',(-50.302173057425,0.,-21.6487788264419));
#13884=CARTESIAN_POINT('',(-56.302173057425,0.,-9.64877882644192));
#13885=CARTESIAN_POINT('',(-56.302173057425,0.,-9.64877882644192));
#13886=CARTESIAN_POINT('',(-56.302173057425,1.4,-9.64877882644192));
#13887=CARTESIAN_POINT('',(-56.302173057425,0.,-9.64877882644192));
#13888=CARTESIAN_POINT('',(-50.302173057425,1.4,-21.6487788264419));
#13889=CARTESIAN_POINT('',(-56.302173057425,1.4,-9.64877882644192));
#13890=CARTESIAN_POINT('',(-50.302173057425,0.,-21.6487788264419));
#13891=CARTESIAN_POINT('Origin',(-62.302173057425,0.,-21.6487788264419));
#13892=CARTESIAN_POINT('',(-62.302173057425,0.,-21.6487788264419));
#13893=CARTESIAN_POINT('',(-62.302173057425,0.,-21.6487788264419));
#13894=CARTESIAN_POINT('',(-62.302173057425,1.4,-21.6487788264419));
#13895=CARTESIAN_POINT('',(-62.302173057425,1.4,-21.6487788264419));
#13896=CARTESIAN_POINT('',(-62.302173057425,0.,-21.6487788264419));
#13897=CARTESIAN_POINT('Origin',(-56.302173057425,0.,-9.64877882644192));
#13898=CARTESIAN_POINT('',(-62.302173057425,0.,-21.6487788264419));
#13899=CARTESIAN_POINT('',(-62.302173057425,1.4,-21.6487788264419));
#13900=CARTESIAN_POINT('Origin',(35.18696165545,0.,-50.85));
#13901=CARTESIAN_POINT('',(35.18696165545,0.,-50.85));
#13902=CARTESIAN_POINT('',(29.18696165545,0.,-38.85));
#13903=CARTESIAN_POINT('',(29.18696165545,0.,-38.85));
#13904=CARTESIAN_POINT('',(29.18696165545,1.4,-38.85));
#13905=CARTESIAN_POINT('',(29.18696165545,0.,-38.85));
#13906=CARTESIAN_POINT('',(35.18696165545,1.4,-50.85));
#13907=CARTESIAN_POINT('',(29.18696165545,1.4,-38.85));
#13908=CARTESIAN_POINT('',(35.18696165545,0.,-50.85));
#13909=CARTESIAN_POINT('Origin',(23.18696165545,0.,-50.85));
#13910=CARTESIAN_POINT('',(23.18696165545,0.,-50.85));
#13911=CARTESIAN_POINT('',(23.18696165545,0.,-50.85));
#13912=CARTESIAN_POINT('',(23.18696165545,1.4,-50.85));
#13913=CARTESIAN_POINT('',(23.18696165545,1.4,-50.85));
#13914=CARTESIAN_POINT('',(23.18696165545,0.,-50.85));
#13915=CARTESIAN_POINT('Origin',(29.18696165545,0.,-38.85));
#13916=CARTESIAN_POINT('',(23.18696165545,0.,-50.85));
#13917=CARTESIAN_POINT('',(23.18696165545,1.4,-50.85));
#13918=CARTESIAN_POINT('Origin',(-67.4,0.,7.55244234711616));
#13919=CARTESIAN_POINT('',(-67.4,0.,7.55244234711616));
#13920=CARTESIAN_POINT('',(-73.4,0.,19.5524423471162));
#13921=CARTESIAN_POINT('',(-73.4,0.,19.5524423471162));
#13922=CARTESIAN_POINT('',(-73.4,1.4,19.5524423471162));
#13923=CARTESIAN_POINT('',(-73.4,0.,19.5524423471162));
#13924=CARTESIAN_POINT('',(-67.4,1.4,7.55244234711616));
#13925=CARTESIAN_POINT('',(-73.4,1.4,19.5524423471162));
#13926=CARTESIAN_POINT('',(-67.4,0.,7.55244234711616));
#13927=CARTESIAN_POINT('Origin',(-79.4,0.,7.55244234711615));
#13928=CARTESIAN_POINT('',(-79.4,0.,7.55244234711615));
#13929=CARTESIAN_POINT('',(-79.4,0.,7.55244234711615));
#13930=CARTESIAN_POINT('',(-79.4,1.4,7.55244234711615));
#13931=CARTESIAN_POINT('',(-79.4,1.4,7.55244234711615));
#13932=CARTESIAN_POINT('',(-79.4,0.,7.55244234711615));
#13933=CARTESIAN_POINT('Origin',(-73.4,0.,19.5524423471162));
#13934=CARTESIAN_POINT('',(-79.4,0.,7.55244234711615));
#13935=CARTESIAN_POINT('',(-79.4,1.4,7.55244234711615));
#13936=CARTESIAN_POINT('Origin',(92.4,0.,54.4));
#13937=CARTESIAN_POINT('',(92.4,0.,-54.4));
#13938=CARTESIAN_POINT('',(92.4,0.,54.4));
#13939=CARTESIAN_POINT('',(92.4,0.,-54.4));
#13940=CARTESIAN_POINT('',(92.4,1.4,-54.4));
#13941=CARTESIAN_POINT('',(92.4,0.,-54.4));
#13942=CARTESIAN_POINT('',(92.4,1.4,54.4));
#13943=CARTESIAN_POINT('',(92.4,1.4,-54.4));
#13944=CARTESIAN_POINT('',(92.4,0.,54.4));
#13945=CARTESIAN_POINT('Origin',(-92.4,0.,54.4));
#13946=CARTESIAN_POINT('',(-92.4,0.,54.4));
#13947=CARTESIAN_POINT('',(92.4,0.,54.4));
#13948=CARTESIAN_POINT('',(-92.4,1.4,54.4));
#13949=CARTESIAN_POINT('',(92.4,1.4,54.4));
#13950=CARTESIAN_POINT('',(-92.4,0.,54.4));
#13951=CARTESIAN_POINT('Origin',(-92.4,0.,-54.4));
#13952=CARTESIAN_POINT('',(-92.4,0.,-54.4));
#13953=CARTESIAN_POINT('',(-92.4,0.,54.4));
#13954=CARTESIAN_POINT('',(-92.4,1.4,-54.4));
#13955=CARTESIAN_POINT('',(-92.4,1.4,54.4));
#13956=CARTESIAN_POINT('',(-92.4,0.,-54.4));
#13957=CARTESIAN_POINT('Origin',(92.4,0.,-54.4));
#13958=CARTESIAN_POINT('',(-92.4,0.,-54.4));
#13959=CARTESIAN_POINT('',(-92.4,1.4,-54.4));
#13960=CARTESIAN_POINT('Origin',(-1.77635683940025E-14,1.4,0.));
#13961=CARTESIAN_POINT('Origin',(-1.77635683940025E-14,0.,0.));
#13962=UNCERTAINTY_MEASURE_WITH_UNIT(LENGTH_MEASURE(0.01),#13966,
'DISTANCE_ACCURACY_VALUE',
'Maximum model space distance between geometric entities at asserted c
onnectivities');
#13963=UNCERTAINTY_MEASURE_WITH_UNIT(LENGTH_MEASURE(0.01),#13966,
'DISTANCE_ACCURACY_VALUE',
'Maximum model space distance between geometric entities at asserted c
onnectivities');
#13964=(
GEOMETRIC_REPRESENTATION_CONTEXT(3)
GLOBAL_UNCERTAINTY_ASSIGNED_CONTEXT((#13962))
GLOBAL_UNIT_ASSIGNED_CONTEXT((#13966,#13968,#13969))
REPRESENTATION_CONTEXT('','3D')
);
#13965=(
GEOMETRIC_REPRESENTATION_CONTEXT(3)
GLOBAL_UNCERTAINTY_ASSIGNED_CONTEXT((#13963))
GLOBAL_UNIT_ASSIGNED_CONTEXT((#13966,#13968,#13969))
REPRESENTATION_CONTEXT('','3D')
);
#13966=(
LENGTH_UNIT()
NAMED_UNIT(*)
SI_UNIT(.MILLI.,.METRE.)
);
#13967=(
LENGTH_UNIT()
NAMED_UNIT(*)
SI_UNIT($,.METRE.)
);
#13968=(
NAMED_UNIT(*)
PLANE_ANGLE_UNIT()
SI_UNIT($,.RADIAN.)
);
#13969=(
NAMED_UNIT(*)
SI_UNIT($,.STERADIAN.)
SOLID_ANGLE_UNIT()
);
#13970=SHAPE_DEFINITION_REPRESENTATION(#13971,#13972);
#13971=PRODUCT_DEFINITION_SHAPE('',$,#13974);
#13972=SHAPE_REPRESENTATION('',(#9030),#13964);
#13973=PRODUCT_DEFINITION_CONTEXT('part definition',#13978,'design');
#13974=PRODUCT_DEFINITION('WEM Enclosure Back','WEM Enclosure Back v7',
#13975,#13973);
#13975=PRODUCT_DEFINITION_FORMATION('',$,#13980);
#13976=PRODUCT_RELATED_PRODUCT_CATEGORY('WEM Enclosure Back v7',
'WEM Enclosure Back v7',(#13980));
#13977=APPLICATION_PROTOCOL_DEFINITION('international standard',
'automotive_design',2009,#13978);
#13978=APPLICATION_CONTEXT(
'Core Data for Automotive Mechanical Design Process');
#13979=PRODUCT_CONTEXT('part definition',#13978,'mechanical');
#13980=PRODUCT('WEM Enclosure Back','WEM Enclosure Back v7',$,(#13979));
#13981=PRESENTATION_STYLE_ASSIGNMENT((#13982));
#13982=SURFACE_STYLE_USAGE(.BOTH.,#13983);
#13983=SURFACE_SIDE_STYLE('',(#13984));
#13984=SURFACE_STYLE_FILL_AREA(#13985);
#13985=FILL_AREA_STYLE('Steel - Satin',(#13986));
#13986=FILL_AREA_STYLE_COLOUR('Steel - Satin',#13987);
#13987=COLOUR_RGB('Steel - Satin',0.627450980392157,0.627450980392157,0.627450980392157);
ENDSEC;
END-ISO-10303-21;
